scenario,algorithm,flow_id,subscriber_id,role,service_id,service_type,allowed_by_policy,controller_decision,policy_violation,path,path_length,rerouted,unreachable,generated_rules,explanation
normal_access,static_acl,normal_access_f001,u11,blocked,srv_db,database,False,deny,False,,0,False,False,0,статична таблиця ACL і наперед заданий маршрут
normal_access,static_acl,normal_access_f002,u04,teacher,srv_internet,internet,True,allow,False,s6 -> s3 -> s1,2,False,False,2,статична таблиця ACL і наперед заданий маршрут
normal_access,static_acl,normal_access_f003,u09,admin,srv_internet,internet,True,allow,False,s9 -> s4 -> s2 -> s1,3,False,False,3,статична таблиця ACL і наперед заданий маршрут
normal_access,static_acl,normal_access_f004,u01,student,srv_file,file,False,allow,True,s5 -> s2 -> s8,2,False,False,2,статична таблиця ACL і наперед заданий маршрут
normal_access,static_acl,normal_access_f005,u10,blocked,srv_lms,lms,False,deny,False,,0,False,False,0,статична таблиця ACL і наперед заданий маршрут
normal_access,static_acl,normal_access_f006,u09,admin,srv_file,file,True,allow,False,s9 -> s4 -> s2 -> s8,3,False,False,3,статична таблиця ACL і наперед заданий маршрут
normal_access,static_acl,normal_access_f007,u10,blocked,srv_internet,internet,False,allow,True,s5 -> s3 -> s1,2,False,False,2,статична таблиця ACL і наперед заданий маршрут
normal_access,static_acl,normal_access_f008,u03,student,srv_lms,lms,True,allow,False,s7 -> s4 -> s2 -> s8,3,False,False,3,статична таблиця ACL і наперед заданий маршрут
normal_access,static_acl,normal_access_f009,u04,teacher,srv_video,video,True,allow,False,s6 -> s3 -> s1 -> s8,3,False,False,3,статична таблиця ACL і наперед заданий маршрут
normal_access,static_acl,normal_access_f010,u07,guest,srv_file,file,False,deny,False,,0,False,False,0,статична таблиця ACL і наперед заданий маршрут
normal_access,static_acl,normal_access_f011,u01,student,srv_video,video,True,allow,False,s5 -> s2 -> s8,2,False,False,2,статична таблиця ACL і наперед заданий маршрут
normal_access,static_acl,normal_access_f012,u07,guest,srv_file,file,False,deny,False,,0,False,False,0,статична таблиця ACL і наперед заданий маршрут
normal_access,static_acl,normal_access_f013,u10,blocked,srv_video,video,False,deny,False,,0,False,False,0,статична таблиця ACL і наперед заданий маршрут
normal_access,static_acl,normal_access_f014,u02,student,srv_file,file,False,allow,True,s5 -> s2 -> s8,2,False,False,2,статична таблиця ACL і наперед заданий маршрут
normal_access,static_acl,normal_access_f015,u02,student,srv_internet,internet,True,allow,False,s5 -> s3 -> s1,2,False,False,2,статична таблиця ACL і наперед заданий маршрут
normal_access,static_acl,normal_access_f016,u08,admin,srv_db,database,True,allow,False,s9 -> s4 -> s2 -> s8,3,False,False,3,статична таблиця ACL і наперед заданий маршрут
normal_access,static_acl,normal_access_f017,u03,student,srv_internet,internet,True,allow,False,s7 -> s4 -> s2 -> s1,3,False,False,3,статична таблиця ACL і наперед заданий маршрут
normal_access,static_acl,normal_access_f018,u11,blocked,srv_admin,admin,False,deny,False,,0,False,False,0,статична таблиця ACL і наперед заданий маршрут
normal_access,static_acl,normal_access_f019,u09,admin,srv_db,database,True,allow,False,s9 -> s4 -> s2 -> s8,3,False,False,3,статична таблиця ACL і наперед заданий маршрут
normal_access,static_acl,normal_access_f020,u08,admin,srv_file,file,True,allow,False,s9 -> s4 -> s2 -> s8,3,False,False,3,статична таблиця ACL і наперед заданий маршрут
normal_access,static_acl,normal_access_f021,u11,blocked,srv_lms,lms,False,deny,False,,0,False,False,0,статична таблиця ACL і наперед заданий маршрут
normal_access,static_acl,normal_access_f022,u01,student,srv_internet,internet,True,allow,False,s5 -> s3 -> s1,2,False,False,2,статична таблиця ACL і наперед заданий маршрут
normal_access,static_acl,normal_access_f023,u07,guest,srv_internet,internet,True,allow,False,s7 -> s4 -> s2 -> s1,3,False,False,3,статична таблиця ACL і наперед заданий маршрут
normal_access,static_acl,normal_access_f024,u10,blocked,srv_video,video,False,deny,False,,0,False,False,0,статична таблиця ACL і наперед заданий маршрут
normal_access,static_acl,normal_access_f025,u08,admin,srv_file,file,True,allow,False,s9 -> s4 -> s2 -> s8,3,False,False,3,статична таблиця ACL і наперед заданий маршрут
normal_access,static_acl,normal_access_f026,u11,blocked,srv_video,video,False,deny,False,,0,False,False,0,статична таблиця ACL і наперед заданий маршрут
normal_access,static_acl,normal_access_f027,u09,admin,srv_admin,admin,True,allow,False,s9,0,False,False,0,статична таблиця ACL і наперед заданий маршрут
normal_access,static_acl,normal_access_f028,u10,blocked,srv_admin,admin,False,deny,False,,0,False,False,0,статична таблиця ACL і наперед заданий маршрут
normal_access,static_acl,normal_access_f029,u04,teacher,srv_lms,lms,True,allow,False,s6 -> s3 -> s1 -> s8,3,False,False,3,статична таблиця ACL і наперед заданий маршрут
normal_access,static_acl,normal_access_f030,u02,student,srv_internet,internet,True,allow,False,s5 -> s3 -> s1,2,False,False,2,статична таблиця ACL і наперед заданий маршрут
normal_access,static_acl,normal_access_f031,u03,student,srv_lms,lms,True,allow,False,s7 -> s4 -> s2 -> s8,3,False,False,3,статична таблиця ACL і наперед заданий маршрут
normal_access,static_acl,normal_access_f032,u07,guest,srv_internet,internet,True,allow,False,s7 -> s4 -> s2 -> s1,3,False,False,3,статична таблиця ACL і наперед заданий маршрут
normal_access,static_acl,normal_access_f033,u09,admin,srv_internet,internet,True,allow,False,s9 -> s4 -> s2 -> s1,3,False,False,3,статична таблиця ACL і наперед заданий маршрут
normal_access,static_acl,normal_access_f034,u02,student,srv_video,video,True,allow,False,s5 -> s2 -> s8,2,False,False,2,статична таблиця ACL і наперед заданий маршрут
normal_access,static_acl,normal_access_f035,u11,blocked,srv_video,video,False,deny,False,,0,False,False,0,статична таблиця ACL і наперед заданий маршрут
normal_access,static_acl,normal_access_f036,u08,admin,srv_internet,internet,True,allow,False,s9 -> s4 -> s2 -> s1,3,False,False,3,статична таблиця ACL і наперед заданий маршрут
normal_access,static_acl,normal_access_f037,u05,teacher,srv_lms,lms,True,allow,False,s6 -> s3 -> s1 -> s8,3,False,False,3,статична таблиця ACL і наперед заданий маршрут
normal_access,static_acl,normal_access_f038,u02,student,srv_lms,lms,True,allow,False,s5 -> s2 -> s8,2,False,False,2,статична таблиця ACL і наперед заданий маршрут
normal_access,static_acl,normal_access_f039,u09,admin,srv_admin,admin,True,allow,False,s9,0,False,False,0,статична таблиця ACL і наперед заданий маршрут
normal_access,static_acl,normal_access_f040,u06,guest,srv_internet,internet,True,allow,False,s7 -> s4 -> s2 -> s1,3,False,False,3,статична таблиця ACL і наперед заданий маршрут
normal_access,static_acl,normal_access_f041,u08,admin,srv_internet,internet,True,allow,False,s9 -> s4 -> s2 -> s1,3,False,False,3,статична таблиця ACL і наперед заданий маршрут
normal_access,static_acl,normal_access_f042,u06,guest,srv_internet,internet,True,allow,False,s7 -> s4 -> s2 -> s1,3,False,False,3,статична таблиця ACL і наперед заданий маршрут
normal_access,static_acl,normal_access_f043,u04,teacher,srv_internet,internet,True,allow,False,s6 -> s3 -> s1,2,False,False,2,статична таблиця ACL і наперед заданий маршрут
normal_access,static_acl,normal_access_f044,u08,admin,srv_internet,internet,True,allow,False,s9 -> s4 -> s2 -> s1,3,False,False,3,статична таблиця ACL і наперед заданий маршрут
normal_access,static_acl,normal_access_f045,u09,admin,srv_lms,lms,True,allow,False,s9 -> s4 -> s2 -> s8,3,False,False,3,статична таблиця ACL і наперед заданий маршрут
normal_access,static_acl,normal_access_f046,u08,admin,srv_admin,admin,True,allow,False,s9,0,False,False,0,статична таблиця ACL і наперед заданий маршрут
normal_access,static_acl,normal_access_f047,u09,admin,srv_admin,admin,True,allow,False,s9,0,False,False,0,статична таблиця ACL і наперед заданий маршрут
normal_access,static_acl,normal_access_f048,u04,teacher,srv_lms,lms,True,allow,False,s6 -> s3 -> s1 -> s8,3,False,False,3,статична таблиця ACL і наперед заданий маршрут
normal_access,static_acl,normal_access_f049,u07,guest,srv_internet,internet,True,allow,False,s7 -> s4 -> s2 -> s1,3,False,False,3,статична таблиця ACL і наперед заданий маршрут
normal_access,static_acl,normal_access_f050,u09,admin,srv_file,file,True,allow,False,s9 -> s4 -> s2 -> s8,3,False,False,3,статична таблиця ACL і наперед заданий маршрут
normal_access,static_acl,normal_access_f051,u04,teacher,srv_admin,admin,False,deny,False,,0,False,False,0,статична таблиця ACL і наперед заданий маршрут
normal_access,static_acl,normal_access_f052,u04,teacher,srv_internet,internet,True,allow,False,s6 -> s3 -> s1,2,False,False,2,статична таблиця ACL і наперед заданий маршрут
normal_access,static_acl,normal_access_f053,u11,blocked,srv_internet,internet,False,allow,True,s7 -> s4 -> s2 -> s1,3,False,False,3,статична таблиця ACL і наперед заданий маршрут
normal_access,static_acl,normal_access_f054,u06,guest,srv_video,video,False,deny,False,,0,False,False,0,статична таблиця ACL і наперед заданий маршрут
normal_access,static_acl,normal_access_f055,u08,admin,srv_lms,lms,True,allow,False,s9 -> s4 -> s2 -> s8,3,False,False,3,статична таблиця ACL і наперед заданий маршрут
normal_access,static_acl,normal_access_f056,u10,blocked,srv_lms,lms,False,deny,False,,0,False,False,0,статична таблиця ACL і наперед заданий маршрут
normal_access,static_acl,normal_access_f057,u07,guest,srv_internet,internet,True,allow,False,s7 -> s4 -> s2 -> s1,3,False,False,3,статична таблиця ACL і наперед заданий маршрут
normal_access,static_acl,normal_access_f058,u06,guest,srv_internet,internet,True,allow,False,s7 -> s4 -> s2 -> s1,3,False,False,3,статична таблиця ACL і наперед заданий маршрут
normal_access,static_acl,normal_access_f059,u01,student,srv_video,video,True,allow,False,s5 -> s2 -> s8,2,False,False,2,статична таблиця ACL і наперед заданий маршрут
normal_access,static_acl,normal_access_f060,u07,guest,srv_internet,internet,True,allow,False,s7 -> s4 -> s2 -> s1,3,False,False,3,статична таблиця ACL і наперед заданий маршрут
normal_access,static_acl,normal_access_f061,u04,teacher,srv_lms,lms,True,allow,False,s6 -> s3 -> s1 -> s8,3,False,False,3,статична таблиця ACL і наперед заданий маршрут
normal_access,static_acl,normal_access_f062,u05,teacher,srv_internet,internet,True,allow,False,s6 -> s3 -> s1,2,False,False,2,статична таблиця ACL і наперед заданий маршрут
normal_access,static_acl,normal_access_f063,u09,admin,srv_internet,internet,True,allow,False,s9 -> s4 -> s2 -> s1,3,False,False,3,статична таблиця ACL і наперед заданий маршрут
normal_access,static_acl,normal_access_f064,u09,admin,srv_internet,internet,True,allow,False,s9 -> s4 -> s2 -> s1,3,False,False,3,статична таблиця ACL і наперед заданий маршрут
normal_access,static_acl,normal_access_f065,u04,teacher,srv_file,file,True,allow,False,s6 -> s3 -> s1 -> s8,3,False,False,3,статична таблиця ACL і наперед заданий маршрут
normal_access,static_acl,normal_access_f066,u07,guest,srv_internet,internet,True,allow,False,s7 -> s4 -> s2 -> s1,3,False,False,3,статична таблиця ACL і наперед заданий маршрут
normal_access,static_acl,normal_access_f067,u07,guest,srv_internet,internet,True,allow,False,s7 -> s4 -> s2 -> s1,3,False,False,3,статична таблиця ACL і наперед заданий маршрут
normal_access,static_acl,normal_access_f068,u09,admin,srv_db,database,True,allow,False,s9 -> s4 -> s2 -> s8,3,False,False,3,статична таблиця ACL і наперед заданий маршрут
normal_access,static_acl,normal_access_f069,u03,student,srv_internet,internet,True,allow,False,s7 -> s4 -> s2 -> s1,3,False,False,3,статична таблиця ACL і наперед заданий маршрут
normal_access,static_acl,normal_access_f070,u10,blocked,srv_internet,internet,False,allow,True,s5 -> s3 -> s1,2,False,False,2,статична таблиця ACL і наперед заданий маршрут
normal_access,static_acl,normal_access_f071,u01,student,srv_admin,admin,False,deny,False,,0,False,False,0,статична таблиця ACL і наперед заданий маршрут
normal_access,static_acl,normal_access_f072,u09,admin,srv_lms,lms,True,allow,False,s9 -> s4 -> s2 -> s8,3,False,False,3,статична таблиця ACL і наперед заданий маршрут
normal_access,static_acl,normal_access_f073,u09,admin,srv_internet,internet,True,allow,False,s9 -> s4 -> s2 -> s1,3,False,False,3,статична таблиця ACL і наперед заданий маршрут
normal_access,static_acl,normal_access_f074,u02,student,srv_video,video,True,allow,False,s5 -> s2 -> s8,2,False,False,2,статична таблиця ACL і наперед заданий маршрут
normal_access,static_acl,normal_access_f075,u07,guest,srv_internet,internet,True,allow,False,s7 -> s4 -> s2 -> s1,3,False,False,3,статична таблиця ACL і наперед заданий маршрут
normal_access,static_acl,normal_access_f076,u01,student,srv_lms,lms,True,allow,False,s5 -> s2 -> s8,2,False,False,2,статична таблиця ACL і наперед заданий маршрут
normal_access,static_acl,normal_access_f077,u10,blocked,srv_video,video,False,deny,False,,0,False,False,0,статична таблиця ACL і наперед заданий маршрут
normal_access,static_acl,normal_access_f078,u06,guest,srv_internet,internet,True,allow,False,s7 -> s4 -> s2 -> s1,3,False,False,3,статична таблиця ACL і наперед заданий маршрут
normal_access,static_acl,normal_access_f079,u11,blocked,srv_video,video,False,deny,False,,0,False,False,0,статична таблиця ACL і наперед заданий маршрут
normal_access,static_acl,normal_access_f080,u02,student,srv_db,database,False,deny,False,,0,False,False,0,статична таблиця ACL і наперед заданий маршрут
normal_access,static_acl,normal_access_f081,u02,student,srv_file,file,False,allow,True,s5 -> s2 -> s8,2,False,False,2,статична таблиця ACL і наперед заданий маршрут
normal_access,static_acl,normal_access_f082,u03,student,srv_internet,internet,True,allow,False,s7 -> s4 -> s2 -> s1,3,False,False,3,статична таблиця ACL і наперед заданий маршрут
normal_access,static_acl,normal_access_f083,u06,guest,srv_internet,internet,True,allow,False,s7 -> s4 -> s2 -> s1,3,False,False,3,статична таблиця ACL і наперед заданий маршрут
normal_access,static_acl,normal_access_f084,u05,teacher,srv_internet,internet,True,allow,False,s6 -> s3 -> s1,2,False,False,2,статична таблиця ACL і наперед заданий маршрут
normal_access,static_acl,normal_access_f085,u09,admin,srv_video,video,True,allow,False,s9 -> s4 -> s2 -> s8,3,False,False,3,статична таблиця ACL і наперед заданий маршрут
normal_access,static_acl,normal_access_f086,u02,student,srv_internet,internet,True,allow,False,s5 -> s3 -> s1,2,False,False,2,статична таблиця ACL і наперед заданий маршрут
normal_access,static_acl,normal_access_f087,u02,student,srv_internet,internet,True,allow,False,s5 -> s3 -> s1,2,False,False,2,статична таблиця ACL і наперед заданий маршрут
normal_access,static_acl,normal_access_f088,u10,blocked,srv_video,video,False,deny,False,,0,False,False,0,статична таблиця ACL і наперед заданий маршрут
normal_access,static_acl,normal_access_f089,u11,blocked,srv_admin,admin,False,deny,False,,0,False,False,0,статична таблиця ACL і наперед заданий маршрут
normal_access,static_acl,normal_access_f090,u01,student,srv_admin,admin,False,deny,False,,0,False,False,0,статична таблиця ACL і наперед заданий маршрут
normal_access,sdn_shortest_path,normal_access_f001,u11,blocked,srv_db,database,False,allow,True,s7 -> s4 -> s2 -> s8,3,False,False,3,"SDN-контролер будує найкоротший маршрут, але не застосовує політики ролей"
normal_access,sdn_shortest_path,normal_access_f002,u04,teacher,srv_internet,internet,True,allow,False,s6 -> s3 -> s1,2,False,False,2,"SDN-контролер будує найкоротший маршрут, але не застосовує політики ролей"
normal_access,sdn_shortest_path,normal_access_f003,u09,admin,srv_internet,internet,True,allow,False,s9 -> s4 -> s2 -> s1,3,False,False,3,"SDN-контролер будує найкоротший маршрут, але не застосовує політики ролей"
normal_access,sdn_shortest_path,normal_access_f004,u01,student,srv_file,file,False,allow,True,s5 -> s2 -> s8,2,False,False,2,"SDN-контролер будує найкоротший маршрут, але не застосовує політики ролей"
normal_access,sdn_shortest_path,normal_access_f005,u10,blocked,srv_lms,lms,False,allow,True,s5 -> s2 -> s8,2,False,False,2,"SDN-контролер будує найкоротший маршрут, але не застосовує політики ролей"
normal_access,sdn_shortest_path,normal_access_f006,u09,admin,srv_file,file,True,allow,False,s9 -> s4 -> s2 -> s8,3,False,False,3,"SDN-контролер будує найкоротший маршрут, але не застосовує політики ролей"
normal_access,sdn_shortest_path,normal_access_f007,u10,blocked,srv_internet,internet,False,allow,True,s5 -> s3 -> s1,2,False,False,2,"SDN-контролер будує найкоротший маршрут, але не застосовує політики ролей"
normal_access,sdn_shortest_path,normal_access_f008,u03,student,srv_lms,lms,True,allow,False,s7 -> s4 -> s2 -> s8,3,False,False,3,"SDN-контролер будує найкоротший маршрут, але не застосовує політики ролей"
normal_access,sdn_shortest_path,normal_access_f009,u04,teacher,srv_video,video,True,allow,False,s6 -> s3 -> s1 -> s8,3,False,False,3,"SDN-контролер будує найкоротший маршрут, але не застосовує політики ролей"
normal_access,sdn_shortest_path,normal_access_f010,u07,guest,srv_file,file,False,allow,True,s7 -> s4 -> s2 -> s8,3,False,False,3,"SDN-контролер будує найкоротший маршрут, але не застосовує політики ролей"
normal_access,sdn_shortest_path,normal_access_f011,u01,student,srv_video,video,True,allow,False,s5 -> s2 -> s8,2,False,False,2,"SDN-контролер будує найкоротший маршрут, але не застосовує політики ролей"
normal_access,sdn_shortest_path,normal_access_f012,u07,guest,srv_file,file,False,allow,True,s7 -> s4 -> s2 -> s8,3,False,False,3,"SDN-контролер будує найкоротший маршрут, але не застосовує політики ролей"
normal_access,sdn_shortest_path,normal_access_f013,u10,blocked,srv_video,video,False,allow,True,s5 -> s2 -> s8,2,False,False,2,"SDN-контролер будує найкоротший маршрут, але не застосовує політики ролей"
normal_access,sdn_shortest_path,normal_access_f014,u02,student,srv_file,file,False,allow,True,s5 -> s2 -> s8,2,False,False,2,"SDN-контролер будує найкоротший маршрут, але не застосовує політики ролей"
normal_access,sdn_shortest_path,normal_access_f015,u02,student,srv_internet,internet,True,allow,False,s5 -> s3 -> s1,2,False,False,2,"SDN-контролер будує найкоротший маршрут, але не застосовує політики ролей"
normal_access,sdn_shortest_path,normal_access_f016,u08,admin,srv_db,database,True,allow,False,s9 -> s4 -> s2 -> s8,3,False,False,3,"SDN-контролер будує найкоротший маршрут, але не застосовує політики ролей"
normal_access,sdn_shortest_path,normal_access_f017,u03,student,srv_internet,internet,True,allow,False,s7 -> s4 -> s2 -> s1,3,False,False,3,"SDN-контролер будує найкоротший маршрут, але не застосовує політики ролей"
normal_access,sdn_shortest_path,normal_access_f018,u11,blocked,srv_admin,admin,False,allow,True,s7 -> s4 -> s9,2,False,False,2,"SDN-контролер будує найкоротший маршрут, але не застосовує політики ролей"
normal_access,sdn_shortest_path,normal_access_f019,u09,admin,srv_db,database,True,allow,False,s9 -> s4 -> s2 -> s8,3,False,False,3,"SDN-контролер будує найкоротший маршрут, але не застосовує політики ролей"
normal_access,sdn_shortest_path,normal_access_f020,u08,admin,srv_file,file,True,allow,False,s9 -> s4 -> s2 -> s8,3,False,False,3,"SDN-контролер будує найкоротший маршрут, але не застосовує політики ролей"
normal_access,sdn_shortest_path,normal_access_f021,u11,blocked,srv_lms,lms,False,allow,True,s7 -> s4 -> s2 -> s8,3,False,False,3,"SDN-контролер будує найкоротший маршрут, але не застосовує політики ролей"
normal_access,sdn_shortest_path,normal_access_f022,u01,student,srv_internet,internet,True,allow,False,s5 -> s3 -> s1,2,False,False,2,"SDN-контролер будує найкоротший маршрут, але не застосовує політики ролей"
normal_access,sdn_shortest_path,normal_access_f023,u07,guest,srv_internet,internet,True,allow,False,s7 -> s4 -> s2 -> s1,3,False,False,3,"SDN-контролер будує найкоротший маршрут, але не застосовує політики ролей"
normal_access,sdn_shortest_path,normal_access_f024,u10,blocked,srv_video,video,False,allow,True,s5 -> s2 -> s8,2,False,False,2,"SDN-контролер будує найкоротший маршрут, але не застосовує політики ролей"
normal_access,sdn_shortest_path,normal_access_f025,u08,admin,srv_file,file,True,allow,False,s9 -> s4 -> s2 -> s8,3,False,False,3,"SDN-контролер будує найкоротший маршрут, але не застосовує політики ролей"
normal_access,sdn_shortest_path,normal_access_f026,u11,blocked,srv_video,video,False,allow,True,s7 -> s4 -> s2 -> s8,3,False,False,3,"SDN-контролер будує найкоротший маршрут, але не застосовує політики ролей"
normal_access,sdn_shortest_path,normal_access_f027,u09,admin,srv_admin,admin,True,allow,False,s9,0,False,False,0,"SDN-контролер будує найкоротший маршрут, але не застосовує політики ролей"
normal_access,sdn_shortest_path,normal_access_f028,u10,blocked,srv_admin,admin,False,allow,True,s5 -> s3 -> s4 -> s9,3,False,False,3,"SDN-контролер будує найкоротший маршрут, але не застосовує політики ролей"
normal_access,sdn_shortest_path,normal_access_f029,u04,teacher,srv_lms,lms,True,allow,False,s6 -> s3 -> s1 -> s8,3,False,False,3,"SDN-контролер будує найкоротший маршрут, але не застосовує політики ролей"
normal_access,sdn_shortest_path,normal_access_f030,u02,student,srv_internet,internet,True,allow,False,s5 -> s3 -> s1,2,False,False,2,"SDN-контролер будує найкоротший маршрут, але не застосовує політики ролей"
normal_access,sdn_shortest_path,normal_access_f031,u03,student,srv_lms,lms,True,allow,False,s7 -> s4 -> s2 -> s8,3,False,False,3,"SDN-контролер будує найкоротший маршрут, але не застосовує політики ролей"
normal_access,sdn_shortest_path,normal_access_f032,u07,guest,srv_internet,internet,True,allow,False,s7 -> s4 -> s2 -> s1,3,False,False,3,"SDN-контролер будує найкоротший маршрут, але не застосовує політики ролей"
normal_access,sdn_shortest_path,normal_access_f033,u09,admin,srv_internet,internet,True,allow,False,s9 -> s4 -> s2 -> s1,3,False,False,3,"SDN-контролер будує найкоротший маршрут, але не застосовує політики ролей"
normal_access,sdn_shortest_path,normal_access_f034,u02,student,srv_video,video,True,allow,False,s5 -> s2 -> s8,2,False,False,2,"SDN-контролер будує найкоротший маршрут, але не застосовує політики ролей"
normal_access,sdn_shortest_path,normal_access_f035,u11,blocked,srv_video,video,False,allow,True,s7 -> s4 -> s2 -> s8,3,False,False,3,"SDN-контролер будує найкоротший маршрут, але не застосовує політики ролей"
normal_access,sdn_shortest_path,normal_access_f036,u08,admin,srv_internet,internet,True,allow,False,s9 -> s4 -> s2 -> s1,3,False,False,3,"SDN-контролер будує найкоротший маршрут, але не застосовує політики ролей"
normal_access,sdn_shortest_path,normal_access_f037,u05,teacher,srv_lms,lms,True,allow,False,s6 -> s3 -> s1 -> s8,3,False,False,3,"SDN-контролер будує найкоротший маршрут, але не застосовує політики ролей"
normal_access,sdn_shortest_path,normal_access_f038,u02,student,srv_lms,lms,True,allow,False,s5 -> s2 -> s8,2,False,False,2,"SDN-контролер будує найкоротший маршрут, але не застосовує політики ролей"
normal_access,sdn_shortest_path,normal_access_f039,u09,admin,srv_admin,admin,True,allow,False,s9,0,False,False,0,"SDN-контролер будує найкоротший маршрут, але не застосовує політики ролей"
normal_access,sdn_shortest_path,normal_access_f040,u06,guest,srv_internet,internet,True,allow,False,s7 -> s4 -> s2 -> s1,3,False,False,3,"SDN-контролер будує найкоротший маршрут, але не застосовує політики ролей"
normal_access,sdn_shortest_path,normal_access_f041,u08,admin,srv_internet,internet,True,allow,False,s9 -> s4 -> s2 -> s1,3,False,False,3,"SDN-контролер будує найкоротший маршрут, але не застосовує політики ролей"
normal_access,sdn_shortest_path,normal_access_f042,u06,guest,srv_internet,internet,True,allow,False,s7 -> s4 -> s2 -> s1,3,False,False,3,"SDN-контролер будує найкоротший маршрут, але не застосовує політики ролей"
normal_access,sdn_shortest_path,normal_access_f043,u04,teacher,srv_internet,internet,True,allow,False,s6 -> s3 -> s1,2,False,False,2,"SDN-контролер будує найкоротший маршрут, але не застосовує політики ролей"
normal_access,sdn_shortest_path,normal_access_f044,u08,admin,srv_internet,internet,True,allow,False,s9 -> s4 -> s2 -> s1,3,False,False,3,"SDN-контролер будує найкоротший маршрут, але не застосовує політики ролей"
normal_access,sdn_shortest_path,normal_access_f045,u09,admin,srv_lms,lms,True,allow,False,s9 -> s4 -> s2 -> s8,3,False,False,3,"SDN-контролер будує найкоротший маршрут, але не застосовує політики ролей"
normal_access,sdn_shortest_path,normal_access_f046,u08,admin,srv_admin,admin,True,allow,False,s9,0,False,False,0,"SDN-контролер будує найкоротший маршрут, але не застосовує політики ролей"
normal_access,sdn_shortest_path,normal_access_f047,u09,admin,srv_admin,admin,True,allow,False,s9,0,False,False,0,"SDN-контролер будує найкоротший маршрут, але не застосовує політики ролей"
normal_access,sdn_shortest_path,normal_access_f048,u04,teacher,srv_lms,lms,True,allow,False,s6 -> s3 -> s1 -> s8,3,False,False,3,"SDN-контролер будує найкоротший маршрут, але не застосовує політики ролей"
normal_access,sdn_shortest_path,normal_access_f049,u07,guest,srv_internet,internet,True,allow,False,s7 -> s4 -> s2 -> s1,3,False,False,3,"SDN-контролер будує найкоротший маршрут, але не застосовує політики ролей"
normal_access,sdn_shortest_path,normal_access_f050,u09,admin,srv_file,file,True,allow,False,s9 -> s4 -> s2 -> s8,3,False,False,3,"SDN-контролер будує найкоротший маршрут, але не застосовує політики ролей"
normal_access,sdn_shortest_path,normal_access_f051,u04,teacher,srv_admin,admin,False,allow,True,s6 -> s9,1,False,False,1,"SDN-контролер будує найкоротший маршрут, але не застосовує політики ролей"
normal_access,sdn_shortest_path,normal_access_f052,u04,teacher,srv_internet,internet,True,allow,False,s6 -> s3 -> s1,2,False,False,2,"SDN-контролер будує найкоротший маршрут, але не застосовує політики ролей"
normal_access,sdn_shortest_path,normal_access_f053,u11,blocked,srv_internet,internet,False,allow,True,s7 -> s4 -> s2 -> s1,3,False,False,3,"SDN-контролер будує найкоротший маршрут, але не застосовує політики ролей"
normal_access,sdn_shortest_path,normal_access_f054,u06,guest,srv_video,video,False,allow,True,s7 -> s4 -> s2 -> s8,3,False,False,3,"SDN-контролер будує найкоротший маршрут, але не застосовує політики ролей"
normal_access,sdn_shortest_path,normal_access_f055,u08,admin,srv_lms,lms,True,allow,False,s9 -> s4 -> s2 -> s8,3,False,False,3,"SDN-контролер будує найкоротший маршрут, але не застосовує політики ролей"
normal_access,sdn_shortest_path,normal_access_f056,u10,blocked,srv_lms,lms,False,allow,True,s5 -> s2 -> s8,2,False,False,2,"SDN-контролер будує найкоротший маршрут, але не застосовує політики ролей"
normal_access,sdn_shortest_path,normal_access_f057,u07,guest,srv_internet,internet,True,allow,False,s7 -> s4 -> s2 -> s1,3,False,False,3,"SDN-контролер будує найкоротший маршрут, але не застосовує політики ролей"
normal_access,sdn_shortest_path,normal_access_f058,u06,guest,srv_internet,internet,True,allow,False,s7 -> s4 -> s2 -> s1,3,False,False,3,"SDN-контролер будує найкоротший маршрут, але не застосовує політики ролей"
normal_access,sdn_shortest_path,normal_access_f059,u01,student,srv_video,video,True,allow,False,s5 -> s2 -> s8,2,False,False,2,"SDN-контролер будує найкоротший маршрут, але не застосовує політики ролей"
normal_access,sdn_shortest_path,normal_access_f060,u07,guest,srv_internet,internet,True,allow,False,s7 -> s4 -> s2 -> s1,3,False,False,3,"SDN-контролер будує найкоротший маршрут, але не застосовує політики ролей"
normal_access,sdn_shortest_path,normal_access_f061,u04,teacher,srv_lms,lms,True,allow,False,s6 -> s3 -> s1 -> s8,3,False,False,3,"SDN-контролер будує найкоротший маршрут, але не застосовує політики ролей"
normal_access,sdn_shortest_path,normal_access_f062,u05,teacher,srv_internet,internet,True,allow,False,s6 -> s3 -> s1,2,False,False,2,"SDN-контролер будує найкоротший маршрут, але не застосовує політики ролей"
normal_access,sdn_shortest_path,normal_access_f063,u09,admin,srv_internet,internet,True,allow,False,s9 -> s4 -> s2 -> s1,3,False,False,3,"SDN-контролер будує найкоротший маршрут, але не застосовує політики ролей"
normal_access,sdn_shortest_path,normal_access_f064,u09,admin,srv_internet,internet,True,allow,False,s9 -> s4 -> s2 -> s1,3,False,False,3,"SDN-контролер будує найкоротший маршрут, але не застосовує політики ролей"
normal_access,sdn_shortest_path,normal_access_f065,u04,teacher,srv_file,file,True,allow,False,s6 -> s3 -> s1 -> s8,3,False,False,3,"SDN-контролер будує найкоротший маршрут, але не застосовує політики ролей"
normal_access,sdn_shortest_path,normal_access_f066,u07,guest,srv_internet,internet,True,allow,False,s7 -> s4 -> s2 -> s1,3,False,False,3,"SDN-контролер будує найкоротший маршрут, але не застосовує політики ролей"
normal_access,sdn_shortest_path,normal_access_f067,u07,guest,srv_internet,internet,True,allow,False,s7 -> s4 -> s2 -> s1,3,False,False,3,"SDN-контролер будує найкоротший маршрут, але не застосовує політики ролей"
normal_access,sdn_shortest_path,normal_access_f068,u09,admin,srv_db,database,True,allow,False,s9 -> s4 -> s2 -> s8,3,False,False,3,"SDN-контролер будує найкоротший маршрут, але не застосовує політики ролей"
normal_access,sdn_shortest_path,normal_access_f069,u03,student,srv_internet,internet,True,allow,False,s7 -> s4 -> s2 -> s1,3,False,False,3,"SDN-контролер будує найкоротший маршрут, але не застосовує політики ролей"
normal_access,sdn_shortest_path,normal_access_f070,u10,blocked,srv_internet,internet,False,allow,True,s5 -> s3 -> s1,2,False,False,2,"SDN-контролер будує найкоротший маршрут, але не застосовує політики ролей"
normal_access,sdn_shortest_path,normal_access_f071,u01,student,srv_admin,admin,False,allow,True,s5 -> s3 -> s4 -> s9,3,False,False,3,"SDN-контролер будує найкоротший маршрут, але не застосовує політики ролей"
normal_access,sdn_shortest_path,normal_access_f072,u09,admin,srv_lms,lms,True,allow,False,s9 -> s4 -> s2 -> s8,3,False,False,3,"SDN-контролер будує найкоротший маршрут, але не застосовує політики ролей"
normal_access,sdn_shortest_path,normal_access_f073,u09,admin,srv_internet,internet,True,allow,False,s9 -> s4 -> s2 -> s1,3,False,False,3,"SDN-контролер будує найкоротший маршрут, але не застосовує політики ролей"
normal_access,sdn_shortest_path,normal_access_f074,u02,student,srv_video,video,True,allow,False,s5 -> s2 -> s8,2,False,False,2,"SDN-контролер будує найкоротший маршрут, але не застосовує політики ролей"
normal_access,sdn_shortest_path,normal_access_f075,u07,guest,srv_internet,internet,True,allow,False,s7 -> s4 -> s2 -> s1,3,False,False,3,"SDN-контролер будує найкоротший маршрут, але не застосовує політики ролей"
normal_access,sdn_shortest_path,normal_access_f076,u01,student,srv_lms,lms,True,allow,False,s5 -> s2 -> s8,2,False,False,2,"SDN-контролер будує найкоротший маршрут, але не застосовує політики ролей"
normal_access,sdn_shortest_path,normal_access_f077,u10,blocked,srv_video,video,False,allow,True,s5 -> s2 -> s8,2,False,False,2,"SDN-контролер будує найкоротший маршрут, але не застосовує політики ролей"
normal_access,sdn_shortest_path,normal_access_f078,u06,guest,srv_internet,internet,True,allow,False,s7 -> s4 -> s2 -> s1,3,False,False,3,"SDN-контролер будує найкоротший маршрут, але не застосовує політики ролей"
normal_access,sdn_shortest_path,normal_access_f079,u11,blocked,srv_video,video,False,allow,True,s7 -> s4 -> s2 -> s8,3,False,False,3,"SDN-контролер будує найкоротший маршрут, але не застосовує політики ролей"
normal_access,sdn_shortest_path,normal_access_f080,u02,student,srv_db,database,False,allow,True,s5 -> s2 -> s8,2,False,False,2,"SDN-контролер будує найкоротший маршрут, але не застосовує політики ролей"
normal_access,sdn_shortest_path,normal_access_f081,u02,student,srv_file,file,False,allow,True,s5 -> s2 -> s8,2,False,False,2,"SDN-контролер будує найкоротший маршрут, але не застосовує політики ролей"
normal_access,sdn_shortest_path,normal_access_f082,u03,student,srv_internet,internet,True,allow,False,s7 -> s4 -> s2 -> s1,3,False,False,3,"SDN-контролер будує найкоротший маршрут, але не застосовує політики ролей"
normal_access,sdn_shortest_path,normal_access_f083,u06,guest,srv_internet,internet,True,allow,False,s7 -> s4 -> s2 -> s1,3,False,False,3,"SDN-контролер будує найкоротший маршрут, але не застосовує політики ролей"
normal_access,sdn_shortest_path,normal_access_f084,u05,teacher,srv_internet,internet,True,allow,False,s6 -> s3 -> s1,2,False,False,2,"SDN-контролер будує найкоротший маршрут, але не застосовує політики ролей"
normal_access,sdn_shortest_path,normal_access_f085,u09,admin,srv_video,video,True,allow,False,s9 -> s4 -> s2 -> s8,3,False,False,3,"SDN-контролер будує найкоротший маршрут, але не застосовує політики ролей"
normal_access,sdn_shortest_path,normal_access_f086,u02,student,srv_internet,internet,True,allow,False,s5 -> s3 -> s1,2,False,False,2,"SDN-контролер будує найкоротший маршрут, але не застосовує політики ролей"
normal_access,sdn_shortest_path,normal_access_f087,u02,student,srv_internet,internet,True,allow,False,s5 -> s3 -> s1,2,False,False,2,"SDN-контролер будує найкоротший маршрут, але не застосовує політики ролей"
normal_access,sdn_shortest_path,normal_access_f088,u10,blocked,srv_video,video,False,allow,True,s5 -> s2 -> s8,2,False,False,2,"SDN-контролер будує найкоротший маршрут, але не застосовує політики ролей"
normal_access,sdn_shortest_path,normal_access_f089,u11,blocked,srv_admin,admin,False,allow,True,s7 -> s4 -> s9,2,False,False,2,"SDN-контролер будує найкоротший маршрут, але не застосовує політики ролей"
normal_access,sdn_shortest_path,normal_access_f090,u01,student,srv_admin,admin,False,allow,True,s5 -> s3 -> s4 -> s9,3,False,False,3,"SDN-контролер будує найкоротший маршрут, але не застосовує політики ролей"
normal_access,sdn_policy,normal_access_f001,u11,blocked,srv_db,database,False,deny,False,,0,False,False,0,доступ заборонено політикою RBAC: роль blocked -> сервіс database
normal_access,sdn_policy,normal_access_f002,u04,teacher,srv_internet,internet,True,allow,False,s6 -> s3 -> s1,2,False,False,2,перевірка політики доступу та встановлення маршруту без резервного обходу
normal_access,sdn_policy,normal_access_f003,u09,admin,srv_internet,internet,True,allow,False,s9 -> s4 -> s2 -> s1,3,False,False,3,перевірка політики доступу та встановлення маршруту без резервного обходу
normal_access,sdn_policy,normal_access_f004,u01,student,srv_file,file,False,deny,False,,0,False,False,0,доступ заборонено політикою RBAC: роль student -> сервіс file
normal_access,sdn_policy,normal_access_f005,u10,blocked,srv_lms,lms,False,deny,False,,0,False,False,0,доступ заборонено політикою RBAC: роль blocked -> сервіс lms
normal_access,sdn_policy,normal_access_f006,u09,admin,srv_file,file,True,allow,False,s9 -> s4 -> s2 -> s8,3,False,False,3,перевірка політики доступу та встановлення маршруту без резервного обходу
normal_access,sdn_policy,normal_access_f007,u10,blocked,srv_internet,internet,False,deny,False,,0,False,False,0,доступ заборонено політикою RBAC: роль blocked -> сервіс internet
normal_access,sdn_policy,normal_access_f008,u03,student,srv_lms,lms,True,allow,False,s7 -> s4 -> s2 -> s8,3,False,False,3,перевірка політики доступу та встановлення маршруту без резервного обходу
normal_access,sdn_policy,normal_access_f009,u04,teacher,srv_video,video,True,allow,False,s6 -> s3 -> s1 -> s8,3,False,False,3,перевірка політики доступу та встановлення маршруту без резервного обходу
normal_access,sdn_policy,normal_access_f010,u07,guest,srv_file,file,False,deny,False,,0,False,False,0,доступ заборонено політикою RBAC: роль guest -> сервіс file
normal_access,sdn_policy,normal_access_f011,u01,student,srv_video,video,True,allow,False,s5 -> s2 -> s8,2,False,False,2,перевірка політики доступу та встановлення маршруту без резервного обходу
normal_access,sdn_policy,normal_access_f012,u07,guest,srv_file,file,False,deny,False,,0,False,False,0,доступ заборонено політикою RBAC: роль guest -> сервіс file
normal_access,sdn_policy,normal_access_f013,u10,blocked,srv_video,video,False,deny,False,,0,False,False,0,доступ заборонено політикою RBAC: роль blocked -> сервіс video
normal_access,sdn_policy,normal_access_f014,u02,student,srv_file,file,False,deny,False,,0,False,False,0,доступ заборонено політикою RBAC: роль student -> сервіс file
normal_access,sdn_policy,normal_access_f015,u02,student,srv_internet,internet,True,allow,False,s5 -> s3 -> s1,2,False,False,2,перевірка політики доступу та встановлення маршруту без резервного обходу
normal_access,sdn_policy,normal_access_f016,u08,admin,srv_db,database,True,allow,False,s9 -> s4 -> s2 -> s8,3,False,False,3,перевірка політики доступу та встановлення маршруту без резервного обходу
normal_access,sdn_policy,normal_access_f017,u03,student,srv_internet,internet,True,allow,False,s7 -> s4 -> s2 -> s1,3,False,False,3,перевірка політики доступу та встановлення маршруту без резервного обходу
normal_access,sdn_policy,normal_access_f018,u11,blocked,srv_admin,admin,False,deny,False,,0,False,False,0,доступ заборонено політикою RBAC: роль blocked -> сервіс admin
normal_access,sdn_policy,normal_access_f019,u09,admin,srv_db,database,True,allow,False,s9 -> s4 -> s2 -> s8,3,False,False,3,перевірка політики доступу та встановлення маршруту без резервного обходу
normal_access,sdn_policy,normal_access_f020,u08,admin,srv_file,file,True,allow,False,s9 -> s4 -> s2 -> s8,3,False,False,3,перевірка політики доступу та встановлення маршруту без резервного обходу
normal_access,sdn_policy,normal_access_f021,u11,blocked,srv_lms,lms,False,deny,False,,0,False,False,0,доступ заборонено політикою RBAC: роль blocked -> сервіс lms
normal_access,sdn_policy,normal_access_f022,u01,student,srv_internet,internet,True,allow,False,s5 -> s3 -> s1,2,False,False,2,перевірка політики доступу та встановлення маршруту без резервного обходу
normal_access,sdn_policy,normal_access_f023,u07,guest,srv_internet,internet,True,allow,False,s7 -> s4 -> s2 -> s1,3,False,False,3,перевірка політики доступу та встановлення маршруту без резервного обходу
normal_access,sdn_policy,normal_access_f024,u10,blocked,srv_video,video,False,deny,False,,0,False,False,0,доступ заборонено політикою RBAC: роль blocked -> сервіс video
normal_access,sdn_policy,normal_access_f025,u08,admin,srv_file,file,True,allow,False,s9 -> s4 -> s2 -> s8,3,False,False,3,перевірка політики доступу та встановлення маршруту без резервного обходу
normal_access,sdn_policy,normal_access_f026,u11,blocked,srv_video,video,False,deny,False,,0,False,False,0,доступ заборонено політикою RBAC: роль blocked -> сервіс video
normal_access,sdn_policy,normal_access_f027,u09,admin,srv_admin,admin,True,allow,False,s9,0,False,False,0,перевірка політики доступу та встановлення маршруту без резервного обходу
normal_access,sdn_policy,normal_access_f028,u10,blocked,srv_admin,admin,False,deny,False,,0,False,False,0,доступ заборонено політикою RBAC: роль blocked -> сервіс admin
normal_access,sdn_policy,normal_access_f029,u04,teacher,srv_lms,lms,True,allow,False,s6 -> s3 -> s1 -> s8,3,False,False,3,перевірка політики доступу та встановлення маршруту без резервного обходу
normal_access,sdn_policy,normal_access_f030,u02,student,srv_internet,internet,True,allow,False,s5 -> s3 -> s1,2,False,False,2,перевірка політики доступу та встановлення маршруту без резервного обходу
normal_access,sdn_policy,normal_access_f031,u03,student,srv_lms,lms,True,allow,False,s7 -> s4 -> s2 -> s8,3,False,False,3,перевірка політики доступу та встановлення маршруту без резервного обходу
normal_access,sdn_policy,normal_access_f032,u07,guest,srv_internet,internet,True,allow,False,s7 -> s4 -> s2 -> s1,3,False,False,3,перевірка політики доступу та встановлення маршруту без резервного обходу
normal_access,sdn_policy,normal_access_f033,u09,admin,srv_internet,internet,True,allow,False,s9 -> s4 -> s2 -> s1,3,False,False,3,перевірка політики доступу та встановлення маршруту без резервного обходу
normal_access,sdn_policy,normal_access_f034,u02,student,srv_video,video,True,allow,False,s5 -> s2 -> s8,2,False,False,2,перевірка політики доступу та встановлення маршруту без резервного обходу
normal_access,sdn_policy,normal_access_f035,u11,blocked,srv_video,video,False,deny,False,,0,False,False,0,доступ заборонено політикою RBAC: роль blocked -> сервіс video
normal_access,sdn_policy,normal_access_f036,u08,admin,srv_internet,internet,True,allow,False,s9 -> s4 -> s2 -> s1,3,False,False,3,перевірка політики доступу та встановлення маршруту без резервного обходу
normal_access,sdn_policy,normal_access_f037,u05,teacher,srv_lms,lms,True,allow,False,s6 -> s3 -> s1 -> s8,3,False,False,3,перевірка політики доступу та встановлення маршруту без резервного обходу
normal_access,sdn_policy,normal_access_f038,u02,student,srv_lms,lms,True,allow,False,s5 -> s2 -> s8,2,False,False,2,перевірка політики доступу та встановлення маршруту без резервного обходу
normal_access,sdn_policy,normal_access_f039,u09,admin,srv_admin,admin,True,allow,False,s9,0,False,False,0,перевірка політики доступу та встановлення маршруту без резервного обходу
normal_access,sdn_policy,normal_access_f040,u06,guest,srv_internet,internet,True,allow,False,s7 -> s4 -> s2 -> s1,3,False,False,3,перевірка політики доступу та встановлення маршруту без резервного обходу
normal_access,sdn_policy,normal_access_f041,u08,admin,srv_internet,internet,True,allow,False,s9 -> s4 -> s2 -> s1,3,False,False,3,перевірка політики доступу та встановлення маршруту без резервного обходу
normal_access,sdn_policy,normal_access_f042,u06,guest,srv_internet,internet,True,allow,False,s7 -> s4 -> s2 -> s1,3,False,False,3,перевірка політики доступу та встановлення маршруту без резервного обходу
normal_access,sdn_policy,normal_access_f043,u04,teacher,srv_internet,internet,True,allow,False,s6 -> s3 -> s1,2,False,False,2,перевірка політики доступу та встановлення маршруту без резервного обходу
normal_access,sdn_policy,normal_access_f044,u08,admin,srv_internet,internet,True,allow,False,s9 -> s4 -> s2 -> s1,3,False,False,3,перевірка політики доступу та встановлення маршруту без резервного обходу
normal_access,sdn_policy,normal_access_f045,u09,admin,srv_lms,lms,True,allow,False,s9 -> s4 -> s2 -> s8,3,False,False,3,перевірка політики доступу та встановлення маршруту без резервного обходу
normal_access,sdn_policy,normal_access_f046,u08,admin,srv_admin,admin,True,allow,False,s9,0,False,False,0,перевірка політики доступу та встановлення маршруту без резервного обходу
normal_access,sdn_policy,normal_access_f047,u09,admin,srv_admin,admin,True,allow,False,s9,0,False,False,0,перевірка політики доступу та встановлення маршруту без резервного обходу
normal_access,sdn_policy,normal_access_f048,u04,teacher,srv_lms,lms,True,allow,False,s6 -> s3 -> s1 -> s8,3,False,False,3,перевірка політики доступу та встановлення маршруту без резервного обходу
normal_access,sdn_policy,normal_access_f049,u07,guest,srv_internet,internet,True,allow,False,s7 -> s4 -> s2 -> s1,3,False,False,3,перевірка політики доступу та встановлення маршруту без резервного обходу
normal_access,sdn_policy,normal_access_f050,u09,admin,srv_file,file,True,allow,False,s9 -> s4 -> s2 -> s8,3,False,False,3,перевірка політики доступу та встановлення маршруту без резервного обходу
normal_access,sdn_policy,normal_access_f051,u04,teacher,srv_admin,admin,False,deny,False,,0,False,False,0,доступ заборонено політикою RBAC: роль teacher -> сервіс admin
normal_access,sdn_policy,normal_access_f052,u04,teacher,srv_internet,internet,True,allow,False,s6 -> s3 -> s1,2,False,False,2,перевірка політики доступу та встановлення маршруту без резервного обходу
normal_access,sdn_policy,normal_access_f053,u11,blocked,srv_internet,internet,False,deny,False,,0,False,False,0,доступ заборонено політикою RBAC: роль blocked -> сервіс internet
normal_access,sdn_policy,normal_access_f054,u06,guest,srv_video,video,False,deny,False,,0,False,False,0,доступ заборонено політикою RBAC: роль guest -> сервіс video
normal_access,sdn_policy,normal_access_f055,u08,admin,srv_lms,lms,True,allow,False,s9 -> s4 -> s2 -> s8,3,False,False,3,перевірка політики доступу та встановлення маршруту без резервного обходу
normal_access,sdn_policy,normal_access_f056,u10,blocked,srv_lms,lms,False,deny,False,,0,False,False,0,доступ заборонено політикою RBAC: роль blocked -> сервіс lms
normal_access,sdn_policy,normal_access_f057,u07,guest,srv_internet,internet,True,allow,False,s7 -> s4 -> s2 -> s1,3,False,False,3,перевірка політики доступу та встановлення маршруту без резервного обходу
normal_access,sdn_policy,normal_access_f058,u06,guest,srv_internet,internet,True,allow,False,s7 -> s4 -> s2 -> s1,3,False,False,3,перевірка політики доступу та встановлення маршруту без резервного обходу
normal_access,sdn_policy,normal_access_f059,u01,student,srv_video,video,True,allow,False,s5 -> s2 -> s8,2,False,False,2,перевірка політики доступу та встановлення маршруту без резервного обходу
normal_access,sdn_policy,normal_access_f060,u07,guest,srv_internet,internet,True,allow,False,s7 -> s4 -> s2 -> s1,3,False,False,3,перевірка політики доступу та встановлення маршруту без резервного обходу
normal_access,sdn_policy,normal_access_f061,u04,teacher,srv_lms,lms,True,allow,False,s6 -> s3 -> s1 -> s8,3,False,False,3,перевірка політики доступу та встановлення маршруту без резервного обходу
normal_access,sdn_policy,normal_access_f062,u05,teacher,srv_internet,internet,True,allow,False,s6 -> s3 -> s1,2,False,False,2,перевірка політики доступу та встановлення маршруту без резервного обходу
normal_access,sdn_policy,normal_access_f063,u09,admin,srv_internet,internet,True,allow,False,s9 -> s4 -> s2 -> s1,3,False,False,3,перевірка політики доступу та встановлення маршруту без резервного обходу
normal_access,sdn_policy,normal_access_f064,u09,admin,srv_internet,internet,True,allow,False,s9 -> s4 -> s2 -> s1,3,False,False,3,перевірка політики доступу та встановлення маршруту без резервного обходу
normal_access,sdn_policy,normal_access_f065,u04,teacher,srv_file,file,True,allow,False,s6 -> s3 -> s1 -> s8,3,False,False,3,перевірка політики доступу та встановлення маршруту без резервного обходу
normal_access,sdn_policy,normal_access_f066,u07,guest,srv_internet,internet,True,allow,False,s7 -> s4 -> s2 -> s1,3,False,False,3,перевірка політики доступу та встановлення маршруту без резервного обходу
normal_access,sdn_policy,normal_access_f067,u07,guest,srv_internet,internet,True,allow,False,s7 -> s4 -> s2 -> s1,3,False,False,3,перевірка політики доступу та встановлення маршруту без резервного обходу
normal_access,sdn_policy,normal_access_f068,u09,admin,srv_db,database,True,allow,False,s9 -> s4 -> s2 -> s8,3,False,False,3,перевірка політики доступу та встановлення маршруту без резервного обходу
normal_access,sdn_policy,normal_access_f069,u03,student,srv_internet,internet,True,allow,False,s7 -> s4 -> s2 -> s1,3,False,False,3,перевірка політики доступу та встановлення маршруту без резервного обходу
normal_access,sdn_policy,normal_access_f070,u10,blocked,srv_internet,internet,False,deny,False,,0,False,False,0,доступ заборонено політикою RBAC: роль blocked -> сервіс internet
normal_access,sdn_policy,normal_access_f071,u01,student,srv_admin,admin,False,deny,False,,0,False,False,0,доступ заборонено політикою RBAC: роль student -> сервіс admin
normal_access,sdn_policy,normal_access_f072,u09,admin,srv_lms,lms,True,allow,False,s9 -> s4 -> s2 -> s8,3,False,False,3,перевірка політики доступу та встановлення маршруту без резервного обходу
normal_access,sdn_policy,normal_access_f073,u09,admin,srv_internet,internet,True,allow,False,s9 -> s4 -> s2 -> s1,3,False,False,3,перевірка політики доступу та встановлення маршруту без резервного обходу
normal_access,sdn_policy,normal_access_f074,u02,student,srv_video,video,True,allow,False,s5 -> s2 -> s8,2,False,False,2,перевірка політики доступу та встановлення маршруту без резервного обходу
normal_access,sdn_policy,normal_access_f075,u07,guest,srv_internet,internet,True,allow,False,s7 -> s4 -> s2 -> s1,3,False,False,3,перевірка політики доступу та встановлення маршруту без резервного обходу
normal_access,sdn_policy,normal_access_f076,u01,student,srv_lms,lms,True,allow,False,s5 -> s2 -> s8,2,False,False,2,перевірка політики доступу та встановлення маршруту без резервного обходу
normal_access,sdn_policy,normal_access_f077,u10,blocked,srv_video,video,False,deny,False,,0,False,False,0,доступ заборонено політикою RBAC: роль blocked -> сервіс video
normal_access,sdn_policy,normal_access_f078,u06,guest,srv_internet,internet,True,allow,False,s7 -> s4 -> s2 -> s1,3,False,False,3,перевірка політики доступу та встановлення маршруту без резервного обходу
normal_access,sdn_policy,normal_access_f079,u11,blocked,srv_video,video,False,deny,False,,0,False,False,0,доступ заборонено політикою RBAC: роль blocked -> сервіс video
normal_access,sdn_policy,normal_access_f080,u02,student,srv_db,database,False,deny,False,,0,False,False,0,доступ заборонено політикою RBAC: роль student -> сервіс database
normal_access,sdn_policy,normal_access_f081,u02,student,srv_file,file,False,deny,False,,0,False,False,0,доступ заборонено політикою RBAC: роль student -> сервіс file
normal_access,sdn_policy,normal_access_f082,u03,student,srv_internet,internet,True,allow,False,s7 -> s4 -> s2 -> s1,3,False,False,3,перевірка політики доступу та встановлення маршруту без резервного обходу
normal_access,sdn_policy,normal_access_f083,u06,guest,srv_internet,internet,True,allow,False,s7 -> s4 -> s2 -> s1,3,False,False,3,перевірка політики доступу та встановлення маршруту без резервного обходу
normal_access,sdn_policy,normal_access_f084,u05,teacher,srv_internet,internet,True,allow,False,s6 -> s3 -> s1,2,False,False,2,перевірка політики доступу та встановлення маршруту без резервного обходу
normal_access,sdn_policy,normal_access_f085,u09,admin,srv_video,video,True,allow,False,s9 -> s4 -> s2 -> s8,3,False,False,3,перевірка політики доступу та встановлення маршруту без резервного обходу
normal_access,sdn_policy,normal_access_f086,u02,student,srv_internet,internet,True,allow,False,s5 -> s3 -> s1,2,False,False,2,перевірка політики доступу та встановлення маршруту без резервного обходу
normal_access,sdn_policy,normal_access_f087,u02,student,srv_internet,internet,True,allow,False,s5 -> s3 -> s1,2,False,False,2,перевірка політики доступу та встановлення маршруту без резервного обходу
normal_access,sdn_policy,normal_access_f088,u10,blocked,srv_video,video,False,deny,False,,0,False,False,0,доступ заборонено політикою RBAC: роль blocked -> сервіс video
normal_access,sdn_policy,normal_access_f089,u11,blocked,srv_admin,admin,False,deny,False,,0,False,False,0,доступ заборонено політикою RBAC: роль blocked -> сервіс admin
normal_access,sdn_policy,normal_access_f090,u01,student,srv_admin,admin,False,deny,False,,0,False,False,0,доступ заборонено політикою RBAC: роль student -> сервіс admin
normal_access,sdn_resilient_policy,normal_access_f001,u11,blocked,srv_db,database,False,deny,False,,0,False,False,0,доступ заборонено політикою RBAC: роль blocked -> сервіс database
normal_access,sdn_resilient_policy,normal_access_f002,u04,teacher,srv_internet,internet,True,allow,False,s6 -> s3 -> s1,2,False,False,2,"перевірка політики доступу, динамічна побудова маршруту та обхід відмовлених каналів"
normal_access,sdn_resilient_policy,normal_access_f003,u09,admin,srv_internet,internet,True,allow,False,s9 -> s4 -> s2 -> s1,3,False,False,3,"перевірка політики доступу, динамічна побудова маршруту та обхід відмовлених каналів"
normal_access,sdn_resilient_policy,normal_access_f004,u01,student,srv_file,file,False,deny,False,,0,False,False,0,доступ заборонено політикою RBAC: роль student -> сервіс file
normal_access,sdn_resilient_policy,normal_access_f005,u10,blocked,srv_lms,lms,False,deny,False,,0,False,False,0,доступ заборонено політикою RBAC: роль blocked -> сервіс lms
normal_access,sdn_resilient_policy,normal_access_f006,u09,admin,srv_file,file,True,allow,False,s9 -> s4 -> s2 -> s8,3,False,False,3,"перевірка політики доступу, динамічна побудова маршруту та обхід відмовлених каналів"
normal_access,sdn_resilient_policy,normal_access_f007,u10,blocked,srv_internet,internet,False,deny,False,,0,False,False,0,доступ заборонено політикою RBAC: роль blocked -> сервіс internet
normal_access,sdn_resilient_policy,normal_access_f008,u03,student,srv_lms,lms,True,allow,False,s7 -> s4 -> s2 -> s8,3,False,False,3,"перевірка політики доступу, динамічна побудова маршруту та обхід відмовлених каналів"
normal_access,sdn_resilient_policy,normal_access_f009,u04,teacher,srv_video,video,True,allow,False,s6 -> s3 -> s1 -> s8,3,False,False,3,"перевірка політики доступу, динамічна побудова маршруту та обхід відмовлених каналів"
normal_access,sdn_resilient_policy,normal_access_f010,u07,guest,srv_file,file,False,deny,False,,0,False,False,0,доступ заборонено політикою RBAC: роль guest -> сервіс file
normal_access,sdn_resilient_policy,normal_access_f011,u01,student,srv_video,video,True,allow,False,s5 -> s2 -> s8,2,False,False,2,"перевірка політики доступу, динамічна побудова маршруту та обхід відмовлених каналів"
normal_access,sdn_resilient_policy,normal_access_f012,u07,guest,srv_file,file,False,deny,False,,0,False,False,0,доступ заборонено політикою RBAC: роль guest -> сервіс file
normal_access,sdn_resilient_policy,normal_access_f013,u10,blocked,srv_video,video,False,deny,False,,0,False,False,0,доступ заборонено політикою RBAC: роль blocked -> сервіс video
normal_access,sdn_resilient_policy,normal_access_f014,u02,student,srv_file,file,False,deny,False,,0,False,False,0,доступ заборонено політикою RBAC: роль student -> сервіс file
normal_access,sdn_resilient_policy,normal_access_f015,u02,student,srv_internet,internet,True,allow,False,s5 -> s3 -> s1,2,False,False,2,"перевірка політики доступу, динамічна побудова маршруту та обхід відмовлених каналів"
normal_access,sdn_resilient_policy,normal_access_f016,u08,admin,srv_db,database,True,allow,False,s9 -> s4 -> s2 -> s8,3,False,False,3,"перевірка політики доступу, динамічна побудова маршруту та обхід відмовлених каналів"
normal_access,sdn_resilient_policy,normal_access_f017,u03,student,srv_internet,internet,True,allow,False,s7 -> s4 -> s2 -> s1,3,False,False,3,"перевірка політики доступу, динамічна побудова маршруту та обхід відмовлених каналів"
normal_access,sdn_resilient_policy,normal_access_f018,u11,blocked,srv_admin,admin,False,deny,False,,0,False,False,0,доступ заборонено політикою RBAC: роль blocked -> сервіс admin
normal_access,sdn_resilient_policy,normal_access_f019,u09,admin,srv_db,database,True,allow,False,s9 -> s4 -> s2 -> s8,3,False,False,3,"перевірка політики доступу, динамічна побудова маршруту та обхід відмовлених каналів"
normal_access,sdn_resilient_policy,normal_access_f020,u08,admin,srv_file,file,True,allow,False,s9 -> s4 -> s2 -> s8,3,False,False,3,"перевірка політики доступу, динамічна побудова маршруту та обхід відмовлених каналів"
normal_access,sdn_resilient_policy,normal_access_f021,u11,blocked,srv_lms,lms,False,deny,False,,0,False,False,0,доступ заборонено політикою RBAC: роль blocked -> сервіс lms
normal_access,sdn_resilient_policy,normal_access_f022,u01,student,srv_internet,internet,True,allow,False,s5 -> s3 -> s1,2,False,False,2,"перевірка політики доступу, динамічна побудова маршруту та обхід відмовлених каналів"
normal_access,sdn_resilient_policy,normal_access_f023,u07,guest,srv_internet,internet,True,allow,False,s7 -> s4 -> s2 -> s1,3,False,False,3,"перевірка політики доступу, динамічна побудова маршруту та обхід відмовлених каналів"
normal_access,sdn_resilient_policy,normal_access_f024,u10,blocked,srv_video,video,False,deny,False,,0,False,False,0,доступ заборонено політикою RBAC: роль blocked -> сервіс video
normal_access,sdn_resilient_policy,normal_access_f025,u08,admin,srv_file,file,True,allow,False,s9 -> s4 -> s2 -> s8,3,False,False,3,"перевірка політики доступу, динамічна побудова маршруту та обхід відмовлених каналів"
normal_access,sdn_resilient_policy,normal_access_f026,u11,blocked,srv_video,video,False,deny,False,,0,False,False,0,доступ заборонено політикою RBAC: роль blocked -> сервіс video
normal_access,sdn_resilient_policy,normal_access_f027,u09,admin,srv_admin,admin,True,allow,False,s9,0,False,False,0,"перевірка політики доступу, динамічна побудова маршруту та обхід відмовлених каналів"
normal_access,sdn_resilient_policy,normal_access_f028,u10,blocked,srv_admin,admin,False,deny,False,,0,False,False,0,доступ заборонено політикою RBAC: роль blocked -> сервіс admin
normal_access,sdn_resilient_policy,normal_access_f029,u04,teacher,srv_lms,lms,True,allow,False,s6 -> s3 -> s1 -> s8,3,False,False,3,"перевірка політики доступу, динамічна побудова маршруту та обхід відмовлених каналів"
normal_access,sdn_resilient_policy,normal_access_f030,u02,student,srv_internet,internet,True,allow,False,s5 -> s3 -> s1,2,False,False,2,"перевірка політики доступу, динамічна побудова маршруту та обхід відмовлених каналів"
normal_access,sdn_resilient_policy,normal_access_f031,u03,student,srv_lms,lms,True,allow,False,s7 -> s4 -> s2 -> s8,3,False,False,3,"перевірка політики доступу, динамічна побудова маршруту та обхід відмовлених каналів"
normal_access,sdn_resilient_policy,normal_access_f032,u07,guest,srv_internet,internet,True,allow,False,s7 -> s4 -> s2 -> s1,3,False,False,3,"перевірка політики доступу, динамічна побудова маршруту та обхід відмовлених каналів"
normal_access,sdn_resilient_policy,normal_access_f033,u09,admin,srv_internet,internet,True,allow,False,s9 -> s4 -> s2 -> s1,3,False,False,3,"перевірка політики доступу, динамічна побудова маршруту та обхід відмовлених каналів"
normal_access,sdn_resilient_policy,normal_access_f034,u02,student,srv_video,video,True,allow,False,s5 -> s2 -> s8,2,False,False,2,"перевірка політики доступу, динамічна побудова маршруту та обхід відмовлених каналів"
normal_access,sdn_resilient_policy,normal_access_f035,u11,blocked,srv_video,video,False,deny,False,,0,False,False,0,доступ заборонено політикою RBAC: роль blocked -> сервіс video
normal_access,sdn_resilient_policy,normal_access_f036,u08,admin,srv_internet,internet,True,allow,False,s9 -> s4 -> s2 -> s1,3,False,False,3,"перевірка політики доступу, динамічна побудова маршруту та обхід відмовлених каналів"
normal_access,sdn_resilient_policy,normal_access_f037,u05,teacher,srv_lms,lms,True,allow,False,s6 -> s3 -> s1 -> s8,3,False,False,3,"перевірка політики доступу, динамічна побудова маршруту та обхід відмовлених каналів"
normal_access,sdn_resilient_policy,normal_access_f038,u02,student,srv_lms,lms,True,allow,False,s5 -> s2 -> s8,2,False,False,2,"перевірка політики доступу, динамічна побудова маршруту та обхід відмовлених каналів"
normal_access,sdn_resilient_policy,normal_access_f039,u09,admin,srv_admin,admin,True,allow,False,s9,0,False,False,0,"перевірка політики доступу, динамічна побудова маршруту та обхід відмовлених каналів"
normal_access,sdn_resilient_policy,normal_access_f040,u06,guest,srv_internet,internet,True,allow,False,s7 -> s4 -> s2 -> s1,3,False,False,3,"перевірка політики доступу, динамічна побудова маршруту та обхід відмовлених каналів"
normal_access,sdn_resilient_policy,normal_access_f041,u08,admin,srv_internet,internet,True,allow,False,s9 -> s4 -> s2 -> s1,3,False,False,3,"перевірка політики доступу, динамічна побудова маршруту та обхід відмовлених каналів"
normal_access,sdn_resilient_policy,normal_access_f042,u06,guest,srv_internet,internet,True,allow,False,s7 -> s4 -> s2 -> s1,3,False,False,3,"перевірка політики доступу, динамічна побудова маршруту та обхід відмовлених каналів"
normal_access,sdn_resilient_policy,normal_access_f043,u04,teacher,srv_internet,internet,True,allow,False,s6 -> s3 -> s1,2,False,False,2,"перевірка політики доступу, динамічна побудова маршруту та обхід відмовлених каналів"
normal_access,sdn_resilient_policy,normal_access_f044,u08,admin,srv_internet,internet,True,allow,False,s9 -> s4 -> s2 -> s1,3,False,False,3,"перевірка політики доступу, динамічна побудова маршруту та обхід відмовлених каналів"
normal_access,sdn_resilient_policy,normal_access_f045,u09,admin,srv_lms,lms,True,allow,False,s9 -> s4 -> s2 -> s8,3,False,False,3,"перевірка політики доступу, динамічна побудова маршруту та обхід відмовлених каналів"
normal_access,sdn_resilient_policy,normal_access_f046,u08,admin,srv_admin,admin,True,allow,False,s9,0,False,False,0,"перевірка політики доступу, динамічна побудова маршруту та обхід відмовлених каналів"
normal_access,sdn_resilient_policy,normal_access_f047,u09,admin,srv_admin,admin,True,allow,False,s9,0,False,False,0,"перевірка політики доступу, динамічна побудова маршруту та обхід відмовлених каналів"
normal_access,sdn_resilient_policy,normal_access_f048,u04,teacher,srv_lms,lms,True,allow,False,s6 -> s3 -> s1 -> s8,3,False,False,3,"перевірка політики доступу, динамічна побудова маршруту та обхід відмовлених каналів"
normal_access,sdn_resilient_policy,normal_access_f049,u07,guest,srv_internet,internet,True,allow,False,s7 -> s4 -> s2 -> s1,3,False,False,3,"перевірка політики доступу, динамічна побудова маршруту та обхід відмовлених каналів"
normal_access,sdn_resilient_policy,normal_access_f050,u09,admin,srv_file,file,True,allow,False,s9 -> s4 -> s2 -> s8,3,False,False,3,"перевірка політики доступу, динамічна побудова маршруту та обхід відмовлених каналів"
normal_access,sdn_resilient_policy,normal_access_f051,u04,teacher,srv_admin,admin,False,deny,False,,0,False,False,0,доступ заборонено політикою RBAC: роль teacher -> сервіс admin
normal_access,sdn_resilient_policy,normal_access_f052,u04,teacher,srv_internet,internet,True,allow,False,s6 -> s3 -> s1,2,False,False,2,"перевірка політики доступу, динамічна побудова маршруту та обхід відмовлених каналів"
normal_access,sdn_resilient_policy,normal_access_f053,u11,blocked,srv_internet,internet,False,deny,False,,0,False,False,0,доступ заборонено політикою RBAC: роль blocked -> сервіс internet
normal_access,sdn_resilient_policy,normal_access_f054,u06,guest,srv_video,video,False,deny,False,,0,False,False,0,доступ заборонено політикою RBAC: роль guest -> сервіс video
normal_access,sdn_resilient_policy,normal_access_f055,u08,admin,srv_lms,lms,True,allow,False,s9 -> s4 -> s2 -> s8,3,False,False,3,"перевірка політики доступу, динамічна побудова маршруту та обхід відмовлених каналів"
normal_access,sdn_resilient_policy,normal_access_f056,u10,blocked,srv_lms,lms,False,deny,False,,0,False,False,0,доступ заборонено політикою RBAC: роль blocked -> сервіс lms
normal_access,sdn_resilient_policy,normal_access_f057,u07,guest,srv_internet,internet,True,allow,False,s7 -> s4 -> s2 -> s1,3,False,False,3,"перевірка політики доступу, динамічна побудова маршруту та обхід відмовлених каналів"
normal_access,sdn_resilient_policy,normal_access_f058,u06,guest,srv_internet,internet,True,allow,False,s7 -> s4 -> s2 -> s1,3,False,False,3,"перевірка політики доступу, динамічна побудова маршруту та обхід відмовлених каналів"
normal_access,sdn_resilient_policy,normal_access_f059,u01,student,srv_video,video,True,allow,False,s5 -> s2 -> s8,2,False,False,2,"перевірка політики доступу, динамічна побудова маршруту та обхід відмовлених каналів"
normal_access,sdn_resilient_policy,normal_access_f060,u07,guest,srv_internet,internet,True,allow,False,s7 -> s4 -> s2 -> s1,3,False,False,3,"перевірка політики доступу, динамічна побудова маршруту та обхід відмовлених каналів"
normal_access,sdn_resilient_policy,normal_access_f061,u04,teacher,srv_lms,lms,True,allow,False,s6 -> s3 -> s1 -> s8,3,False,False,3,"перевірка політики доступу, динамічна побудова маршруту та обхід відмовлених каналів"
normal_access,sdn_resilient_policy,normal_access_f062,u05,teacher,srv_internet,internet,True,allow,False,s6 -> s3 -> s1,2,False,False,2,"перевірка політики доступу, динамічна побудова маршруту та обхід відмовлених каналів"
normal_access,sdn_resilient_policy,normal_access_f063,u09,admin,srv_internet,internet,True,allow,False,s9 -> s4 -> s2 -> s1,3,False,False,3,"перевірка політики доступу, динамічна побудова маршруту та обхід відмовлених каналів"
normal_access,sdn_resilient_policy,normal_access_f064,u09,admin,srv_internet,internet,True,allow,False,s9 -> s4 -> s2 -> s1,3,False,False,3,"перевірка політики доступу, динамічна побудова маршруту та обхід відмовлених каналів"
normal_access,sdn_resilient_policy,normal_access_f065,u04,teacher,srv_file,file,True,allow,False,s6 -> s3 -> s1 -> s8,3,False,False,3,"перевірка політики доступу, динамічна побудова маршруту та обхід відмовлених каналів"
normal_access,sdn_resilient_policy,normal_access_f066,u07,guest,srv_internet,internet,True,allow,False,s7 -> s4 -> s2 -> s1,3,False,False,3,"перевірка політики доступу, динамічна побудова маршруту та обхід відмовлених каналів"
normal_access,sdn_resilient_policy,normal_access_f067,u07,guest,srv_internet,internet,True,allow,False,s7 -> s4 -> s2 -> s1,3,False,False,3,"перевірка політики доступу, динамічна побудова маршруту та обхід відмовлених каналів"
normal_access,sdn_resilient_policy,normal_access_f068,u09,admin,srv_db,database,True,allow,False,s9 -> s4 -> s2 -> s8,3,False,False,3,"перевірка політики доступу, динамічна побудова маршруту та обхід відмовлених каналів"
normal_access,sdn_resilient_policy,normal_access_f069,u03,student,srv_internet,internet,True,allow,False,s7 -> s4 -> s2 -> s1,3,False,False,3,"перевірка політики доступу, динамічна побудова маршруту та обхід відмовлених каналів"
normal_access,sdn_resilient_policy,normal_access_f070,u10,blocked,srv_internet,internet,False,deny,False,,0,False,False,0,доступ заборонено політикою RBAC: роль blocked -> сервіс internet
normal_access,sdn_resilient_policy,normal_access_f071,u01,student,srv_admin,admin,False,deny,False,,0,False,False,0,доступ заборонено політикою RBAC: роль student -> сервіс admin
normal_access,sdn_resilient_policy,normal_access_f072,u09,admin,srv_lms,lms,True,allow,False,s9 -> s4 -> s2 -> s8,3,False,False,3,"перевірка політики доступу, динамічна побудова маршруту та обхід відмовлених каналів"
normal_access,sdn_resilient_policy,normal_access_f073,u09,admin,srv_internet,internet,True,allow,False,s9 -> s4 -> s2 -> s1,3,False,False,3,"перевірка політики доступу, динамічна побудова маршруту та обхід відмовлених каналів"
normal_access,sdn_resilient_policy,normal_access_f074,u02,student,srv_video,video,True,allow,False,s5 -> s2 -> s8,2,False,False,2,"перевірка політики доступу, динамічна побудова маршруту та обхід відмовлених каналів"
normal_access,sdn_resilient_policy,normal_access_f075,u07,guest,srv_internet,internet,True,allow,False,s7 -> s4 -> s2 -> s1,3,False,False,3,"перевірка політики доступу, динамічна побудова маршруту та обхід відмовлених каналів"
normal_access,sdn_resilient_policy,normal_access_f076,u01,student,srv_lms,lms,True,allow,False,s5 -> s2 -> s8,2,False,False,2,"перевірка політики доступу, динамічна побудова маршруту та обхід відмовлених каналів"
normal_access,sdn_resilient_policy,normal_access_f077,u10,blocked,srv_video,video,False,deny,False,,0,False,False,0,доступ заборонено політикою RBAC: роль blocked -> сервіс video
normal_access,sdn_resilient_policy,normal_access_f078,u06,guest,srv_internet,internet,True,allow,False,s7 -> s4 -> s2 -> s1,3,False,False,3,"перевірка політики доступу, динамічна побудова маршруту та обхід відмовлених каналів"
normal_access,sdn_resilient_policy,normal_access_f079,u11,blocked,srv_video,video,False,deny,False,,0,False,False,0,доступ заборонено політикою RBAC: роль blocked -> сервіс video
normal_access,sdn_resilient_policy,normal_access_f080,u02,student,srv_db,database,False,deny,False,,0,False,False,0,доступ заборонено політикою RBAC: роль student -> сервіс database
normal_access,sdn_resilient_policy,normal_access_f081,u02,student,srv_file,file,False,deny,False,,0,False,False,0,доступ заборонено політикою RBAC: роль student -> сервіс file
normal_access,sdn_resilient_policy,normal_access_f082,u03,student,srv_internet,internet,True,allow,False,s7 -> s4 -> s2 -> s1,3,False,False,3,"перевірка політики доступу, динамічна побудова маршруту та обхід відмовлених каналів"
normal_access,sdn_resilient_policy,normal_access_f083,u06,guest,srv_internet,internet,True,allow,False,s7 -> s4 -> s2 -> s1,3,False,False,3,"перевірка політики доступу, динамічна побудова маршруту та обхід відмовлених каналів"
normal_access,sdn_resilient_policy,normal_access_f084,u05,teacher,srv_internet,internet,True,allow,False,s6 -> s3 -> s1,2,False,False,2,"перевірка політики доступу, динамічна побудова маршруту та обхід відмовлених каналів"
normal_access,sdn_resilient_policy,normal_access_f085,u09,admin,srv_video,video,True,allow,False,s9 -> s4 -> s2 -> s8,3,False,False,3,"перевірка політики доступу, динамічна побудова маршруту та обхід відмовлених каналів"
normal_access,sdn_resilient_policy,normal_access_f086,u02,student,srv_internet,internet,True,allow,False,s5 -> s3 -> s1,2,False,False,2,"перевірка політики доступу, динамічна побудова маршруту та обхід відмовлених каналів"
normal_access,sdn_resilient_policy,normal_access_f087,u02,student,srv_internet,internet,True,allow,False,s5 -> s3 -> s1,2,False,False,2,"перевірка політики доступу, динамічна побудова маршруту та обхід відмовлених каналів"
normal_access,sdn_resilient_policy,normal_access_f088,u10,blocked,srv_video,video,False,deny,False,,0,False,False,0,доступ заборонено політикою RBAC: роль blocked -> сервіс video
normal_access,sdn_resilient_policy,normal_access_f089,u11,blocked,srv_admin,admin,False,deny,False,,0,False,False,0,доступ заборонено політикою RBAC: роль blocked -> сервіс admin
normal_access,sdn_resilient_policy,normal_access_f090,u01,student,srv_admin,admin,False,deny,False,,0,False,False,0,доступ заборонено політикою RBAC: роль student -> сервіс admin
unauthorized_attempts,static_acl,unauthorized_attempts_f001,u01,student,srv_file,file,False,allow,True,s5 -> s2 -> s8,2,False,False,2,статична таблиця ACL і наперед заданий маршрут
unauthorized_attempts,static_acl,unauthorized_attempts_f002,u05,teacher,srv_db,database,False,deny,False,,0,False,False,0,статична таблиця ACL і наперед заданий маршрут
unauthorized_attempts,static_acl,unauthorized_attempts_f003,u07,guest,srv_internet,internet,True,allow,False,s7 -> s4 -> s2 -> s1,3,False,False,3,статична таблиця ACL і наперед заданий маршрут
unauthorized_attempts,static_acl,unauthorized_attempts_f004,u03,student,srv_lms,lms,True,allow,False,s7 -> s4 -> s2 -> s8,3,False,False,3,статична таблиця ACL і наперед заданий маршрут
unauthorized_attempts,static_acl,unauthorized_attempts_f005,u03,student,srv_internet,internet,True,allow,False,s7 -> s4 -> s2 -> s1,3,False,False,3,статична таблиця ACL і наперед заданий маршрут
unauthorized_attempts,static_acl,unauthorized_attempts_f006,u01,student,srv_internet,internet,True,allow,False,s5 -> s3 -> s1,2,False,False,2,статична таблиця ACL і наперед заданий маршрут
unauthorized_attempts,static_acl,unauthorized_attempts_f007,u11,blocked,srv_admin,admin,False,deny,False,,0,False,False,0,статична таблиця ACL і наперед заданий маршрут
unauthorized_attempts,static_acl,unauthorized_attempts_f008,u07,guest,srv_internet,internet,True,allow,False,s7 -> s4 -> s2 -> s1,3,False,False,3,статична таблиця ACL і наперед заданий маршрут
unauthorized_attempts,static_acl,unauthorized_attempts_f009,u04,teacher,srv_lms,lms,True,allow,False,s6 -> s3 -> s1 -> s8,3,False,False,3,статична таблиця ACL і наперед заданий маршрут
unauthorized_attempts,static_acl,unauthorized_attempts_f010,u01,student,srv_admin,admin,False,deny,False,,0,False,False,0,статична таблиця ACL і наперед заданий маршрут
unauthorized_attempts,static_acl,unauthorized_attempts_f011,u07,guest,srv_internet,internet,True,allow,False,s7 -> s4 -> s2 -> s1,3,False,False,3,статична таблиця ACL і наперед заданий маршрут
unauthorized_attempts,static_acl,unauthorized_attempts_f012,u02,student,srv_file,file,False,allow,True,s5 -> s2 -> s8,2,False,False,2,статична таблиця ACL і наперед заданий маршрут
unauthorized_attempts,static_acl,unauthorized_attempts_f013,u04,teacher,srv_db,database,False,deny,False,,0,False,False,0,статична таблиця ACL і наперед заданий маршрут
unauthorized_attempts,static_acl,unauthorized_attempts_f014,u04,teacher,srv_admin,admin,False,deny,False,,0,False,False,0,статична таблиця ACL і наперед заданий маршрут
unauthorized_attempts,static_acl,unauthorized_attempts_f015,u05,teacher,srv_video,video,True,allow,False,s6 -> s3 -> s1 -> s8,3,False,False,3,статична таблиця ACL і наперед заданий маршрут
unauthorized_attempts,static_acl,unauthorized_attempts_f016,u09,admin,srv_file,file,True,allow,False,s9 -> s4 -> s2 -> s8,3,False,False,3,статична таблиця ACL і наперед заданий маршрут
unauthorized_attempts,static_acl,unauthorized_attempts_f017,u09,admin,srv_video,video,True,allow,False,s9 -> s4 -> s2 -> s8,3,False,False,3,статична таблиця ACL і наперед заданий маршрут
unauthorized_attempts,static_acl,unauthorized_attempts_f018,u02,student,srv_lms,lms,True,allow,False,s5 -> s2 -> s8,2,False,False,2,статична таблиця ACL і наперед заданий маршрут
unauthorized_attempts,static_acl,unauthorized_attempts_f019,u05,teacher,srv_db,database,False,deny,False,,0,False,False,0,статична таблиця ACL і наперед заданий маршрут
unauthorized_attempts,static_acl,unauthorized_attempts_f020,u06,guest,srv_internet,internet,True,allow,False,s7 -> s4 -> s2 -> s1,3,False,False,3,статична таблиця ACL і наперед заданий маршрут
unauthorized_attempts,static_acl,unauthorized_attempts_f021,u10,blocked,srv_internet,internet,False,allow,True,s5 -> s3 -> s1,2,False,False,2,статична таблиця ACL і наперед заданий маршрут
unauthorized_attempts,static_acl,unauthorized_attempts_f022,u01,student,srv_video,video,True,allow,False,s5 -> s2 -> s8,2,False,False,2,статична таблиця ACL і наперед заданий маршрут
unauthorized_attempts,static_acl,unauthorized_attempts_f023,u11,blocked,srv_file,file,False,deny,False,,0,False,False,0,статична таблиця ACL і наперед заданий маршрут
unauthorized_attempts,static_acl,unauthorized_attempts_f024,u11,blocked,srv_admin,admin,False,deny,False,,0,False,False,0,статична таблиця ACL і наперед заданий маршрут
unauthorized_attempts,static_acl,unauthorized_attempts_f025,u02,student,srv_lms,lms,True,allow,False,s5 -> s2 -> s8,2,False,False,2,статична таблиця ACL і наперед заданий маршрут
unauthorized_attempts,static_acl,unauthorized_attempts_f026,u11,blocked,srv_file,file,False,deny,False,,0,False,False,0,статична таблиця ACL і наперед заданий маршрут
unauthorized_attempts,static_acl,unauthorized_attempts_f027,u09,admin,srv_lms,lms,True,allow,False,s9 -> s4 -> s2 -> s8,3,False,False,3,статична таблиця ACL і наперед заданий маршрут
unauthorized_attempts,static_acl,unauthorized_attempts_f028,u11,blocked,srv_db,database,False,deny,False,,0,False,False,0,статична таблиця ACL і наперед заданий маршрут
unauthorized_attempts,static_acl,unauthorized_attempts_f029,u03,student,srv_lms,lms,True,allow,False,s7 -> s4 -> s2 -> s8,3,False,False,3,статична таблиця ACL і наперед заданий маршрут
unauthorized_attempts,static_acl,unauthorized_attempts_f030,u01,student,srv_file,file,False,allow,True,s5 -> s2 -> s8,2,False,False,2,статична таблиця ACL і наперед заданий маршрут
unauthorized_attempts,static_acl,unauthorized_attempts_f031,u10,blocked,srv_video,video,False,deny,False,,0,False,False,0,статична таблиця ACL і наперед заданий маршрут
unauthorized_attempts,static_acl,unauthorized_attempts_f032,u08,admin,srv_db,database,True,allow,False,s9 -> s4 -> s2 -> s8,3,False,False,3,статична таблиця ACL і наперед заданий маршрут
unauthorized_attempts,static_acl,unauthorized_attempts_f033,u08,admin,srv_db,database,True,allow,False,s9 -> s4 -> s2 -> s8,3,False,False,3,статична таблиця ACL і наперед заданий маршрут
unauthorized_attempts,static_acl,unauthorized_attempts_f034,u02,student,srv_db,database,False,deny,False,,0,False,False,0,статична таблиця ACL і наперед заданий маршрут
unauthorized_attempts,static_acl,unauthorized_attempts_f035,u06,guest,srv_video,video,False,deny,False,,0,False,False,0,статична таблиця ACL і наперед заданий маршрут
unauthorized_attempts,static_acl,unauthorized_attempts_f036,u04,teacher,srv_lms,lms,True,allow,False,s6 -> s3 -> s1 -> s8,3,False,False,3,статична таблиця ACL і наперед заданий маршрут
unauthorized_attempts,static_acl,unauthorized_attempts_f037,u04,teacher,srv_internet,internet,True,allow,False,s6 -> s3 -> s1,2,False,False,2,статична таблиця ACL і наперед заданий маршрут
unauthorized_attempts,static_acl,unauthorized_attempts_f038,u11,blocked,srv_db,database,False,deny,False,,0,False,False,0,статична таблиця ACL і наперед заданий маршрут
unauthorized_attempts,static_acl,unauthorized_attempts_f039,u08,admin,srv_file,file,True,allow,False,s9 -> s4 -> s2 -> s8,3,False,False,3,статична таблиця ACL і наперед заданий маршрут
unauthorized_attempts,static_acl,unauthorized_attempts_f040,u11,blocked,srv_internet,internet,False,allow,True,s7 -> s4 -> s2 -> s1,3,False,False,3,статична таблиця ACL і наперед заданий маршрут
unauthorized_attempts,static_acl,unauthorized_attempts_f041,u04,teacher,srv_db,database,False,deny,False,,0,False,False,0,статична таблиця ACL і наперед заданий маршрут
unauthorized_attempts,static_acl,unauthorized_attempts_f042,u04,teacher,srv_internet,internet,True,allow,False,s6 -> s3 -> s1,2,False,False,2,статична таблиця ACL і наперед заданий маршрут
unauthorized_attempts,static_acl,unauthorized_attempts_f043,u08,admin,srv_db,database,True,allow,False,s9 -> s4 -> s2 -> s8,3,False,False,3,статична таблиця ACL і наперед заданий маршрут
unauthorized_attempts,static_acl,unauthorized_attempts_f044,u09,admin,srv_admin,admin,True,allow,False,s9,0,False,False,0,статична таблиця ACL і наперед заданий маршрут
unauthorized_attempts,static_acl,unauthorized_attempts_f045,u08,admin,srv_admin,admin,True,allow,False,s9,0,False,False,0,статична таблиця ACL і наперед заданий маршрут
unauthorized_attempts,static_acl,unauthorized_attempts_f046,u09,admin,srv_file,file,True,allow,False,s9 -> s4 -> s2 -> s8,3,False,False,3,статична таблиця ACL і наперед заданий маршрут
unauthorized_attempts,static_acl,unauthorized_attempts_f047,u09,admin,srv_file,file,True,allow,False,s9 -> s4 -> s2 -> s8,3,False,False,3,статична таблиця ACL і наперед заданий маршрут
unauthorized_attempts,static_acl,unauthorized_attempts_f048,u08,admin,srv_file,file,True,allow,False,s9 -> s4 -> s2 -> s8,3,False,False,3,статична таблиця ACL і наперед заданий маршрут
unauthorized_attempts,static_acl,unauthorized_attempts_f049,u04,teacher,srv_video,video,True,allow,False,s6 -> s3 -> s1 -> s8,3,False,False,3,статична таблиця ACL і наперед заданий маршрут
unauthorized_attempts,static_acl,unauthorized_attempts_f050,u09,admin,srv_file,file,True,allow,False,s9 -> s4 -> s2 -> s8,3,False,False,3,статична таблиця ACL і наперед заданий маршрут
unauthorized_attempts,static_acl,unauthorized_attempts_f051,u05,teacher,srv_video,video,True,allow,False,s6 -> s3 -> s1 -> s8,3,False,False,3,статична таблиця ACL і наперед заданий маршрут
unauthorized_attempts,static_acl,unauthorized_attempts_f052,u06,guest,srv_db,database,False,deny,False,,0,False,False,0,статична таблиця ACL і наперед заданий маршрут
unauthorized_attempts,static_acl,unauthorized_attempts_f053,u03,student,srv_db,database,False,deny,False,,0,False,False,0,статична таблиця ACL і наперед заданий маршрут
unauthorized_attempts,static_acl,unauthorized_attempts_f054,u04,teacher,srv_db,database,False,deny,False,,0,False,False,0,статична таблиця ACL і наперед заданий маршрут
unauthorized_attempts,static_acl,unauthorized_attempts_f055,u08,admin,srv_file,file,True,allow,False,s9 -> s4 -> s2 -> s8,3,False,False,3,статична таблиця ACL і наперед заданий маршрут
unauthorized_attempts,static_acl,unauthorized_attempts_f056,u07,guest,srv_db,database,False,deny,False,,0,False,False,0,статична таблиця ACL і наперед заданий маршрут
unauthorized_attempts,static_acl,unauthorized_attempts_f057,u01,student,srv_video,video,True,allow,False,s5 -> s2 -> s8,2,False,False,2,статична таблиця ACL і наперед заданий маршрут
unauthorized_attempts,static_acl,unauthorized_attempts_f058,u01,student,srv_lms,lms,True,allow,False,s5 -> s2 -> s8,2,False,False,2,статична таблиця ACL і наперед заданий маршрут
unauthorized_attempts,static_acl,unauthorized_attempts_f059,u07,guest,srv_internet,internet,True,allow,False,s7 -> s4 -> s2 -> s1,3,False,False,3,статична таблиця ACL і наперед заданий маршрут
unauthorized_attempts,static_acl,unauthorized_attempts_f060,u05,teacher,srv_internet,internet,True,allow,False,s6 -> s3 -> s1,2,False,False,2,статична таблиця ACL і наперед заданий маршрут
unauthorized_attempts,static_acl,unauthorized_attempts_f061,u11,blocked,srv_file,file,False,deny,False,,0,False,False,0,статична таблиця ACL і наперед заданий маршрут
unauthorized_attempts,static_acl,unauthorized_attempts_f062,u08,admin,srv_lms,lms,True,allow,False,s9 -> s4 -> s2 -> s8,3,False,False,3,статична таблиця ACL і наперед заданий маршрут
unauthorized_attempts,static_acl,unauthorized_attempts_f063,u09,admin,srv_internet,internet,True,allow,False,s9 -> s4 -> s2 -> s1,3,False,False,3,статична таблиця ACL і наперед заданий маршрут
unauthorized_attempts,static_acl,unauthorized_attempts_f064,u10,blocked,srv_internet,internet,False,allow,True,s5 -> s3 -> s1,2,False,False,2,статична таблиця ACL і наперед заданий маршрут
unauthorized_attempts,static_acl,unauthorized_attempts_f065,u07,guest,srv_admin,admin,False,deny,False,,0,False,False,0,статична таблиця ACL і наперед заданий маршрут
unauthorized_attempts,static_acl,unauthorized_attempts_f066,u05,teacher,srv_admin,admin,False,deny,False,,0,False,False,0,статична таблиця ACL і наперед заданий маршрут
unauthorized_attempts,static_acl,unauthorized_attempts_f067,u06,guest,srv_internet,internet,True,allow,False,s7 -> s4 -> s2 -> s1,3,False,False,3,статична таблиця ACL і наперед заданий маршрут
unauthorized_attempts,static_acl,unauthorized_attempts_f068,u07,guest,srv_lms,lms,False,allow,True,s7 -> s4 -> s2 -> s8,3,False,False,3,статична таблиця ACL і наперед заданий маршрут
unauthorized_attempts,static_acl,unauthorized_attempts_f069,u09,admin,srv_internet,internet,True,allow,False,s9 -> s4 -> s2 -> s1,3,False,False,3,статична таблиця ACL і наперед заданий маршрут
unauthorized_attempts,static_acl,unauthorized_attempts_f070,u06,guest,srv_lms,lms,False,allow,True,s7 -> s4 -> s2 -> s8,3,False,False,3,статична таблиця ACL і наперед заданий маршрут
unauthorized_attempts,static_acl,unauthorized_attempts_f071,u11,blocked,srv_internet,internet,False,allow,True,s7 -> s4 -> s2 -> s1,3,False,False,3,статична таблиця ACL і наперед заданий маршрут
unauthorized_attempts,static_acl,unauthorized_attempts_f072,u04,teacher,srv_lms,lms,True,allow,False,s6 -> s3 -> s1 -> s8,3,False,False,3,статична таблиця ACL і наперед заданий маршрут
unauthorized_attempts,static_acl,unauthorized_attempts_f073,u08,admin,srv_db,database,True,allow,False,s9 -> s4 -> s2 -> s8,3,False,False,3,статична таблиця ACL і наперед заданий маршрут
unauthorized_attempts,static_acl,unauthorized_attempts_f074,u04,teacher,srv_video,video,True,allow,False,s6 -> s3 -> s1 -> s8,3,False,False,3,статична таблиця ACL і наперед заданий маршрут
unauthorized_attempts,static_acl,unauthorized_attempts_f075,u03,student,srv_video,video,True,allow,False,s7 -> s4 -> s2 -> s8,3,False,False,3,статична таблиця ACL і наперед заданий маршрут
unauthorized_attempts,static_acl,unauthorized_attempts_f076,u03,student,srv_internet,internet,True,allow,False,s7 -> s4 -> s2 -> s1,3,False,False,3,статична таблиця ACL і наперед заданий маршрут
unauthorized_attempts,static_acl,unauthorized_attempts_f077,u05,teacher,srv_file,file,True,allow,False,s6 -> s3 -> s1 -> s8,3,False,False,3,статична таблиця ACL і наперед заданий маршрут
unauthorized_attempts,static_acl,unauthorized_attempts_f078,u04,teacher,srv_admin,admin,False,deny,False,,0,False,False,0,статична таблиця ACL і наперед заданий маршрут
unauthorized_attempts,static_acl,unauthorized_attempts_f079,u05,teacher,srv_internet,internet,True,allow,False,s6 -> s3 -> s1,2,False,False,2,статична таблиця ACL і наперед заданий маршрут
unauthorized_attempts,static_acl,unauthorized_attempts_f080,u10,blocked,srv_video,video,False,deny,False,,0,False,False,0,статична таблиця ACL і наперед заданий маршрут
unauthorized_attempts,static_acl,unauthorized_attempts_f081,u11,blocked,srv_admin,admin,False,deny,False,,0,False,False,0,статична таблиця ACL і наперед заданий маршрут
unauthorized_attempts,static_acl,unauthorized_attempts_f082,u01,student,srv_lms,lms,True,allow,False,s5 -> s2 -> s8,2,False,False,2,статична таблиця ACL і наперед заданий маршрут
unauthorized_attempts,static_acl,unauthorized_attempts_f083,u06,guest,srv_internet,internet,True,allow,False,s7 -> s4 -> s2 -> s1,3,False,False,3,статична таблиця ACL і наперед заданий маршрут
unauthorized_attempts,static_acl,unauthorized_attempts_f084,u07,guest,srv_db,database,False,deny,False,,0,False,False,0,статична таблиця ACL і наперед заданий маршрут
unauthorized_attempts,static_acl,unauthorized_attempts_f085,u05,teacher,srv_file,file,True,allow,False,s6 -> s3 -> s1 -> s8,3,False,False,3,статична таблиця ACL і наперед заданий маршрут
unauthorized_attempts,static_acl,unauthorized_attempts_f086,u10,blocked,srv_lms,lms,False,deny,False,,0,False,False,0,статична таблиця ACL і наперед заданий маршрут
unauthorized_attempts,static_acl,unauthorized_attempts_f087,u02,student,srv_admin,admin,False,deny,False,,0,False,False,0,статична таблиця ACL і наперед заданий маршрут
unauthorized_attempts,static_acl,unauthorized_attempts_f088,u08,admin,srv_admin,admin,True,allow,False,s9,0,False,False,0,статична таблиця ACL і наперед заданий маршрут
unauthorized_attempts,static_acl,unauthorized_attempts_f089,u07,guest,srv_admin,admin,False,deny,False,,0,False,False,0,статична таблиця ACL і наперед заданий маршрут
unauthorized_attempts,static_acl,unauthorized_attempts_f090,u03,student,srv_lms,lms,True,allow,False,s7 -> s4 -> s2 -> s8,3,False,False,3,статична таблиця ACL і наперед заданий маршрут
unauthorized_attempts,sdn_shortest_path,unauthorized_attempts_f001,u01,student,srv_file,file,False,allow,True,s5 -> s2 -> s8,2,False,False,2,"SDN-контролер будує найкоротший маршрут, але не застосовує політики ролей"
unauthorized_attempts,sdn_shortest_path,unauthorized_attempts_f002,u05,teacher,srv_db,database,False,allow,True,s6 -> s3 -> s1 -> s8,3,False,False,3,"SDN-контролер будує найкоротший маршрут, але не застосовує політики ролей"
unauthorized_attempts,sdn_shortest_path,unauthorized_attempts_f003,u07,guest,srv_internet,internet,True,allow,False,s7 -> s4 -> s2 -> s1,3,False,False,3,"SDN-контролер будує найкоротший маршрут, але не застосовує політики ролей"
unauthorized_attempts,sdn_shortest_path,unauthorized_attempts_f004,u03,student,srv_lms,lms,True,allow,False,s7 -> s4 -> s2 -> s8,3,False,False,3,"SDN-контролер будує найкоротший маршрут, але не застосовує політики ролей"
unauthorized_attempts,sdn_shortest_path,unauthorized_attempts_f005,u03,student,srv_internet,internet,True,allow,False,s7 -> s4 -> s2 -> s1,3,False,False,3,"SDN-контролер будує найкоротший маршрут, але не застосовує політики ролей"
unauthorized_attempts,sdn_shortest_path,unauthorized_attempts_f006,u01,student,srv_internet,internet,True,allow,False,s5 -> s3 -> s1,2,False,False,2,"SDN-контролер будує найкоротший маршрут, але не застосовує політики ролей"
unauthorized_attempts,sdn_shortest_path,unauthorized_attempts_f007,u11,blocked,srv_admin,admin,False,allow,True,s7 -> s4 -> s9,2,False,False,2,"SDN-контролер будує найкоротший маршрут, але не застосовує політики ролей"
unauthorized_attempts,sdn_shortest_path,unauthorized_attempts_f008,u07,guest,srv_internet,internet,True,allow,False,s7 -> s4 -> s2 -> s1,3,False,False,3,"SDN-контролер будує найкоротший маршрут, але не застосовує політики ролей"
unauthorized_attempts,sdn_shortest_path,unauthorized_attempts_f009,u04,teacher,srv_lms,lms,True,allow,False,s6 -> s3 -> s1 -> s8,3,False,False,3,"SDN-контролер будує найкоротший маршрут, але не застосовує політики ролей"
unauthorized_attempts,sdn_shortest_path,unauthorized_attempts_f010,u01,student,srv_admin,admin,False,allow,True,s5 -> s3 -> s4 -> s9,3,False,False,3,"SDN-контролер будує найкоротший маршрут, але не застосовує політики ролей"
unauthorized_attempts,sdn_shortest_path,unauthorized_attempts_f011,u07,guest,srv_internet,internet,True,allow,False,s7 -> s4 -> s2 -> s1,3,False,False,3,"SDN-контролер будує найкоротший маршрут, але не застосовує політики ролей"
unauthorized_attempts,sdn_shortest_path,unauthorized_attempts_f012,u02,student,srv_file,file,False,allow,True,s5 -> s2 -> s8,2,False,False,2,"SDN-контролер будує найкоротший маршрут, але не застосовує політики ролей"
unauthorized_attempts,sdn_shortest_path,unauthorized_attempts_f013,u04,teacher,srv_db,database,False,allow,True,s6 -> s3 -> s1 -> s8,3,False,False,3,"SDN-контролер будує найкоротший маршрут, але не застосовує політики ролей"
unauthorized_attempts,sdn_shortest_path,unauthorized_attempts_f014,u04,teacher,srv_admin,admin,False,allow,True,s6 -> s9,1,False,False,1,"SDN-контролер будує найкоротший маршрут, але не застосовує політики ролей"
unauthorized_attempts,sdn_shortest_path,unauthorized_attempts_f015,u05,teacher,srv_video,video,True,allow,False,s6 -> s3 -> s1 -> s8,3,False,False,3,"SDN-контролер будує найкоротший маршрут, але не застосовує політики ролей"
unauthorized_attempts,sdn_shortest_path,unauthorized_attempts_f016,u09,admin,srv_file,file,True,allow,False,s9 -> s4 -> s2 -> s8,3,False,False,3,"SDN-контролер будує найкоротший маршрут, але не застосовує політики ролей"
unauthorized_attempts,sdn_shortest_path,unauthorized_attempts_f017,u09,admin,srv_video,video,True,allow,False,s9 -> s4 -> s2 -> s8,3,False,False,3,"SDN-контролер будує найкоротший маршрут, але не застосовує політики ролей"
unauthorized_attempts,sdn_shortest_path,unauthorized_attempts_f018,u02,student,srv_lms,lms,True,allow,False,s5 -> s2 -> s8,2,False,False,2,"SDN-контролер будує найкоротший маршрут, але не застосовує політики ролей"
unauthorized_attempts,sdn_shortest_path,unauthorized_attempts_f019,u05,teacher,srv_db,database,False,allow,True,s6 -> s3 -> s1 -> s8,3,False,False,3,"SDN-контролер будує найкоротший маршрут, але не застосовує політики ролей"
unauthorized_attempts,sdn_shortest_path,unauthorized_attempts_f020,u06,guest,srv_internet,internet,True,allow,False,s7 -> s4 -> s2 -> s1,3,False,False,3,"SDN-контролер будує найкоротший маршрут, але не застосовує політики ролей"
unauthorized_attempts,sdn_shortest_path,unauthorized_attempts_f021,u10,blocked,srv_internet,internet,False,allow,True,s5 -> s3 -> s1,2,False,False,2,"SDN-контролер будує найкоротший маршрут, але не застосовує політики ролей"
unauthorized_attempts,sdn_shortest_path,unauthorized_attempts_f022,u01,student,srv_video,video,True,allow,False,s5 -> s2 -> s8,2,False,False,2,"SDN-контролер будує найкоротший маршрут, але не застосовує політики ролей"
unauthorized_attempts,sdn_shortest_path,unauthorized_attempts_f023,u11,blocked,srv_file,file,False,allow,True,s7 -> s4 -> s2 -> s8,3,False,False,3,"SDN-контролер будує найкоротший маршрут, але не застосовує політики ролей"
unauthorized_attempts,sdn_shortest_path,unauthorized_attempts_f024,u11,blocked,srv_admin,admin,False,allow,True,s7 -> s4 -> s9,2,False,False,2,"SDN-контролер будує найкоротший маршрут, але не застосовує політики ролей"
unauthorized_attempts,sdn_shortest_path,unauthorized_attempts_f025,u02,student,srv_lms,lms,True,allow,False,s5 -> s2 -> s8,2,False,False,2,"SDN-контролер будує найкоротший маршрут, але не застосовує політики ролей"
unauthorized_attempts,sdn_shortest_path,unauthorized_attempts_f026,u11,blocked,srv_file,file,False,allow,True,s7 -> s4 -> s2 -> s8,3,False,False,3,"SDN-контролер будує найкоротший маршрут, але не застосовує політики ролей"
unauthorized_attempts,sdn_shortest_path,unauthorized_attempts_f027,u09,admin,srv_lms,lms,True,allow,False,s9 -> s4 -> s2 -> s8,3,False,False,3,"SDN-контролер будує найкоротший маршрут, але не застосовує політики ролей"
unauthorized_attempts,sdn_shortest_path,unauthorized_attempts_f028,u11,blocked,srv_db,database,False,allow,True,s7 -> s4 -> s2 -> s8,3,False,False,3,"SDN-контролер будує найкоротший маршрут, але не застосовує політики ролей"
unauthorized_attempts,sdn_shortest_path,unauthorized_attempts_f029,u03,student,srv_lms,lms,True,allow,False,s7 -> s4 -> s2 -> s8,3,False,False,3,"SDN-контролер будує найкоротший маршрут, але не застосовує політики ролей"
unauthorized_attempts,sdn_shortest_path,unauthorized_attempts_f030,u01,student,srv_file,file,False,allow,True,s5 -> s2 -> s8,2,False,False,2,"SDN-контролер будує найкоротший маршрут, але не застосовує політики ролей"
unauthorized_attempts,sdn_shortest_path,unauthorized_attempts_f031,u10,blocked,srv_video,video,False,allow,True,s5 -> s2 -> s8,2,False,False,2,"SDN-контролер будує найкоротший маршрут, але не застосовує політики ролей"
unauthorized_attempts,sdn_shortest_path,unauthorized_attempts_f032,u08,admin,srv_db,database,True,allow,False,s9 -> s4 -> s2 -> s8,3,False,False,3,"SDN-контролер будує найкоротший маршрут, але не застосовує політики ролей"
unauthorized_attempts,sdn_shortest_path,unauthorized_attempts_f033,u08,admin,srv_db,database,True,allow,False,s9 -> s4 -> s2 -> s8,3,False,False,3,"SDN-контролер будує найкоротший маршрут, але не застосовує політики ролей"
unauthorized_attempts,sdn_shortest_path,unauthorized_attempts_f034,u02,student,srv_db,database,False,allow,True,s5 -> s2 -> s8,2,False,False,2,"SDN-контролер будує найкоротший маршрут, але не застосовує політики ролей"
unauthorized_attempts,sdn_shortest_path,unauthorized_attempts_f035,u06,guest,srv_video,video,False,allow,True,s7 -> s4 -> s2 -> s8,3,False,False,3,"SDN-контролер будує найкоротший маршрут, але не застосовує політики ролей"
unauthorized_attempts,sdn_shortest_path,unauthorized_attempts_f036,u04,teacher,srv_lms,lms,True,allow,False,s6 -> s3 -> s1 -> s8,3,False,False,3,"SDN-контролер будує найкоротший маршрут, але не застосовує політики ролей"
unauthorized_attempts,sdn_shortest_path,unauthorized_attempts_f037,u04,teacher,srv_internet,internet,True,allow,False,s6 -> s3 -> s1,2,False,False,2,"SDN-контролер будує найкоротший маршрут, але не застосовує політики ролей"
unauthorized_attempts,sdn_shortest_path,unauthorized_attempts_f038,u11,blocked,srv_db,database,False,allow,True,s7 -> s4 -> s2 -> s8,3,False,False,3,"SDN-контролер будує найкоротший маршрут, але не застосовує політики ролей"
unauthorized_attempts,sdn_shortest_path,unauthorized_attempts_f039,u08,admin,srv_file,file,True,allow,False,s9 -> s4 -> s2 -> s8,3,False,False,3,"SDN-контролер будує найкоротший маршрут, але не застосовує політики ролей"
unauthorized_attempts,sdn_shortest_path,unauthorized_attempts_f040,u11,blocked,srv_internet,internet,False,allow,True,s7 -> s4 -> s2 -> s1,3,False,False,3,"SDN-контролер будує найкоротший маршрут, але не застосовує політики ролей"
unauthorized_attempts,sdn_shortest_path,unauthorized_attempts_f041,u04,teacher,srv_db,database,False,allow,True,s6 -> s3 -> s1 -> s8,3,False,False,3,"SDN-контролер будує найкоротший маршрут, але не застосовує політики ролей"
unauthorized_attempts,sdn_shortest_path,unauthorized_attempts_f042,u04,teacher,srv_internet,internet,True,allow,False,s6 -> s3 -> s1,2,False,False,2,"SDN-контролер будує найкоротший маршрут, але не застосовує політики ролей"
unauthorized_attempts,sdn_shortest_path,unauthorized_attempts_f043,u08,admin,srv_db,database,True,allow,False,s9 -> s4 -> s2 -> s8,3,False,False,3,"SDN-контролер будує найкоротший маршрут, але не застосовує політики ролей"
unauthorized_attempts,sdn_shortest_path,unauthorized_attempts_f044,u09,admin,srv_admin,admin,True,allow,False,s9,0,False,False,0,"SDN-контролер будує найкоротший маршрут, але не застосовує політики ролей"
unauthorized_attempts,sdn_shortest_path,unauthorized_attempts_f045,u08,admin,srv_admin,admin,True,allow,False,s9,0,False,False,0,"SDN-контролер будує найкоротший маршрут, але не застосовує політики ролей"
unauthorized_attempts,sdn_shortest_path,unauthorized_attempts_f046,u09,admin,srv_file,file,True,allow,False,s9 -> s4 -> s2 -> s8,3,False,False,3,"SDN-контролер будує найкоротший маршрут, але не застосовує політики ролей"
unauthorized_attempts,sdn_shortest_path,unauthorized_attempts_f047,u09,admin,srv_file,file,True,allow,False,s9 -> s4 -> s2 -> s8,3,False,False,3,"SDN-контролер будує найкоротший маршрут, але не застосовує політики ролей"
unauthorized_attempts,sdn_shortest_path,unauthorized_attempts_f048,u08,admin,srv_file,file,True,allow,False,s9 -> s4 -> s2 -> s8,3,False,False,3,"SDN-контролер будує найкоротший маршрут, але не застосовує політики ролей"
unauthorized_attempts,sdn_shortest_path,unauthorized_attempts_f049,u04,teacher,srv_video,video,True,allow,False,s6 -> s3 -> s1 -> s8,3,False,False,3,"SDN-контролер будує найкоротший маршрут, але не застосовує політики ролей"
unauthorized_attempts,sdn_shortest_path,unauthorized_attempts_f050,u09,admin,srv_file,file,True,allow,False,s9 -> s4 -> s2 -> s8,3,False,False,3,"SDN-контролер будує найкоротший маршрут, але не застосовує політики ролей"
unauthorized_attempts,sdn_shortest_path,unauthorized_attempts_f051,u05,teacher,srv_video,video,True,allow,False,s6 -> s3 -> s1 -> s8,3,False,False,3,"SDN-контролер будує найкоротший маршрут, але не застосовує політики ролей"
unauthorized_attempts,sdn_shortest_path,unauthorized_attempts_f052,u06,guest,srv_db,database,False,allow,True,s7 -> s4 -> s2 -> s8,3,False,False,3,"SDN-контролер будує найкоротший маршрут, але не застосовує політики ролей"
unauthorized_attempts,sdn_shortest_path,unauthorized_attempts_f053,u03,student,srv_db,database,False,allow,True,s7 -> s4 -> s2 -> s8,3,False,False,3,"SDN-контролер будує найкоротший маршрут, але не застосовує політики ролей"
unauthorized_attempts,sdn_shortest_path,unauthorized_attempts_f054,u04,teacher,srv_db,database,False,allow,True,s6 -> s3 -> s1 -> s8,3,False,False,3,"SDN-контролер будує найкоротший маршрут, але не застосовує політики ролей"
unauthorized_attempts,sdn_shortest_path,unauthorized_attempts_f055,u08,admin,srv_file,file,True,allow,False,s9 -> s4 -> s2 -> s8,3,False,False,3,"SDN-контролер будує найкоротший маршрут, але не застосовує політики ролей"
unauthorized_attempts,sdn_shortest_path,unauthorized_attempts_f056,u07,guest,srv_db,database,False,allow,True,s7 -> s4 -> s2 -> s8,3,False,False,3,"SDN-контролер будує найкоротший маршрут, але не застосовує політики ролей"
unauthorized_attempts,sdn_shortest_path,unauthorized_attempts_f057,u01,student,srv_video,video,True,allow,False,s5 -> s2 -> s8,2,False,False,2,"SDN-контролер будує найкоротший маршрут, але не застосовує політики ролей"
unauthorized_attempts,sdn_shortest_path,unauthorized_attempts_f058,u01,student,srv_lms,lms,True,allow,False,s5 -> s2 -> s8,2,False,False,2,"SDN-контролер будує найкоротший маршрут, але не застосовує політики ролей"
unauthorized_attempts,sdn_shortest_path,unauthorized_attempts_f059,u07,guest,srv_internet,internet,True,allow,False,s7 -> s4 -> s2 -> s1,3,False,False,3,"SDN-контролер будує найкоротший маршрут, але не застосовує політики ролей"
unauthorized_attempts,sdn_shortest_path,unauthorized_attempts_f060,u05,teacher,srv_internet,internet,True,allow,False,s6 -> s3 -> s1,2,False,False,2,"SDN-контролер будує найкоротший маршрут, але не застосовує політики ролей"
unauthorized_attempts,sdn_shortest_path,unauthorized_attempts_f061,u11,blocked,srv_file,file,False,allow,True,s7 -> s4 -> s2 -> s8,3,False,False,3,"SDN-контролер будує найкоротший маршрут, але не застосовує політики ролей"
unauthorized_attempts,sdn_shortest_path,unauthorized_attempts_f062,u08,admin,srv_lms,lms,True,allow,False,s9 -> s4 -> s2 -> s8,3,False,False,3,"SDN-контролер будує найкоротший маршрут, але не застосовує політики ролей"
unauthorized_attempts,sdn_shortest_path,unauthorized_attempts_f063,u09,admin,srv_internet,internet,True,allow,False,s9 -> s4 -> s2 -> s1,3,False,False,3,"SDN-контролер будує найкоротший маршрут, але не застосовує політики ролей"
unauthorized_attempts,sdn_shortest_path,unauthorized_attempts_f064,u10,blocked,srv_internet,internet,False,allow,True,s5 -> s3 -> s1,2,False,False,2,"SDN-контролер будує найкоротший маршрут, але не застосовує політики ролей"
unauthorized_attempts,sdn_shortest_path,unauthorized_attempts_f065,u07,guest,srv_admin,admin,False,allow,True,s7 -> s4 -> s9,2,False,False,2,"SDN-контролер будує найкоротший маршрут, але не застосовує політики ролей"
unauthorized_attempts,sdn_shortest_path,unauthorized_attempts_f066,u05,teacher,srv_admin,admin,False,allow,True,s6 -> s9,1,False,False,1,"SDN-контролер будує найкоротший маршрут, але не застосовує політики ролей"
unauthorized_attempts,sdn_shortest_path,unauthorized_attempts_f067,u06,guest,srv_internet,internet,True,allow,False,s7 -> s4 -> s2 -> s1,3,False,False,3,"SDN-контролер будує найкоротший маршрут, але не застосовує політики ролей"
unauthorized_attempts,sdn_shortest_path,unauthorized_attempts_f068,u07,guest,srv_lms,lms,False,allow,True,s7 -> s4 -> s2 -> s8,3,False,False,3,"SDN-контролер будує найкоротший маршрут, але не застосовує політики ролей"
unauthorized_attempts,sdn_shortest_path,unauthorized_attempts_f069,u09,admin,srv_internet,internet,True,allow,False,s9 -> s4 -> s2 -> s1,3,False,False,3,"SDN-контролер будує найкоротший маршрут, але не застосовує політики ролей"
unauthorized_attempts,sdn_shortest_path,unauthorized_attempts_f070,u06,guest,srv_lms,lms,False,allow,True,s7 -> s4 -> s2 -> s8,3,False,False,3,"SDN-контролер будує найкоротший маршрут, але не застосовує політики ролей"
unauthorized_attempts,sdn_shortest_path,unauthorized_attempts_f071,u11,blocked,srv_internet,internet,False,allow,True,s7 -> s4 -> s2 -> s1,3,False,False,3,"SDN-контролер будує найкоротший маршрут, але не застосовує політики ролей"
unauthorized_attempts,sdn_shortest_path,unauthorized_attempts_f072,u04,teacher,srv_lms,lms,True,allow,False,s6 -> s3 -> s1 -> s8,3,False,False,3,"SDN-контролер будує найкоротший маршрут, але не застосовує політики ролей"
unauthorized_attempts,sdn_shortest_path,unauthorized_attempts_f073,u08,admin,srv_db,database,True,allow,False,s9 -> s4 -> s2 -> s8,3,False,False,3,"SDN-контролер будує найкоротший маршрут, але не застосовує політики ролей"
unauthorized_attempts,sdn_shortest_path,unauthorized_attempts_f074,u04,teacher,srv_video,video,True,allow,False,s6 -> s3 -> s1 -> s8,3,False,False,3,"SDN-контролер будує найкоротший маршрут, але не застосовує політики ролей"
unauthorized_attempts,sdn_shortest_path,unauthorized_attempts_f075,u03,student,srv_video,video,True,allow,False,s7 -> s4 -> s2 -> s8,3,False,False,3,"SDN-контролер будує найкоротший маршрут, але не застосовує політики ролей"
unauthorized_attempts,sdn_shortest_path,unauthorized_attempts_f076,u03,student,srv_internet,internet,True,allow,False,s7 -> s4 -> s2 -> s1,3,False,False,3,"SDN-контролер будує найкоротший маршрут, але не застосовує політики ролей"
unauthorized_attempts,sdn_shortest_path,unauthorized_attempts_f077,u05,teacher,srv_file,file,True,allow,False,s6 -> s3 -> s1 -> s8,3,False,False,3,"SDN-контролер будує найкоротший маршрут, але не застосовує політики ролей"
unauthorized_attempts,sdn_shortest_path,unauthorized_attempts_f078,u04,teacher,srv_admin,admin,False,allow,True,s6 -> s9,1,False,False,1,"SDN-контролер будує найкоротший маршрут, але не застосовує політики ролей"
unauthorized_attempts,sdn_shortest_path,unauthorized_attempts_f079,u05,teacher,srv_internet,internet,True,allow,False,s6 -> s3 -> s1,2,False,False,2,"SDN-контролер будує найкоротший маршрут, але не застосовує політики ролей"
unauthorized_attempts,sdn_shortest_path,unauthorized_attempts_f080,u10,blocked,srv_video,video,False,allow,True,s5 -> s2 -> s8,2,False,False,2,"SDN-контролер будує найкоротший маршрут, але не застосовує політики ролей"
unauthorized_attempts,sdn_shortest_path,unauthorized_attempts_f081,u11,blocked,srv_admin,admin,False,allow,True,s7 -> s4 -> s9,2,False,False,2,"SDN-контролер будує найкоротший маршрут, але не застосовує політики ролей"
unauthorized_attempts,sdn_shortest_path,unauthorized_attempts_f082,u01,student,srv_lms,lms,True,allow,False,s5 -> s2 -> s8,2,False,False,2,"SDN-контролер будує найкоротший маршрут, але не застосовує політики ролей"
unauthorized_attempts,sdn_shortest_path,unauthorized_attempts_f083,u06,guest,srv_internet,internet,True,allow,False,s7 -> s4 -> s2 -> s1,3,False,False,3,"SDN-контролер будує найкоротший маршрут, але не застосовує політики ролей"
unauthorized_attempts,sdn_shortest_path,unauthorized_attempts_f084,u07,guest,srv_db,database,False,allow,True,s7 -> s4 -> s2 -> s8,3,False,False,3,"SDN-контролер будує найкоротший маршрут, але не застосовує політики ролей"
unauthorized_attempts,sdn_shortest_path,unauthorized_attempts_f085,u05,teacher,srv_file,file,True,allow,False,s6 -> s3 -> s1 -> s8,3,False,False,3,"SDN-контролер будує найкоротший маршрут, але не застосовує політики ролей"
unauthorized_attempts,sdn_shortest_path,unauthorized_attempts_f086,u10,blocked,srv_lms,lms,False,allow,True,s5 -> s2 -> s8,2,False,False,2,"SDN-контролер будує найкоротший маршрут, але не застосовує політики ролей"
unauthorized_attempts,sdn_shortest_path,unauthorized_attempts_f087,u02,student,srv_admin,admin,False,allow,True,s5 -> s3 -> s4 -> s9,3,False,False,3,"SDN-контролер будує найкоротший маршрут, але не застосовує політики ролей"
unauthorized_attempts,sdn_shortest_path,unauthorized_attempts_f088,u08,admin,srv_admin,admin,True,allow,False,s9,0,False,False,0,"SDN-контролер будує найкоротший маршрут, але не застосовує політики ролей"
unauthorized_attempts,sdn_shortest_path,unauthorized_attempts_f089,u07,guest,srv_admin,admin,False,allow,True,s7 -> s4 -> s9,2,False,False,2,"SDN-контролер будує найкоротший маршрут, але не застосовує політики ролей"
unauthorized_attempts,sdn_shortest_path,unauthorized_attempts_f090,u03,student,srv_lms,lms,True,allow,False,s7 -> s4 -> s2 -> s8,3,False,False,3,"SDN-контролер будує найкоротший маршрут, але не застосовує політики ролей"
unauthorized_attempts,sdn_policy,unauthorized_attempts_f001,u01,student,srv_file,file,False,deny,False,,0,False,False,0,доступ заборонено політикою RBAC: роль student -> сервіс file
unauthorized_attempts,sdn_policy,unauthorized_attempts_f002,u05,teacher,srv_db,database,False,deny,False,,0,False,False,0,доступ заборонено політикою RBAC: роль teacher -> сервіс database
unauthorized_attempts,sdn_policy,unauthorized_attempts_f003,u07,guest,srv_internet,internet,True,allow,False,s7 -> s4 -> s2 -> s1,3,False,False,3,перевірка політики доступу та встановлення маршруту без резервного обходу
unauthorized_attempts,sdn_policy,unauthorized_attempts_f004,u03,student,srv_lms,lms,True,allow,False,s7 -> s4 -> s2 -> s8,3,False,False,3,перевірка політики доступу та встановлення маршруту без резервного обходу
unauthorized_attempts,sdn_policy,unauthorized_attempts_f005,u03,student,srv_internet,internet,True,allow,False,s7 -> s4 -> s2 -> s1,3,False,False,3,перевірка політики доступу та встановлення маршруту без резервного обходу
unauthorized_attempts,sdn_policy,unauthorized_attempts_f006,u01,student,srv_internet,internet,True,allow,False,s5 -> s3 -> s1,2,False,False,2,перевірка політики доступу та встановлення маршруту без резервного обходу
unauthorized_attempts,sdn_policy,unauthorized_attempts_f007,u11,blocked,srv_admin,admin,False,deny,False,,0,False,False,0,доступ заборонено політикою RBAC: роль blocked -> сервіс admin
unauthorized_attempts,sdn_policy,unauthorized_attempts_f008,u07,guest,srv_internet,internet,True,allow,False,s7 -> s4 -> s2 -> s1,3,False,False,3,перевірка політики доступу та встановлення маршруту без резервного обходу
unauthorized_attempts,sdn_policy,unauthorized_attempts_f009,u04,teacher,srv_lms,lms,True,allow,False,s6 -> s3 -> s1 -> s8,3,False,False,3,перевірка політики доступу та встановлення маршруту без резервного обходу
unauthorized_attempts,sdn_policy,unauthorized_attempts_f010,u01,student,srv_admin,admin,False,deny,False,,0,False,False,0,доступ заборонено політикою RBAC: роль student -> сервіс admin
unauthorized_attempts,sdn_policy,unauthorized_attempts_f011,u07,guest,srv_internet,internet,True,allow,False,s7 -> s4 -> s2 -> s1,3,False,False,3,перевірка політики доступу та встановлення маршруту без резервного обходу
unauthorized_attempts,sdn_policy,unauthorized_attempts_f012,u02,student,srv_file,file,False,deny,False,,0,False,False,0,доступ заборонено політикою RBAC: роль student -> сервіс file
unauthorized_attempts,sdn_policy,unauthorized_attempts_f013,u04,teacher,srv_db,database,False,deny,False,,0,False,False,0,доступ заборонено політикою RBAC: роль teacher -> сервіс database
unauthorized_attempts,sdn_policy,unauthorized_attempts_f014,u04,teacher,srv_admin,admin,False,deny,False,,0,False,False,0,доступ заборонено політикою RBAC: роль teacher -> сервіс admin
unauthorized_attempts,sdn_policy,unauthorized_attempts_f015,u05,teacher,srv_video,video,True,allow,False,s6 -> s3 -> s1 -> s8,3,False,False,3,перевірка політики доступу та встановлення маршруту без резервного обходу
unauthorized_attempts,sdn_policy,unauthorized_attempts_f016,u09,admin,srv_file,file,True,allow,False,s9 -> s4 -> s2 -> s8,3,False,False,3,перевірка політики доступу та встановлення маршруту без резервного обходу
unauthorized_attempts,sdn_policy,unauthorized_attempts_f017,u09,admin,srv_video,video,True,allow,False,s9 -> s4 -> s2 -> s8,3,False,False,3,перевірка політики доступу та встановлення маршруту без резервного обходу
unauthorized_attempts,sdn_policy,unauthorized_attempts_f018,u02,student,srv_lms,lms,True,allow,False,s5 -> s2 -> s8,2,False,False,2,перевірка політики доступу та встановлення маршруту без резервного обходу
unauthorized_attempts,sdn_policy,unauthorized_attempts_f019,u05,teacher,srv_db,database,False,deny,False,,0,False,False,0,доступ заборонено політикою RBAC: роль teacher -> сервіс database
unauthorized_attempts,sdn_policy,unauthorized_attempts_f020,u06,guest,srv_internet,internet,True,allow,False,s7 -> s4 -> s2 -> s1,3,False,False,3,перевірка політики доступу та встановлення маршруту без резервного обходу
unauthorized_attempts,sdn_policy,unauthorized_attempts_f021,u10,blocked,srv_internet,internet,False,deny,False,,0,False,False,0,доступ заборонено політикою RBAC: роль blocked -> сервіс internet
unauthorized_attempts,sdn_policy,unauthorized_attempts_f022,u01,student,srv_video,video,True,allow,False,s5 -> s2 -> s8,2,False,False,2,перевірка політики доступу та встановлення маршруту без резервного обходу
unauthorized_attempts,sdn_policy,unauthorized_attempts_f023,u11,blocked,srv_file,file,False,deny,False,,0,False,False,0,доступ заборонено політикою RBAC: роль blocked -> сервіс file
unauthorized_attempts,sdn_policy,unauthorized_attempts_f024,u11,blocked,srv_admin,admin,False,deny,False,,0,False,False,0,доступ заборонено політикою RBAC: роль blocked -> сервіс admin
unauthorized_attempts,sdn_policy,unauthorized_attempts_f025,u02,student,srv_lms,lms,True,allow,False,s5 -> s2 -> s8,2,False,False,2,перевірка політики доступу та встановлення маршруту без резервного обходу
unauthorized_attempts,sdn_policy,unauthorized_attempts_f026,u11,blocked,srv_file,file,False,deny,False,,0,False,False,0,доступ заборонено політикою RBAC: роль blocked -> сервіс file
unauthorized_attempts,sdn_policy,unauthorized_attempts_f027,u09,admin,srv_lms,lms,True,allow,False,s9 -> s4 -> s2 -> s8,3,False,False,3,перевірка політики доступу та встановлення маршруту без резервного обходу
unauthorized_attempts,sdn_policy,unauthorized_attempts_f028,u11,blocked,srv_db,database,False,deny,False,,0,False,False,0,доступ заборонено політикою RBAC: роль blocked -> сервіс database
unauthorized_attempts,sdn_policy,unauthorized_attempts_f029,u03,student,srv_lms,lms,True,allow,False,s7 -> s4 -> s2 -> s8,3,False,False,3,перевірка політики доступу та встановлення маршруту без резервного обходу
unauthorized_attempts,sdn_policy,unauthorized_attempts_f030,u01,student,srv_file,file,False,deny,False,,0,False,False,0,доступ заборонено політикою RBAC: роль student -> сервіс file
unauthorized_attempts,sdn_policy,unauthorized_attempts_f031,u10,blocked,srv_video,video,False,deny,False,,0,False,False,0,доступ заборонено політикою RBAC: роль blocked -> сервіс video
unauthorized_attempts,sdn_policy,unauthorized_attempts_f032,u08,admin,srv_db,database,True,allow,False,s9 -> s4 -> s2 -> s8,3,False,False,3,перевірка політики доступу та встановлення маршруту без резервного обходу
unauthorized_attempts,sdn_policy,unauthorized_attempts_f033,u08,admin,srv_db,database,True,allow,False,s9 -> s4 -> s2 -> s8,3,False,False,3,перевірка політики доступу та встановлення маршруту без резервного обходу
unauthorized_attempts,sdn_policy,unauthorized_attempts_f034,u02,student,srv_db,database,False,deny,False,,0,False,False,0,доступ заборонено політикою RBAC: роль student -> сервіс database
unauthorized_attempts,sdn_policy,unauthorized_attempts_f035,u06,guest,srv_video,video,False,deny,False,,0,False,False,0,доступ заборонено політикою RBAC: роль guest -> сервіс video
unauthorized_attempts,sdn_policy,unauthorized_attempts_f036,u04,teacher,srv_lms,lms,True,allow,False,s6 -> s3 -> s1 -> s8,3,False,False,3,перевірка політики доступу та встановлення маршруту без резервного обходу
unauthorized_attempts,sdn_policy,unauthorized_attempts_f037,u04,teacher,srv_internet,internet,True,allow,False,s6 -> s3 -> s1,2,False,False,2,перевірка політики доступу та встановлення маршруту без резервного обходу
unauthorized_attempts,sdn_policy,unauthorized_attempts_f038,u11,blocked,srv_db,database,False,deny,False,,0,False,False,0,доступ заборонено політикою RBAC: роль blocked -> сервіс database
unauthorized_attempts,sdn_policy,unauthorized_attempts_f039,u08,admin,srv_file,file,True,allow,False,s9 -> s4 -> s2 -> s8,3,False,False,3,перевірка політики доступу та встановлення маршруту без резервного обходу
unauthorized_attempts,sdn_policy,unauthorized_attempts_f040,u11,blocked,srv_internet,internet,False,deny,False,,0,False,False,0,доступ заборонено політикою RBAC: роль blocked -> сервіс internet
unauthorized_attempts,sdn_policy,unauthorized_attempts_f041,u04,teacher,srv_db,database,False,deny,False,,0,False,False,0,доступ заборонено політикою RBAC: роль teacher -> сервіс database
unauthorized_attempts,sdn_policy,unauthorized_attempts_f042,u04,teacher,srv_internet,internet,True,allow,False,s6 -> s3 -> s1,2,False,False,2,перевірка політики доступу та встановлення маршруту без резервного обходу
unauthorized_attempts,sdn_policy,unauthorized_attempts_f043,u08,admin,srv_db,database,True,allow,False,s9 -> s4 -> s2 -> s8,3,False,False,3,перевірка політики доступу та встановлення маршруту без резервного обходу
unauthorized_attempts,sdn_policy,unauthorized_attempts_f044,u09,admin,srv_admin,admin,True,allow,False,s9,0,False,False,0,перевірка політики доступу та встановлення маршруту без резервного обходу
unauthorized_attempts,sdn_policy,unauthorized_attempts_f045,u08,admin,srv_admin,admin,True,allow,False,s9,0,False,False,0,перевірка політики доступу та встановлення маршруту без резервного обходу
unauthorized_attempts,sdn_policy,unauthorized_attempts_f046,u09,admin,srv_file,file,True,allow,False,s9 -> s4 -> s2 -> s8,3,False,False,3,перевірка політики доступу та встановлення маршруту без резервного обходу
unauthorized_attempts,sdn_policy,unauthorized_attempts_f047,u09,admin,srv_file,file,True,allow,False,s9 -> s4 -> s2 -> s8,3,False,False,3,перевірка політики доступу та встановлення маршруту без резервного обходу
unauthorized_attempts,sdn_policy,unauthorized_attempts_f048,u08,admin,srv_file,file,True,allow,False,s9 -> s4 -> s2 -> s8,3,False,False,3,перевірка політики доступу та встановлення маршруту без резервного обходу
unauthorized_attempts,sdn_policy,unauthorized_attempts_f049,u04,teacher,srv_video,video,True,allow,False,s6 -> s3 -> s1 -> s8,3,False,False,3,перевірка політики доступу та встановлення маршруту без резервного обходу
unauthorized_attempts,sdn_policy,unauthorized_attempts_f050,u09,admin,srv_file,file,True,allow,False,s9 -> s4 -> s2 -> s8,3,False,False,3,перевірка політики доступу та встановлення маршруту без резервного обходу
unauthorized_attempts,sdn_policy,unauthorized_attempts_f051,u05,teacher,srv_video,video,True,allow,False,s6 -> s3 -> s1 -> s8,3,False,False,3,перевірка політики доступу та встановлення маршруту без резервного обходу
unauthorized_attempts,sdn_policy,unauthorized_attempts_f052,u06,guest,srv_db,database,False,deny,False,,0,False,False,0,доступ заборонено політикою RBAC: роль guest -> сервіс database
unauthorized_attempts,sdn_policy,unauthorized_attempts_f053,u03,student,srv_db,database,False,deny,False,,0,False,False,0,доступ заборонено політикою RBAC: роль student -> сервіс database
unauthorized_attempts,sdn_policy,unauthorized_attempts_f054,u04,teacher,srv_db,database,False,deny,False,,0,False,False,0,доступ заборонено політикою RBAC: роль teacher -> сервіс database
unauthorized_attempts,sdn_policy,unauthorized_attempts_f055,u08,admin,srv_file,file,True,allow,False,s9 -> s4 -> s2 -> s8,3,False,False,3,перевірка політики доступу та встановлення маршруту без резервного обходу
unauthorized_attempts,sdn_policy,unauthorized_attempts_f056,u07,guest,srv_db,database,False,deny,False,,0,False,False,0,доступ заборонено політикою RBAC: роль guest -> сервіс database
unauthorized_attempts,sdn_policy,unauthorized_attempts_f057,u01,student,srv_video,video,True,allow,False,s5 -> s2 -> s8,2,False,False,2,перевірка політики доступу та встановлення маршруту без резервного обходу
unauthorized_attempts,sdn_policy,unauthorized_attempts_f058,u01,student,srv_lms,lms,True,allow,False,s5 -> s2 -> s8,2,False,False,2,перевірка політики доступу та встановлення маршруту без резервного обходу
unauthorized_attempts,sdn_policy,unauthorized_attempts_f059,u07,guest,srv_internet,internet,True,allow,False,s7 -> s4 -> s2 -> s1,3,False,False,3,перевірка політики доступу та встановлення маршруту без резервного обходу
unauthorized_attempts,sdn_policy,unauthorized_attempts_f060,u05,teacher,srv_internet,internet,True,allow,False,s6 -> s3 -> s1,2,False,False,2,перевірка політики доступу та встановлення маршруту без резервного обходу
unauthorized_attempts,sdn_policy,unauthorized_attempts_f061,u11,blocked,srv_file,file,False,deny,False,,0,False,False,0,доступ заборонено політикою RBAC: роль blocked -> сервіс file
unauthorized_attempts,sdn_policy,unauthorized_attempts_f062,u08,admin,srv_lms,lms,True,allow,False,s9 -> s4 -> s2 -> s8,3,False,False,3,перевірка політики доступу та встановлення маршруту без резервного обходу
unauthorized_attempts,sdn_policy,unauthorized_attempts_f063,u09,admin,srv_internet,internet,True,allow,False,s9 -> s4 -> s2 -> s1,3,False,False,3,перевірка політики доступу та встановлення маршруту без резервного обходу
unauthorized_attempts,sdn_policy,unauthorized_attempts_f064,u10,blocked,srv_internet,internet,False,deny,False,,0,False,False,0,доступ заборонено політикою RBAC: роль blocked -> сервіс internet
unauthorized_attempts,sdn_policy,unauthorized_attempts_f065,u07,guest,srv_admin,admin,False,deny,False,,0,False,False,0,доступ заборонено політикою RBAC: роль guest -> сервіс admin
unauthorized_attempts,sdn_policy,unauthorized_attempts_f066,u05,teacher,srv_admin,admin,False,deny,False,,0,False,False,0,доступ заборонено політикою RBAC: роль teacher -> сервіс admin
unauthorized_attempts,sdn_policy,unauthorized_attempts_f067,u06,guest,srv_internet,internet,True,allow,False,s7 -> s4 -> s2 -> s1,3,False,False,3,перевірка політики доступу та встановлення маршруту без резервного обходу
unauthorized_attempts,sdn_policy,unauthorized_attempts_f068,u07,guest,srv_lms,lms,False,deny,False,,0,False,False,0,доступ заборонено політикою RBAC: роль guest -> сервіс lms
unauthorized_attempts,sdn_policy,unauthorized_attempts_f069,u09,admin,srv_internet,internet,True,allow,False,s9 -> s4 -> s2 -> s1,3,False,False,3,перевірка політики доступу та встановлення маршруту без резервного обходу
unauthorized_attempts,sdn_policy,unauthorized_attempts_f070,u06,guest,srv_lms,lms,False,deny,False,,0,False,False,0,доступ заборонено політикою RBAC: роль guest -> сервіс lms
unauthorized_attempts,sdn_policy,unauthorized_attempts_f071,u11,blocked,srv_internet,internet,False,deny,False,,0,False,False,0,доступ заборонено політикою RBAC: роль blocked -> сервіс internet
unauthorized_attempts,sdn_policy,unauthorized_attempts_f072,u04,teacher,srv_lms,lms,True,allow,False,s6 -> s3 -> s1 -> s8,3,False,False,3,перевірка політики доступу та встановлення маршруту без резервного обходу
unauthorized_attempts,sdn_policy,unauthorized_attempts_f073,u08,admin,srv_db,database,True,allow,False,s9 -> s4 -> s2 -> s8,3,False,False,3,перевірка політики доступу та встановлення маршруту без резервного обходу
unauthorized_attempts,sdn_policy,unauthorized_attempts_f074,u04,teacher,srv_video,video,True,allow,False,s6 -> s3 -> s1 -> s8,3,False,False,3,перевірка політики доступу та встановлення маршруту без резервного обходу
unauthorized_attempts,sdn_policy,unauthorized_attempts_f075,u03,student,srv_video,video,True,allow,False,s7 -> s4 -> s2 -> s8,3,False,False,3,перевірка політики доступу та встановлення маршруту без резервного обходу
unauthorized_attempts,sdn_policy,unauthorized_attempts_f076,u03,student,srv_internet,internet,True,allow,False,s7 -> s4 -> s2 -> s1,3,False,False,3,перевірка політики доступу та встановлення маршруту без резервного обходу
unauthorized_attempts,sdn_policy,unauthorized_attempts_f077,u05,teacher,srv_file,file,True,allow,False,s6 -> s3 -> s1 -> s8,3,False,False,3,перевірка політики доступу та встановлення маршруту без резервного обходу
unauthorized_attempts,sdn_policy,unauthorized_attempts_f078,u04,teacher,srv_admin,admin,False,deny,False,,0,False,False,0,доступ заборонено політикою RBAC: роль teacher -> сервіс admin
unauthorized_attempts,sdn_policy,unauthorized_attempts_f079,u05,teacher,srv_internet,internet,True,allow,False,s6 -> s3 -> s1,2,False,False,2,перевірка політики доступу та встановлення маршруту без резервного обходу
unauthorized_attempts,sdn_policy,unauthorized_attempts_f080,u10,blocked,srv_video,video,False,deny,False,,0,False,False,0,доступ заборонено політикою RBAC: роль blocked -> сервіс video
unauthorized_attempts,sdn_policy,unauthorized_attempts_f081,u11,blocked,srv_admin,admin,False,deny,False,,0,False,False,0,доступ заборонено політикою RBAC: роль blocked -> сервіс admin
unauthorized_attempts,sdn_policy,unauthorized_attempts_f082,u01,student,srv_lms,lms,True,allow,False,s5 -> s2 -> s8,2,False,False,2,перевірка політики доступу та встановлення маршруту без резервного обходу
unauthorized_attempts,sdn_policy,unauthorized_attempts_f083,u06,guest,srv_internet,internet,True,allow,False,s7 -> s4 -> s2 -> s1,3,False,False,3,перевірка політики доступу та встановлення маршруту без резервного обходу
unauthorized_attempts,sdn_policy,unauthorized_attempts_f084,u07,guest,srv_db,database,False,deny,False,,0,False,False,0,доступ заборонено політикою RBAC: роль guest -> сервіс database
unauthorized_attempts,sdn_policy,unauthorized_attempts_f085,u05,teacher,srv_file,file,True,allow,False,s6 -> s3 -> s1 -> s8,3,False,False,3,перевірка політики доступу та встановлення маршруту без резервного обходу
unauthorized_attempts,sdn_policy,unauthorized_attempts_f086,u10,blocked,srv_lms,lms,False,deny,False,,0,False,False,0,доступ заборонено політикою RBAC: роль blocked -> сервіс lms
unauthorized_attempts,sdn_policy,unauthorized_attempts_f087,u02,student,srv_admin,admin,False,deny,False,,0,False,False,0,доступ заборонено політикою RBAC: роль student -> сервіс admin
unauthorized_attempts,sdn_policy,unauthorized_attempts_f088,u08,admin,srv_admin,admin,True,allow,False,s9,0,False,False,0,перевірка політики доступу та встановлення маршруту без резервного обходу
unauthorized_attempts,sdn_policy,unauthorized_attempts_f089,u07,guest,srv_admin,admin,False,deny,False,,0,False,False,0,доступ заборонено політикою RBAC: роль guest -> сервіс admin
unauthorized_attempts,sdn_policy,unauthorized_attempts_f090,u03,student,srv_lms,lms,True,allow,False,s7 -> s4 -> s2 -> s8,3,False,False,3,перевірка політики доступу та встановлення маршруту без резервного обходу
unauthorized_attempts,sdn_resilient_policy,unauthorized_attempts_f001,u01,student,srv_file,file,False,deny,False,,0,False,False,0,доступ заборонено політикою RBAC: роль student -> сервіс file
unauthorized_attempts,sdn_resilient_policy,unauthorized_attempts_f002,u05,teacher,srv_db,database,False,deny,False,,0,False,False,0,доступ заборонено політикою RBAC: роль teacher -> сервіс database
unauthorized_attempts,sdn_resilient_policy,unauthorized_attempts_f003,u07,guest,srv_internet,internet,True,allow,False,s7 -> s4 -> s2 -> s1,3,False,False,3,"перевірка політики доступу, динамічна побудова маршруту та обхід відмовлених каналів"
unauthorized_attempts,sdn_resilient_policy,unauthorized_attempts_f004,u03,student,srv_lms,lms,True,allow,False,s7 -> s4 -> s2 -> s8,3,False,False,3,"перевірка політики доступу, динамічна побудова маршруту та обхід відмовлених каналів"
unauthorized_attempts,sdn_resilient_policy,unauthorized_attempts_f005,u03,student,srv_internet,internet,True,allow,False,s7 -> s4 -> s2 -> s1,3,False,False,3,"перевірка політики доступу, динамічна побудова маршруту та обхід відмовлених каналів"
unauthorized_attempts,sdn_resilient_policy,unauthorized_attempts_f006,u01,student,srv_internet,internet,True,allow,False,s5 -> s3 -> s1,2,False,False,2,"перевірка політики доступу, динамічна побудова маршруту та обхід відмовлених каналів"
unauthorized_attempts,sdn_resilient_policy,unauthorized_attempts_f007,u11,blocked,srv_admin,admin,False,deny,False,,0,False,False,0,доступ заборонено політикою RBAC: роль blocked -> сервіс admin
unauthorized_attempts,sdn_resilient_policy,unauthorized_attempts_f008,u07,guest,srv_internet,internet,True,allow,False,s7 -> s4 -> s2 -> s1,3,False,False,3,"перевірка політики доступу, динамічна побудова маршруту та обхід відмовлених каналів"
unauthorized_attempts,sdn_resilient_policy,unauthorized_attempts_f009,u04,teacher,srv_lms,lms,True,allow,False,s6 -> s3 -> s1 -> s8,3,False,False,3,"перевірка політики доступу, динамічна побудова маршруту та обхід відмовлених каналів"
unauthorized_attempts,sdn_resilient_policy,unauthorized_attempts_f010,u01,student,srv_admin,admin,False,deny,False,,0,False,False,0,доступ заборонено політикою RBAC: роль student -> сервіс admin
unauthorized_attempts,sdn_resilient_policy,unauthorized_attempts_f011,u07,guest,srv_internet,internet,True,allow,False,s7 -> s4 -> s2 -> s1,3,False,False,3,"перевірка політики доступу, динамічна побудова маршруту та обхід відмовлених каналів"
unauthorized_attempts,sdn_resilient_policy,unauthorized_attempts_f012,u02,student,srv_file,file,False,deny,False,,0,False,False,0,доступ заборонено політикою RBAC: роль student -> сервіс file
unauthorized_attempts,sdn_resilient_policy,unauthorized_attempts_f013,u04,teacher,srv_db,database,False,deny,False,,0,False,False,0,доступ заборонено політикою RBAC: роль teacher -> сервіс database
unauthorized_attempts,sdn_resilient_policy,unauthorized_attempts_f014,u04,teacher,srv_admin,admin,False,deny,False,,0,False,False,0,доступ заборонено політикою RBAC: роль teacher -> сервіс admin
unauthorized_attempts,sdn_resilient_policy,unauthorized_attempts_f015,u05,teacher,srv_video,video,True,allow,False,s6 -> s3 -> s1 -> s8,3,False,False,3,"перевірка політики доступу, динамічна побудова маршруту та обхід відмовлених каналів"
unauthorized_attempts,sdn_resilient_policy,unauthorized_attempts_f016,u09,admin,srv_file,file,True,allow,False,s9 -> s4 -> s2 -> s8,3,False,False,3,"перевірка політики доступу, динамічна побудова маршруту та обхід відмовлених каналів"
unauthorized_attempts,sdn_resilient_policy,unauthorized_attempts_f017,u09,admin,srv_video,video,True,allow,False,s9 -> s4 -> s2 -> s8,3,False,False,3,"перевірка політики доступу, динамічна побудова маршруту та обхід відмовлених каналів"
unauthorized_attempts,sdn_resilient_policy,unauthorized_attempts_f018,u02,student,srv_lms,lms,True,allow,False,s5 -> s2 -> s8,2,False,False,2,"перевірка політики доступу, динамічна побудова маршруту та обхід відмовлених каналів"
unauthorized_attempts,sdn_resilient_policy,unauthorized_attempts_f019,u05,teacher,srv_db,database,False,deny,False,,0,False,False,0,доступ заборонено політикою RBAC: роль teacher -> сервіс database
unauthorized_attempts,sdn_resilient_policy,unauthorized_attempts_f020,u06,guest,srv_internet,internet,True,allow,False,s7 -> s4 -> s2 -> s1,3,False,False,3,"перевірка політики доступу, динамічна побудова маршруту та обхід відмовлених каналів"
unauthorized_attempts,sdn_resilient_policy,unauthorized_attempts_f021,u10,blocked,srv_internet,internet,False,deny,False,,0,False,False,0,доступ заборонено політикою RBAC: роль blocked -> сервіс internet
unauthorized_attempts,sdn_resilient_policy,unauthorized_attempts_f022,u01,student,srv_video,video,True,allow,False,s5 -> s2 -> s8,2,False,False,2,"перевірка політики доступу, динамічна побудова маршруту та обхід відмовлених каналів"
unauthorized_attempts,sdn_resilient_policy,unauthorized_attempts_f023,u11,blocked,srv_file,file,False,deny,False,,0,False,False,0,доступ заборонено політикою RBAC: роль blocked -> сервіс file
unauthorized_attempts,sdn_resilient_policy,unauthorized_attempts_f024,u11,blocked,srv_admin,admin,False,deny,False,,0,False,False,0,доступ заборонено політикою RBAC: роль blocked -> сервіс admin
unauthorized_attempts,sdn_resilient_policy,unauthorized_attempts_f025,u02,student,srv_lms,lms,True,allow,False,s5 -> s2 -> s8,2,False,False,2,"перевірка політики доступу, динамічна побудова маршруту та обхід відмовлених каналів"
unauthorized_attempts,sdn_resilient_policy,unauthorized_attempts_f026,u11,blocked,srv_file,file,False,deny,False,,0,False,False,0,доступ заборонено політикою RBAC: роль blocked -> сервіс file
unauthorized_attempts,sdn_resilient_policy,unauthorized_attempts_f027,u09,admin,srv_lms,lms,True,allow,False,s9 -> s4 -> s2 -> s8,3,False,False,3,"перевірка політики доступу, динамічна побудова маршруту та обхід відмовлених каналів"
unauthorized_attempts,sdn_resilient_policy,unauthorized_attempts_f028,u11,blocked,srv_db,database,False,deny,False,,0,False,False,0,доступ заборонено політикою RBAC: роль blocked -> сервіс database
unauthorized_attempts,sdn_resilient_policy,unauthorized_attempts_f029,u03,student,srv_lms,lms,True,allow,False,s7 -> s4 -> s2 -> s8,3,False,False,3,"перевірка політики доступу, динамічна побудова маршруту та обхід відмовлених каналів"
unauthorized_attempts,sdn_resilient_policy,unauthorized_attempts_f030,u01,student,srv_file,file,False,deny,False,,0,False,False,0,доступ заборонено політикою RBAC: роль student -> сервіс file
unauthorized_attempts,sdn_resilient_policy,unauthorized_attempts_f031,u10,blocked,srv_video,video,False,deny,False,,0,False,False,0,доступ заборонено політикою RBAC: роль blocked -> сервіс video
unauthorized_attempts,sdn_resilient_policy,unauthorized_attempts_f032,u08,admin,srv_db,database,True,allow,False,s9 -> s4 -> s2 -> s8,3,False,False,3,"перевірка політики доступу, динамічна побудова маршруту та обхід відмовлених каналів"
unauthorized_attempts,sdn_resilient_policy,unauthorized_attempts_f033,u08,admin,srv_db,database,True,allow,False,s9 -> s4 -> s2 -> s8,3,False,False,3,"перевірка політики доступу, динамічна побудова маршруту та обхід відмовлених каналів"
unauthorized_attempts,sdn_resilient_policy,unauthorized_attempts_f034,u02,student,srv_db,database,False,deny,False,,0,False,False,0,доступ заборонено політикою RBAC: роль student -> сервіс database
unauthorized_attempts,sdn_resilient_policy,unauthorized_attempts_f035,u06,guest,srv_video,video,False,deny,False,,0,False,False,0,доступ заборонено політикою RBAC: роль guest -> сервіс video
unauthorized_attempts,sdn_resilient_policy,unauthorized_attempts_f036,u04,teacher,srv_lms,lms,True,allow,False,s6 -> s3 -> s1 -> s8,3,False,False,3,"перевірка політики доступу, динамічна побудова маршруту та обхід відмовлених каналів"
unauthorized_attempts,sdn_resilient_policy,unauthorized_attempts_f037,u04,teacher,srv_internet,internet,True,allow,False,s6 -> s3 -> s1,2,False,False,2,"перевірка політики доступу, динамічна побудова маршруту та обхід відмовлених каналів"
unauthorized_attempts,sdn_resilient_policy,unauthorized_attempts_f038,u11,blocked,srv_db,database,False,deny,False,,0,False,False,0,доступ заборонено політикою RBAC: роль blocked -> сервіс database
unauthorized_attempts,sdn_resilient_policy,unauthorized_attempts_f039,u08,admin,srv_file,file,True,allow,False,s9 -> s4 -> s2 -> s8,3,False,False,3,"перевірка політики доступу, динамічна побудова маршруту та обхід відмовлених каналів"
unauthorized_attempts,sdn_resilient_policy,unauthorized_attempts_f040,u11,blocked,srv_internet,internet,False,deny,False,,0,False,False,0,доступ заборонено політикою RBAC: роль blocked -> сервіс internet
unauthorized_attempts,sdn_resilient_policy,unauthorized_attempts_f041,u04,teacher,srv_db,database,False,deny,False,,0,False,False,0,доступ заборонено політикою RBAC: роль teacher -> сервіс database
unauthorized_attempts,sdn_resilient_policy,unauthorized_attempts_f042,u04,teacher,srv_internet,internet,True,allow,False,s6 -> s3 -> s1,2,False,False,2,"перевірка політики доступу, динамічна побудова маршруту та обхід відмовлених каналів"
unauthorized_attempts,sdn_resilient_policy,unauthorized_attempts_f043,u08,admin,srv_db,database,True,allow,False,s9 -> s4 -> s2 -> s8,3,False,False,3,"перевірка політики доступу, динамічна побудова маршруту та обхід відмовлених каналів"
unauthorized_attempts,sdn_resilient_policy,unauthorized_attempts_f044,u09,admin,srv_admin,admin,True,allow,False,s9,0,False,False,0,"перевірка політики доступу, динамічна побудова маршруту та обхід відмовлених каналів"
unauthorized_attempts,sdn_resilient_policy,unauthorized_attempts_f045,u08,admin,srv_admin,admin,True,allow,False,s9,0,False,False,0,"перевірка політики доступу, динамічна побудова маршруту та обхід відмовлених каналів"
unauthorized_attempts,sdn_resilient_policy,unauthorized_attempts_f046,u09,admin,srv_file,file,True,allow,False,s9 -> s4 -> s2 -> s8,3,False,False,3,"перевірка політики доступу, динамічна побудова маршруту та обхід відмовлених каналів"
unauthorized_attempts,sdn_resilient_policy,unauthorized_attempts_f047,u09,admin,srv_file,file,True,allow,False,s9 -> s4 -> s2 -> s8,3,False,False,3,"перевірка політики доступу, динамічна побудова маршруту та обхід відмовлених каналів"
unauthorized_attempts,sdn_resilient_policy,unauthorized_attempts_f048,u08,admin,srv_file,file,True,allow,False,s9 -> s4 -> s2 -> s8,3,False,False,3,"перевірка політики доступу, динамічна побудова маршруту та обхід відмовлених каналів"
unauthorized_attempts,sdn_resilient_policy,unauthorized_attempts_f049,u04,teacher,srv_video,video,True,allow,False,s6 -> s3 -> s1 -> s8,3,False,False,3,"перевірка політики доступу, динамічна побудова маршруту та обхід відмовлених каналів"
unauthorized_attempts,sdn_resilient_policy,unauthorized_attempts_f050,u09,admin,srv_file,file,True,allow,False,s9 -> s4 -> s2 -> s8,3,False,False,3,"перевірка політики доступу, динамічна побудова маршруту та обхід відмовлених каналів"
unauthorized_attempts,sdn_resilient_policy,unauthorized_attempts_f051,u05,teacher,srv_video,video,True,allow,False,s6 -> s3 -> s1 -> s8,3,False,False,3,"перевірка політики доступу, динамічна побудова маршруту та обхід відмовлених каналів"
unauthorized_attempts,sdn_resilient_policy,unauthorized_attempts_f052,u06,guest,srv_db,database,False,deny,False,,0,False,False,0,доступ заборонено політикою RBAC: роль guest -> сервіс database
unauthorized_attempts,sdn_resilient_policy,unauthorized_attempts_f053,u03,student,srv_db,database,False,deny,False,,0,False,False,0,доступ заборонено політикою RBAC: роль student -> сервіс database
unauthorized_attempts,sdn_resilient_policy,unauthorized_attempts_f054,u04,teacher,srv_db,database,False,deny,False,,0,False,False,0,доступ заборонено політикою RBAC: роль teacher -> сервіс database
unauthorized_attempts,sdn_resilient_policy,unauthorized_attempts_f055,u08,admin,srv_file,file,True,allow,False,s9 -> s4 -> s2 -> s8,3,False,False,3,"перевірка політики доступу, динамічна побудова маршруту та обхід відмовлених каналів"
unauthorized_attempts,sdn_resilient_policy,unauthorized_attempts_f056,u07,guest,srv_db,database,False,deny,False,,0,False,False,0,доступ заборонено політикою RBAC: роль guest -> сервіс database
unauthorized_attempts,sdn_resilient_policy,unauthorized_attempts_f057,u01,student,srv_video,video,True,allow,False,s5 -> s2 -> s8,2,False,False,2,"перевірка політики доступу, динамічна побудова маршруту та обхід відмовлених каналів"
unauthorized_attempts,sdn_resilient_policy,unauthorized_attempts_f058,u01,student,srv_lms,lms,True,allow,False,s5 -> s2 -> s8,2,False,False,2,"перевірка політики доступу, динамічна побудова маршруту та обхід відмовлених каналів"
unauthorized_attempts,sdn_resilient_policy,unauthorized_attempts_f059,u07,guest,srv_internet,internet,True,allow,False,s7 -> s4 -> s2 -> s1,3,False,False,3,"перевірка політики доступу, динамічна побудова маршруту та обхід відмовлених каналів"
unauthorized_attempts,sdn_resilient_policy,unauthorized_attempts_f060,u05,teacher,srv_internet,internet,True,allow,False,s6 -> s3 -> s1,2,False,False,2,"перевірка політики доступу, динамічна побудова маршруту та обхід відмовлених каналів"
unauthorized_attempts,sdn_resilient_policy,unauthorized_attempts_f061,u11,blocked,srv_file,file,False,deny,False,,0,False,False,0,доступ заборонено політикою RBAC: роль blocked -> сервіс file
unauthorized_attempts,sdn_resilient_policy,unauthorized_attempts_f062,u08,admin,srv_lms,lms,True,allow,False,s9 -> s4 -> s2 -> s8,3,False,False,3,"перевірка політики доступу, динамічна побудова маршруту та обхід відмовлених каналів"
unauthorized_attempts,sdn_resilient_policy,unauthorized_attempts_f063,u09,admin,srv_internet,internet,True,allow,False,s9 -> s4 -> s2 -> s1,3,False,False,3,"перевірка політики доступу, динамічна побудова маршруту та обхід відмовлених каналів"
unauthorized_attempts,sdn_resilient_policy,unauthorized_attempts_f064,u10,blocked,srv_internet,internet,False,deny,False,,0,False,False,0,доступ заборонено політикою RBAC: роль blocked -> сервіс internet
unauthorized_attempts,sdn_resilient_policy,unauthorized_attempts_f065,u07,guest,srv_admin,admin,False,deny,False,,0,False,False,0,доступ заборонено політикою RBAC: роль guest -> сервіс admin
unauthorized_attempts,sdn_resilient_policy,unauthorized_attempts_f066,u05,teacher,srv_admin,admin,False,deny,False,,0,False,False,0,доступ заборонено політикою RBAC: роль teacher -> сервіс admin
unauthorized_attempts,sdn_resilient_policy,unauthorized_attempts_f067,u06,guest,srv_internet,internet,True,allow,False,s7 -> s4 -> s2 -> s1,3,False,False,3,"перевірка політики доступу, динамічна побудова маршруту та обхід відмовлених каналів"
unauthorized_attempts,sdn_resilient_policy,unauthorized_attempts_f068,u07,guest,srv_lms,lms,False,deny,False,,0,False,False,0,доступ заборонено політикою RBAC: роль guest -> сервіс lms
unauthorized_attempts,sdn_resilient_policy,unauthorized_attempts_f069,u09,admin,srv_internet,internet,True,allow,False,s9 -> s4 -> s2 -> s1,3,False,False,3,"перевірка політики доступу, динамічна побудова маршруту та обхід відмовлених каналів"
unauthorized_attempts,sdn_resilient_policy,unauthorized_attempts_f070,u06,guest,srv_lms,lms,False,deny,False,,0,False,False,0,доступ заборонено політикою RBAC: роль guest -> сервіс lms
unauthorized_attempts,sdn_resilient_policy,unauthorized_attempts_f071,u11,blocked,srv_internet,internet,False,deny,False,,0,False,False,0,доступ заборонено політикою RBAC: роль blocked -> сервіс internet
unauthorized_attempts,sdn_resilient_policy,unauthorized_attempts_f072,u04,teacher,srv_lms,lms,True,allow,False,s6 -> s3 -> s1 -> s8,3,False,False,3,"перевірка політики доступу, динамічна побудова маршруту та обхід відмовлених каналів"
unauthorized_attempts,sdn_resilient_policy,unauthorized_attempts_f073,u08,admin,srv_db,database,True,allow,False,s9 -> s4 -> s2 -> s8,3,False,False,3,"перевірка політики доступу, динамічна побудова маршруту та обхід відмовлених каналів"
unauthorized_attempts,sdn_resilient_policy,unauthorized_attempts_f074,u04,teacher,srv_video,video,True,allow,False,s6 -> s3 -> s1 -> s8,3,False,False,3,"перевірка політики доступу, динамічна побудова маршруту та обхід відмовлених каналів"
unauthorized_attempts,sdn_resilient_policy,unauthorized_attempts_f075,u03,student,srv_video,video,True,allow,False,s7 -> s4 -> s2 -> s8,3,False,False,3,"перевірка політики доступу, динамічна побудова маршруту та обхід відмовлених каналів"
unauthorized_attempts,sdn_resilient_policy,unauthorized_attempts_f076,u03,student,srv_internet,internet,True,allow,False,s7 -> s4 -> s2 -> s1,3,False,False,3,"перевірка політики доступу, динамічна побудова маршруту та обхід відмовлених каналів"
unauthorized_attempts,sdn_resilient_policy,unauthorized_attempts_f077,u05,teacher,srv_file,file,True,allow,False,s6 -> s3 -> s1 -> s8,3,False,False,3,"перевірка політики доступу, динамічна побудова маршруту та обхід відмовлених каналів"
unauthorized_attempts,sdn_resilient_policy,unauthorized_attempts_f078,u04,teacher,srv_admin,admin,False,deny,False,,0,False,False,0,доступ заборонено політикою RBAC: роль teacher -> сервіс admin
unauthorized_attempts,sdn_resilient_policy,unauthorized_attempts_f079,u05,teacher,srv_internet,internet,True,allow,False,s6 -> s3 -> s1,2,False,False,2,"перевірка політики доступу, динамічна побудова маршруту та обхід відмовлених каналів"
unauthorized_attempts,sdn_resilient_policy,unauthorized_attempts_f080,u10,blocked,srv_video,video,False,deny,False,,0,False,False,0,доступ заборонено політикою RBAC: роль blocked -> сервіс video
unauthorized_attempts,sdn_resilient_policy,unauthorized_attempts_f081,u11,blocked,srv_admin,admin,False,deny,False,,0,False,False,0,доступ заборонено політикою RBAC: роль blocked -> сервіс admin
unauthorized_attempts,sdn_resilient_policy,unauthorized_attempts_f082,u01,student,srv_lms,lms,True,allow,False,s5 -> s2 -> s8,2,False,False,2,"перевірка політики доступу, динамічна побудова маршруту та обхід відмовлених каналів"
unauthorized_attempts,sdn_resilient_policy,unauthorized_attempts_f083,u06,guest,srv_internet,internet,True,allow,False,s7 -> s4 -> s2 -> s1,3,False,False,3,"перевірка політики доступу, динамічна побудова маршруту та обхід відмовлених каналів"
unauthorized_attempts,sdn_resilient_policy,unauthorized_attempts_f084,u07,guest,srv_db,database,False,deny,False,,0,False,False,0,доступ заборонено політикою RBAC: роль guest -> сервіс database
unauthorized_attempts,sdn_resilient_policy,unauthorized_attempts_f085,u05,teacher,srv_file,file,True,allow,False,s6 -> s3 -> s1 -> s8,3,False,False,3,"перевірка політики доступу, динамічна побудова маршруту та обхід відмовлених каналів"
unauthorized_attempts,sdn_resilient_policy,unauthorized_attempts_f086,u10,blocked,srv_lms,lms,False,deny,False,,0,False,False,0,доступ заборонено політикою RBAC: роль blocked -> сервіс lms
unauthorized_attempts,sdn_resilient_policy,unauthorized_attempts_f087,u02,student,srv_admin,admin,False,deny,False,,0,False,False,0,доступ заборонено політикою RBAC: роль student -> сервіс admin
unauthorized_attempts,sdn_resilient_policy,unauthorized_attempts_f088,u08,admin,srv_admin,admin,True,allow,False,s9,0,False,False,0,"перевірка політики доступу, динамічна побудова маршруту та обхід відмовлених каналів"
unauthorized_attempts,sdn_resilient_policy,unauthorized_attempts_f089,u07,guest,srv_admin,admin,False,deny,False,,0,False,False,0,доступ заборонено політикою RBAC: роль guest -> сервіс admin
unauthorized_attempts,sdn_resilient_policy,unauthorized_attempts_f090,u03,student,srv_lms,lms,True,allow,False,s7 -> s4 -> s2 -> s8,3,False,False,3,"перевірка політики доступу, динамічна побудова маршруту та обхід відмовлених каналів"
link_failure,static_acl,link_failure_f001,u06,guest,srv_internet,internet,True,allow,False,s7 -> s4 -> s2 -> s1,3,False,False,3,статична таблиця ACL і наперед заданий маршрут
link_failure,static_acl,link_failure_f002,u09,admin,srv_lms,lms,True,allow,False,s9 -> s4 -> s2 -> s8,3,False,False,3,статична таблиця ACL і наперед заданий маршрут
link_failure,static_acl,link_failure_f003,u07,guest,srv_internet,internet,True,allow,False,s7 -> s4 -> s2 -> s1,3,False,False,3,статична таблиця ACL і наперед заданий маршрут
link_failure,static_acl,link_failure_f004,u11,blocked,srv_file,file,False,deny,False,,0,False,False,0,статична таблиця ACL і наперед заданий маршрут
link_failure,static_acl,link_failure_f005,u02,student,srv_lms,lms,True,unreachable,False,,0,False,True,0,статична таблиця ACL і наперед заданий маршрут
link_failure,static_acl,link_failure_f006,u05,teacher,srv_video,video,True,unreachable,False,,0,False,True,0,статична таблиця ACL і наперед заданий маршрут
link_failure,static_acl,link_failure_f007,u09,admin,srv_video,video,True,allow,False,s9 -> s4 -> s2 -> s8,3,False,False,3,статична таблиця ACL і наперед заданий маршрут
link_failure,static_acl,link_failure_f008,u09,admin,srv_video,video,True,allow,False,s9 -> s4 -> s2 -> s8,3,False,False,3,статична таблиця ACL і наперед заданий маршрут
link_failure,static_acl,link_failure_f009,u08,admin,srv_video,video,True,allow,False,s9 -> s4 -> s2 -> s8,3,False,False,3,статична таблиця ACL і наперед заданий маршрут
link_failure,static_acl,link_failure_f010,u04,teacher,srv_lms,lms,True,unreachable,False,,0,False,True,0,статична таблиця ACL і наперед заданий маршрут
link_failure,static_acl,link_failure_f011,u09,admin,srv_db,database,True,allow,False,s9 -> s4 -> s2 -> s8,3,False,False,3,статична таблиця ACL і наперед заданий маршрут
link_failure,static_acl,link_failure_f012,u04,teacher,srv_video,video,True,unreachable,False,,0,False,True,0,статична таблиця ACL і наперед заданий маршрут
link_failure,static_acl,link_failure_f013,u09,admin,srv_admin,admin,True,allow,False,s9,0,False,False,0,статична таблиця ACL і наперед заданий маршрут
link_failure,static_acl,link_failure_f014,u02,student,srv_lms,lms,True,unreachable,False,,0,False,True,0,статична таблиця ACL і наперед заданий маршрут
link_failure,static_acl,link_failure_f015,u03,student,srv_video,video,True,allow,False,s7 -> s4 -> s2 -> s8,3,False,False,3,статична таблиця ACL і наперед заданий маршрут
link_failure,static_acl,link_failure_f016,u05,teacher,srv_admin,admin,False,deny,False,,0,False,False,0,статична таблиця ACL і наперед заданий маршрут
link_failure,static_acl,link_failure_f017,u03,student,srv_lms,lms,True,allow,False,s7 -> s4 -> s2 -> s8,3,False,False,3,статична таблиця ACL і наперед заданий маршрут
link_failure,static_acl,link_failure_f018,u01,student,srv_lms,lms,True,unreachable,False,,0,False,True,0,статична таблиця ACL і наперед заданий маршрут
link_failure,static_acl,link_failure_f019,u06,guest,srv_internet,internet,True,allow,False,s7 -> s4 -> s2 -> s1,3,False,False,3,статична таблиця ACL і наперед заданий маршрут
link_failure,static_acl,link_failure_f020,u08,admin,srv_internet,internet,True,allow,False,s9 -> s4 -> s2 -> s1,3,False,False,3,статична таблиця ACL і наперед заданий маршрут
link_failure,static_acl,link_failure_f021,u07,guest,srv_internet,internet,True,allow,False,s7 -> s4 -> s2 -> s1,3,False,False,3,статична таблиця ACL і наперед заданий маршрут
link_failure,static_acl,link_failure_f022,u10,blocked,srv_internet,internet,False,allow,True,s5 -> s3 -> s1,2,False,False,2,статична таблиця ACL і наперед заданий маршрут
link_failure,static_acl,link_failure_f023,u02,student,srv_lms,lms,True,unreachable,False,,0,False,True,0,статична таблиця ACL і наперед заданий маршрут
link_failure,static_acl,link_failure_f024,u10,blocked,srv_admin,admin,False,deny,False,,0,False,False,0,статична таблиця ACL і наперед заданий маршрут
link_failure,static_acl,link_failure_f025,u08,admin,srv_video,video,True,allow,False,s9 -> s4 -> s2 -> s8,3,False,False,3,статична таблиця ACL і наперед заданий маршрут
link_failure,static_acl,link_failure_f026,u07,guest,srv_internet,internet,True,allow,False,s7 -> s4 -> s2 -> s1,3,False,False,3,статична таблиця ACL і наперед заданий маршрут
link_failure,static_acl,link_failure_f027,u02,student,srv_internet,internet,True,allow,False,s5 -> s3 -> s1,2,False,False,2,статична таблиця ACL і наперед заданий маршрут
link_failure,static_acl,link_failure_f028,u05,teacher,srv_lms,lms,True,unreachable,False,,0,False,True,0,статична таблиця ACL і наперед заданий маршрут
link_failure,static_acl,link_failure_f029,u09,admin,srv_internet,internet,True,allow,False,s9 -> s4 -> s2 -> s1,3,False,False,3,статична таблиця ACL і наперед заданий маршрут
link_failure,static_acl,link_failure_f030,u07,guest,srv_internet,internet,True,allow,False,s7 -> s4 -> s2 -> s1,3,False,False,3,статична таблиця ACL і наперед заданий маршрут
link_failure,static_acl,link_failure_f031,u04,teacher,srv_video,video,True,unreachable,False,,0,False,True,0,статична таблиця ACL і наперед заданий маршрут
link_failure,static_acl,link_failure_f032,u08,admin,srv_internet,internet,True,allow,False,s9 -> s4 -> s2 -> s1,3,False,False,3,статична таблиця ACL і наперед заданий маршрут
link_failure,static_acl,link_failure_f033,u05,teacher,srv_lms,lms,True,unreachable,False,,0,False,True,0,статична таблиця ACL і наперед заданий маршрут
link_failure,static_acl,link_failure_f034,u09,admin,srv_lms,lms,True,allow,False,s9 -> s4 -> s2 -> s8,3,False,False,3,статична таблиця ACL і наперед заданий маршрут
link_failure,static_acl,link_failure_f035,u05,teacher,srv_internet,internet,True,unreachable,False,,0,False,True,0,статична таблиця ACL і наперед заданий маршрут
link_failure,static_acl,link_failure_f036,u05,teacher,srv_video,video,True,unreachable,False,,0,False,True,0,статична таблиця ACL і наперед заданий маршрут
link_failure,static_acl,link_failure_f037,u08,admin,srv_db,database,True,allow,False,s9 -> s4 -> s2 -> s8,3,False,False,3,статична таблиця ACL і наперед заданий маршрут
link_failure,static_acl,link_failure_f038,u07,guest,srv_internet,internet,True,allow,False,s7 -> s4 -> s2 -> s1,3,False,False,3,статична таблиця ACL і наперед заданий маршрут
link_failure,static_acl,link_failure_f039,u10,blocked,srv_file,file,False,deny,False,,0,False,False,0,статична таблиця ACL і наперед заданий маршрут
link_failure,static_acl,link_failure_f040,u10,blocked,srv_internet,internet,False,allow,True,s5 -> s3 -> s1,2,False,False,2,статична таблиця ACL і наперед заданий маршрут
link_failure,static_acl,link_failure_f041,u11,blocked,srv_admin,admin,False,deny,False,,0,False,False,0,статична таблиця ACL і наперед заданий маршрут
link_failure,static_acl,link_failure_f042,u01,student,srv_video,video,True,unreachable,False,,0,False,True,0,статична таблиця ACL і наперед заданий маршрут
link_failure,static_acl,link_failure_f043,u10,blocked,srv_lms,lms,False,deny,False,,0,False,False,0,статична таблиця ACL і наперед заданий маршрут
link_failure,static_acl,link_failure_f044,u11,blocked,srv_video,video,False,deny,False,,0,False,False,0,статична таблиця ACL і наперед заданий маршрут
link_failure,static_acl,link_failure_f045,u10,blocked,srv_file,file,False,deny,False,,0,False,False,0,статична таблиця ACL і наперед заданий маршрут
link_failure,static_acl,link_failure_f046,u08,admin,srv_video,video,True,allow,False,s9 -> s4 -> s2 -> s8,3,False,False,3,статична таблиця ACL і наперед заданий маршрут
link_failure,static_acl,link_failure_f047,u06,guest,srv_internet,internet,True,allow,False,s7 -> s4 -> s2 -> s1,3,False,False,3,статична таблиця ACL і наперед заданий маршрут
link_failure,static_acl,link_failure_f048,u08,admin,srv_video,video,True,allow,False,s9 -> s4 -> s2 -> s8,3,False,False,3,статична таблиця ACL і наперед заданий маршрут
link_failure,static_acl,link_failure_f049,u07,guest,srv_internet,internet,True,allow,False,s7 -> s4 -> s2 -> s1,3,False,False,3,статична таблиця ACL і наперед заданий маршрут
link_failure,static_acl,link_failure_f050,u06,guest,srv_internet,internet,True,allow,False,s7 -> s4 -> s2 -> s1,3,False,False,3,статична таблиця ACL і наперед заданий маршрут
link_failure,static_acl,link_failure_f051,u07,guest,srv_internet,internet,True,allow,False,s7 -> s4 -> s2 -> s1,3,False,False,3,статична таблиця ACL і наперед заданий маршрут
link_failure,static_acl,link_failure_f052,u09,admin,srv_file,file,True,allow,False,s9 -> s4 -> s2 -> s8,3,False,False,3,статична таблиця ACL і наперед заданий маршрут
link_failure,static_acl,link_failure_f053,u04,teacher,srv_file,file,True,unreachable,False,,0,False,True,0,статична таблиця ACL і наперед заданий маршрут
link_failure,static_acl,link_failure_f054,u01,student,srv_video,video,True,unreachable,False,,0,False,True,0,статична таблиця ACL і наперед заданий маршрут
link_failure,static_acl,link_failure_f055,u05,teacher,srv_file,file,True,unreachable,False,,0,False,True,0,статична таблиця ACL і наперед заданий маршрут
link_failure,static_acl,link_failure_f056,u11,blocked,srv_lms,lms,False,deny,False,,0,False,False,0,статична таблиця ACL і наперед заданий маршрут
link_failure,static_acl,link_failure_f057,u05,teacher,srv_file,file,True,unreachable,False,,0,False,True,0,статична таблиця ACL і наперед заданий маршрут
link_failure,static_acl,link_failure_f058,u02,student,srv_internet,internet,True,allow,False,s5 -> s3 -> s1,2,False,False,2,статична таблиця ACL і наперед заданий маршрут
link_failure,static_acl,link_failure_f059,u03,student,srv_video,video,True,allow,False,s7 -> s4 -> s2 -> s8,3,False,False,3,статична таблиця ACL і наперед заданий маршрут
link_failure,static_acl,link_failure_f060,u05,teacher,srv_file,file,True,unreachable,False,,0,False,True,0,статична таблиця ACL і наперед заданий маршрут
link_failure,static_acl,link_failure_f061,u04,teacher,srv_lms,lms,True,unreachable,False,,0,False,True,0,статична таблиця ACL і наперед заданий маршрут
link_failure,static_acl,link_failure_f062,u10,blocked,srv_lms,lms,False,deny,False,,0,False,False,0,статична таблиця ACL і наперед заданий маршрут
link_failure,static_acl,link_failure_f063,u05,teacher,srv_file,file,True,unreachable,False,,0,False,True,0,статична таблиця ACL і наперед заданий маршрут
link_failure,static_acl,link_failure_f064,u09,admin,srv_video,video,True,allow,False,s9 -> s4 -> s2 -> s8,3,False,False,3,статична таблиця ACL і наперед заданий маршрут
link_failure,static_acl,link_failure_f065,u05,teacher,srv_file,file,True,unreachable,False,,0,False,True,0,статична таблиця ACL і наперед заданий маршрут
link_failure,static_acl,link_failure_f066,u08,admin,srv_admin,admin,True,allow,False,s9,0,False,False,0,статична таблиця ACL і наперед заданий маршрут
link_failure,static_acl,link_failure_f067,u06,guest,srv_internet,internet,True,allow,False,s7 -> s4 -> s2 -> s1,3,False,False,3,статична таблиця ACL і наперед заданий маршрут
link_failure,static_acl,link_failure_f068,u06,guest,srv_internet,internet,True,allow,False,s7 -> s4 -> s2 -> s1,3,False,False,3,статична таблиця ACL і наперед заданий маршрут
link_failure,static_acl,link_failure_f069,u04,teacher,srv_file,file,True,unreachable,False,,0,False,True,0,статична таблиця ACL і наперед заданий маршрут
link_failure,static_acl,link_failure_f070,u08,admin,srv_db,database,True,allow,False,s9 -> s4 -> s2 -> s8,3,False,False,3,статична таблиця ACL і наперед заданий маршрут
link_failure,static_acl,link_failure_f071,u07,guest,srv_internet,internet,True,allow,False,s7 -> s4 -> s2 -> s1,3,False,False,3,статична таблиця ACL і наперед заданий маршрут
link_failure,static_acl,link_failure_f072,u01,student,srv_video,video,True,unreachable,False,,0,False,True,0,статична таблиця ACL і наперед заданий маршрут
link_failure,static_acl,link_failure_f073,u02,student,srv_lms,lms,True,unreachable,False,,0,False,True,0,статична таблиця ACL і наперед заданий маршрут
link_failure,static_acl,link_failure_f074,u08,admin,srv_internet,internet,True,allow,False,s9 -> s4 -> s2 -> s1,3,False,False,3,статична таблиця ACL і наперед заданий маршрут
link_failure,static_acl,link_failure_f075,u07,guest,srv_internet,internet,True,allow,False,s7 -> s4 -> s2 -> s1,3,False,False,3,статична таблиця ACL і наперед заданий маршрут
link_failure,static_acl,link_failure_f076,u05,teacher,srv_file,file,True,unreachable,False,,0,False,True,0,статична таблиця ACL і наперед заданий маршрут
link_failure,static_acl,link_failure_f077,u06,guest,srv_internet,internet,True,allow,False,s7 -> s4 -> s2 -> s1,3,False,False,3,статична таблиця ACL і наперед заданий маршрут
link_failure,static_acl,link_failure_f078,u11,blocked,srv_file,file,False,deny,False,,0,False,False,0,статична таблиця ACL і наперед заданий маршрут
link_failure,static_acl,link_failure_f079,u01,student,srv_internet,internet,True,allow,False,s5 -> s3 -> s1,2,False,False,2,статична таблиця ACL і наперед заданий маршрут
link_failure,static_acl,link_failure_f080,u05,teacher,srv_internet,internet,True,unreachable,False,,0,False,True,0,статична таблиця ACL і наперед заданий маршрут
link_failure,static_acl,link_failure_f081,u02,student,srv_video,video,True,unreachable,False,,0,False,True,0,статична таблиця ACL і наперед заданий маршрут
link_failure,static_acl,link_failure_f082,u08,admin,srv_lms,lms,True,allow,False,s9 -> s4 -> s2 -> s8,3,False,False,3,статична таблиця ACL і наперед заданий маршрут
link_failure,static_acl,link_failure_f083,u01,student,srv_file,file,False,unreachable,True,,0,False,True,0,статична таблиця ACL і наперед заданий маршрут
link_failure,static_acl,link_failure_f084,u06,guest,srv_internet,internet,True,allow,False,s7 -> s4 -> s2 -> s1,3,False,False,3,статична таблиця ACL і наперед заданий маршрут
link_failure,static_acl,link_failure_f085,u10,blocked,srv_lms,lms,False,deny,False,,0,False,False,0,статична таблиця ACL і наперед заданий маршрут
link_failure,static_acl,link_failure_f086,u02,student,srv_lms,lms,True,unreachable,False,,0,False,True,0,статична таблиця ACL і наперед заданий маршрут
link_failure,static_acl,link_failure_f087,u04,teacher,srv_lms,lms,True,unreachable,False,,0,False,True,0,статична таблиця ACL і наперед заданий маршрут
link_failure,static_acl,link_failure_f088,u11,blocked,srv_video,video,False,deny,False,,0,False,False,0,статична таблиця ACL і наперед заданий маршрут
link_failure,static_acl,link_failure_f089,u08,admin,srv_video,video,True,allow,False,s9 -> s4 -> s2 -> s8,3,False,False,3,статична таблиця ACL і наперед заданий маршрут
link_failure,static_acl,link_failure_f090,u03,student,srv_admin,admin,False,deny,False,,0,False,False,0,статична таблиця ACL і наперед заданий маршрут
link_failure,sdn_shortest_path,link_failure_f001,u06,guest,srv_internet,internet,True,allow,False,s7 -> s4 -> s2 -> s1,3,True,False,3,"SDN-контролер будує найкоротший маршрут, але не застосовує політики ролей"
link_failure,sdn_shortest_path,link_failure_f002,u09,admin,srv_lms,lms,True,allow,False,s9 -> s4 -> s2 -> s8,3,True,False,3,"SDN-контролер будує найкоротший маршрут, але не застосовує політики ролей"
link_failure,sdn_shortest_path,link_failure_f003,u07,guest,srv_internet,internet,True,allow,False,s7 -> s4 -> s2 -> s1,3,True,False,3,"SDN-контролер будує найкоротший маршрут, але не застосовує політики ролей"
link_failure,sdn_shortest_path,link_failure_f004,u11,blocked,srv_file,file,False,allow,True,s7 -> s4 -> s2 -> s8,3,True,False,3,"SDN-контролер будує найкоротший маршрут, але не застосовує політики ролей"
link_failure,sdn_shortest_path,link_failure_f005,u02,student,srv_lms,lms,True,allow,False,s5 -> s3 -> s1 -> s8,3,True,False,3,"SDN-контролер будує найкоротший маршрут, але не застосовує політики ролей"
link_failure,sdn_shortest_path,link_failure_f006,u05,teacher,srv_video,video,True,allow,False,s6 -> s9 -> s4 -> s2 -> s8,4,True,False,4,"SDN-контролер будує найкоротший маршрут, але не застосовує політики ролей"
link_failure,sdn_shortest_path,link_failure_f007,u09,admin,srv_video,video,True,allow,False,s9 -> s4 -> s2 -> s8,3,True,False,3,"SDN-контролер будує найкоротший маршрут, але не застосовує політики ролей"
link_failure,sdn_shortest_path,link_failure_f008,u09,admin,srv_video,video,True,allow,False,s9 -> s4 -> s2 -> s8,3,True,False,3,"SDN-контролер будує найкоротший маршрут, але не застосовує політики ролей"
link_failure,sdn_shortest_path,link_failure_f009,u08,admin,srv_video,video,True,allow,False,s9 -> s4 -> s2 -> s8,3,True,False,3,"SDN-контролер будує найкоротший маршрут, але не застосовує політики ролей"
link_failure,sdn_shortest_path,link_failure_f010,u04,teacher,srv_lms,lms,True,allow,False,s6 -> s9 -> s4 -> s2 -> s8,4,True,False,4,"SDN-контролер будує найкоротший маршрут, але не застосовує політики ролей"
link_failure,sdn_shortest_path,link_failure_f011,u09,admin,srv_db,database,True,allow,False,s9 -> s4 -> s2 -> s8,3,True,False,3,"SDN-контролер будує найкоротший маршрут, але не застосовує політики ролей"
link_failure,sdn_shortest_path,link_failure_f012,u04,teacher,srv_video,video,True,allow,False,s6 -> s9 -> s4 -> s2 -> s8,4,True,False,4,"SDN-контролер будує найкоротший маршрут, але не застосовує політики ролей"
link_failure,sdn_shortest_path,link_failure_f013,u09,admin,srv_admin,admin,True,allow,False,s9,0,True,False,0,"SDN-контролер будує найкоротший маршрут, але не застосовує політики ролей"
link_failure,sdn_shortest_path,link_failure_f014,u02,student,srv_lms,lms,True,allow,False,s5 -> s3 -> s1 -> s8,3,True,False,3,"SDN-контролер будує найкоротший маршрут, але не застосовує політики ролей"
link_failure,sdn_shortest_path,link_failure_f015,u03,student,srv_video,video,True,allow,False,s7 -> s4 -> s2 -> s8,3,True,False,3,"SDN-контролер будує найкоротший маршрут, але не застосовує політики ролей"
link_failure,sdn_shortest_path,link_failure_f016,u05,teacher,srv_admin,admin,False,allow,True,s6 -> s9,1,True,False,1,"SDN-контролер будує найкоротший маршрут, але не застосовує політики ролей"
link_failure,sdn_shortest_path,link_failure_f017,u03,student,srv_lms,lms,True,allow,False,s7 -> s4 -> s2 -> s8,3,True,False,3,"SDN-контролер будує найкоротший маршрут, але не застосовує політики ролей"
link_failure,sdn_shortest_path,link_failure_f018,u01,student,srv_lms,lms,True,allow,False,s5 -> s3 -> s1 -> s8,3,True,False,3,"SDN-контролер будує найкоротший маршрут, але не застосовує політики ролей"
link_failure,sdn_shortest_path,link_failure_f019,u06,guest,srv_internet,internet,True,allow,False,s7 -> s4 -> s2 -> s1,3,True,False,3,"SDN-контролер будує найкоротший маршрут, але не застосовує політики ролей"
link_failure,sdn_shortest_path,link_failure_f020,u08,admin,srv_internet,internet,True,allow,False,s9 -> s4 -> s2 -> s1,3,True,False,3,"SDN-контролер будує найкоротший маршрут, але не застосовує політики ролей"
link_failure,sdn_shortest_path,link_failure_f021,u07,guest,srv_internet,internet,True,allow,False,s7 -> s4 -> s2 -> s1,3,True,False,3,"SDN-контролер будує найкоротший маршрут, але не застосовує політики ролей"
link_failure,sdn_shortest_path,link_failure_f022,u10,blocked,srv_internet,internet,False,allow,True,s5 -> s3 -> s1,2,True,False,2,"SDN-контролер будує найкоротший маршрут, але не застосовує політики ролей"
link_failure,sdn_shortest_path,link_failure_f023,u02,student,srv_lms,lms,True,allow,False,s5 -> s3 -> s1 -> s8,3,True,False,3,"SDN-контролер будує найкоротший маршрут, але не застосовує політики ролей"
link_failure,sdn_shortest_path,link_failure_f024,u10,blocked,srv_admin,admin,False,allow,True,s5 -> s3 -> s4 -> s9,3,True,False,3,"SDN-контролер будує найкоротший маршрут, але не застосовує політики ролей"
link_failure,sdn_shortest_path,link_failure_f025,u08,admin,srv_video,video,True,allow,False,s9 -> s4 -> s2 -> s8,3,True,False,3,"SDN-контролер будує найкоротший маршрут, але не застосовує політики ролей"
link_failure,sdn_shortest_path,link_failure_f026,u07,guest,srv_internet,internet,True,allow,False,s7 -> s4 -> s2 -> s1,3,True,False,3,"SDN-контролер будує найкоротший маршрут, але не застосовує політики ролей"
link_failure,sdn_shortest_path,link_failure_f027,u02,student,srv_internet,internet,True,allow,False,s5 -> s3 -> s1,2,True,False,2,"SDN-контролер будує найкоротший маршрут, але не застосовує політики ролей"
link_failure,sdn_shortest_path,link_failure_f028,u05,teacher,srv_lms,lms,True,allow,False,s6 -> s9 -> s4 -> s2 -> s8,4,True,False,4,"SDN-контролер будує найкоротший маршрут, але не застосовує політики ролей"
link_failure,sdn_shortest_path,link_failure_f029,u09,admin,srv_internet,internet,True,allow,False,s9 -> s4 -> s2 -> s1,3,True,False,3,"SDN-контролер будує найкоротший маршрут, але не застосовує політики ролей"
link_failure,sdn_shortest_path,link_failure_f030,u07,guest,srv_internet,internet,True,allow,False,s7 -> s4 -> s2 -> s1,3,True,False,3,"SDN-контролер будує найкоротший маршрут, але не застосовує політики ролей"
link_failure,sdn_shortest_path,link_failure_f031,u04,teacher,srv_video,video,True,allow,False,s6 -> s9 -> s4 -> s2 -> s8,4,True,False,4,"SDN-контролер будує найкоротший маршрут, але не застосовує політики ролей"
link_failure,sdn_shortest_path,link_failure_f032,u08,admin,srv_internet,internet,True,allow,False,s9 -> s4 -> s2 -> s1,3,True,False,3,"SDN-контролер будує найкоротший маршрут, але не застосовує політики ролей"
link_failure,sdn_shortest_path,link_failure_f033,u05,teacher,srv_lms,lms,True,allow,False,s6 -> s9 -> s4 -> s2 -> s8,4,True,False,4,"SDN-контролер будує найкоротший маршрут, але не застосовує політики ролей"
link_failure,sdn_shortest_path,link_failure_f034,u09,admin,srv_lms,lms,True,allow,False,s9 -> s4 -> s2 -> s8,3,True,False,3,"SDN-контролер будує найкоротший маршрут, але не застосовує політики ролей"
link_failure,sdn_shortest_path,link_failure_f035,u05,teacher,srv_internet,internet,True,allow,False,s6 -> s9 -> s4 -> s2 -> s1,4,True,False,4,"SDN-контролер будує найкоротший маршрут, але не застосовує політики ролей"
link_failure,sdn_shortest_path,link_failure_f036,u05,teacher,srv_video,video,True,allow,False,s6 -> s9 -> s4 -> s2 -> s8,4,True,False,4,"SDN-контролер будує найкоротший маршрут, але не застосовує політики ролей"
link_failure,sdn_shortest_path,link_failure_f037,u08,admin,srv_db,database,True,allow,False,s9 -> s4 -> s2 -> s8,3,True,False,3,"SDN-контролер будує найкоротший маршрут, але не застосовує політики ролей"
link_failure,sdn_shortest_path,link_failure_f038,u07,guest,srv_internet,internet,True,allow,False,s7 -> s4 -> s2 -> s1,3,True,False,3,"SDN-контролер будує найкоротший маршрут, але не застосовує політики ролей"
link_failure,sdn_shortest_path,link_failure_f039,u10,blocked,srv_file,file,False,allow,True,s5 -> s3 -> s1 -> s8,3,True,False,3,"SDN-контролер будує найкоротший маршрут, але не застосовує політики ролей"
link_failure,sdn_shortest_path,link_failure_f040,u10,blocked,srv_internet,internet,False,allow,True,s5 -> s3 -> s1,2,True,False,2,"SDN-контролер будує найкоротший маршрут, але не застосовує політики ролей"
link_failure,sdn_shortest_path,link_failure_f041,u11,blocked,srv_admin,admin,False,allow,True,s7 -> s4 -> s9,2,True,False,2,"SDN-контролер будує найкоротший маршрут, але не застосовує політики ролей"
link_failure,sdn_shortest_path,link_failure_f042,u01,student,srv_video,video,True,allow,False,s5 -> s3 -> s1 -> s8,3,True,False,3,"SDN-контролер будує найкоротший маршрут, але не застосовує політики ролей"
link_failure,sdn_shortest_path,link_failure_f043,u10,blocked,srv_lms,lms,False,allow,True,s5 -> s3 -> s1 -> s8,3,True,False,3,"SDN-контролер будує найкоротший маршрут, але не застосовує політики ролей"
link_failure,sdn_shortest_path,link_failure_f044,u11,blocked,srv_video,video,False,allow,True,s7 -> s4 -> s2 -> s8,3,True,False,3,"SDN-контролер будує найкоротший маршрут, але не застосовує політики ролей"
link_failure,sdn_shortest_path,link_failure_f045,u10,blocked,srv_file,file,False,allow,True,s5 -> s3 -> s1 -> s8,3,True,False,3,"SDN-контролер будує найкоротший маршрут, але не застосовує політики ролей"
link_failure,sdn_shortest_path,link_failure_f046,u08,admin,srv_video,video,True,allow,False,s9 -> s4 -> s2 -> s8,3,True,False,3,"SDN-контролер будує найкоротший маршрут, але не застосовує політики ролей"
link_failure,sdn_shortest_path,link_failure_f047,u06,guest,srv_internet,internet,True,allow,False,s7 -> s4 -> s2 -> s1,3,True,False,3,"SDN-контролер будує найкоротший маршрут, але не застосовує політики ролей"
link_failure,sdn_shortest_path,link_failure_f048,u08,admin,srv_video,video,True,allow,False,s9 -> s4 -> s2 -> s8,3,True,False,3,"SDN-контролер будує найкоротший маршрут, але не застосовує політики ролей"
link_failure,sdn_shortest_path,link_failure_f049,u07,guest,srv_internet,internet,True,allow,False,s7 -> s4 -> s2 -> s1,3,True,False,3,"SDN-контролер будує найкоротший маршрут, але не застосовує політики ролей"
link_failure,sdn_shortest_path,link_failure_f050,u06,guest,srv_internet,internet,True,allow,False,s7 -> s4 -> s2 -> s1,3,True,False,3,"SDN-контролер будує найкоротший маршрут, але не застосовує політики ролей"
link_failure,sdn_shortest_path,link_failure_f051,u07,guest,srv_internet,internet,True,allow,False,s7 -> s4 -> s2 -> s1,3,True,False,3,"SDN-контролер будує найкоротший маршрут, але не застосовує політики ролей"
link_failure,sdn_shortest_path,link_failure_f052,u09,admin,srv_file,file,True,allow,False,s9 -> s4 -> s2 -> s8,3,True,False,3,"SDN-контролер будує найкоротший маршрут, але не застосовує політики ролей"
link_failure,sdn_shortest_path,link_failure_f053,u04,teacher,srv_file,file,True,allow,False,s6 -> s9 -> s4 -> s2 -> s8,4,True,False,4,"SDN-контролер будує найкоротший маршрут, але не застосовує політики ролей"
link_failure,sdn_shortest_path,link_failure_f054,u01,student,srv_video,video,True,allow,False,s5 -> s3 -> s1 -> s8,3,True,False,3,"SDN-контролер будує найкоротший маршрут, але не застосовує політики ролей"
link_failure,sdn_shortest_path,link_failure_f055,u05,teacher,srv_file,file,True,allow,False,s6 -> s9 -> s4 -> s2 -> s8,4,True,False,4,"SDN-контролер будує найкоротший маршрут, але не застосовує політики ролей"
link_failure,sdn_shortest_path,link_failure_f056,u11,blocked,srv_lms,lms,False,allow,True,s7 -> s4 -> s2 -> s8,3,True,False,3,"SDN-контролер будує найкоротший маршрут, але не застосовує політики ролей"
link_failure,sdn_shortest_path,link_failure_f057,u05,teacher,srv_file,file,True,allow,False,s6 -> s9 -> s4 -> s2 -> s8,4,True,False,4,"SDN-контролер будує найкоротший маршрут, але не застосовує політики ролей"
link_failure,sdn_shortest_path,link_failure_f058,u02,student,srv_internet,internet,True,allow,False,s5 -> s3 -> s1,2,True,False,2,"SDN-контролер будує найкоротший маршрут, але не застосовує політики ролей"
link_failure,sdn_shortest_path,link_failure_f059,u03,student,srv_video,video,True,allow,False,s7 -> s4 -> s2 -> s8,3,True,False,3,"SDN-контролер будує найкоротший маршрут, але не застосовує політики ролей"
link_failure,sdn_shortest_path,link_failure_f060,u05,teacher,srv_file,file,True,allow,False,s6 -> s9 -> s4 -> s2 -> s8,4,True,False,4,"SDN-контролер будує найкоротший маршрут, але не застосовує політики ролей"
link_failure,sdn_shortest_path,link_failure_f061,u04,teacher,srv_lms,lms,True,allow,False,s6 -> s9 -> s4 -> s2 -> s8,4,True,False,4,"SDN-контролер будує найкоротший маршрут, але не застосовує політики ролей"
link_failure,sdn_shortest_path,link_failure_f062,u10,blocked,srv_lms,lms,False,allow,True,s5 -> s3 -> s1 -> s8,3,True,False,3,"SDN-контролер будує найкоротший маршрут, але не застосовує політики ролей"
link_failure,sdn_shortest_path,link_failure_f063,u05,teacher,srv_file,file,True,allow,False,s6 -> s9 -> s4 -> s2 -> s8,4,True,False,4,"SDN-контролер будує найкоротший маршрут, але не застосовує політики ролей"
link_failure,sdn_shortest_path,link_failure_f064,u09,admin,srv_video,video,True,allow,False,s9 -> s4 -> s2 -> s8,3,True,False,3,"SDN-контролер будує найкоротший маршрут, але не застосовує політики ролей"
link_failure,sdn_shortest_path,link_failure_f065,u05,teacher,srv_file,file,True,allow,False,s6 -> s9 -> s4 -> s2 -> s8,4,True,False,4,"SDN-контролер будує найкоротший маршрут, але не застосовує політики ролей"
link_failure,sdn_shortest_path,link_failure_f066,u08,admin,srv_admin,admin,True,allow,False,s9,0,True,False,0,"SDN-контролер будує найкоротший маршрут, але не застосовує політики ролей"
link_failure,sdn_shortest_path,link_failure_f067,u06,guest,srv_internet,internet,True,allow,False,s7 -> s4 -> s2 -> s1,3,True,False,3,"SDN-контролер будує найкоротший маршрут, але не застосовує політики ролей"
link_failure,sdn_shortest_path,link_failure_f068,u06,guest,srv_internet,internet,True,allow,False,s7 -> s4 -> s2 -> s1,3,True,False,3,"SDN-контролер будує найкоротший маршрут, але не застосовує політики ролей"
link_failure,sdn_shortest_path,link_failure_f069,u04,teacher,srv_file,file,True,allow,False,s6 -> s9 -> s4 -> s2 -> s8,4,True,False,4,"SDN-контролер будує найкоротший маршрут, але не застосовує політики ролей"
link_failure,sdn_shortest_path,link_failure_f070,u08,admin,srv_db,database,True,allow,False,s9 -> s4 -> s2 -> s8,3,True,False,3,"SDN-контролер будує найкоротший маршрут, але не застосовує політики ролей"
link_failure,sdn_shortest_path,link_failure_f071,u07,guest,srv_internet,internet,True,allow,False,s7 -> s4 -> s2 -> s1,3,True,False,3,"SDN-контролер будує найкоротший маршрут, але не застосовує політики ролей"
link_failure,sdn_shortest_path,link_failure_f072,u01,student,srv_video,video,True,allow,False,s5 -> s3 -> s1 -> s8,3,True,False,3,"SDN-контролер будує найкоротший маршрут, але не застосовує політики ролей"
link_failure,sdn_shortest_path,link_failure_f073,u02,student,srv_lms,lms,True,allow,False,s5 -> s3 -> s1 -> s8,3,True,False,3,"SDN-контролер будує найкоротший маршрут, але не застосовує політики ролей"
link_failure,sdn_shortest_path,link_failure_f074,u08,admin,srv_internet,internet,True,allow,False,s9 -> s4 -> s2 -> s1,3,True,False,3,"SDN-контролер будує найкоротший маршрут, але не застосовує політики ролей"
link_failure,sdn_shortest_path,link_failure_f075,u07,guest,srv_internet,internet,True,allow,False,s7 -> s4 -> s2 -> s1,3,True,False,3,"SDN-контролер будує найкоротший маршрут, але не застосовує політики ролей"
link_failure,sdn_shortest_path,link_failure_f076,u05,teacher,srv_file,file,True,allow,False,s6 -> s9 -> s4 -> s2 -> s8,4,True,False,4,"SDN-контролер будує найкоротший маршрут, але не застосовує політики ролей"
link_failure,sdn_shortest_path,link_failure_f077,u06,guest,srv_internet,internet,True,allow,False,s7 -> s4 -> s2 -> s1,3,True,False,3,"SDN-контролер будує найкоротший маршрут, але не застосовує політики ролей"
link_failure,sdn_shortest_path,link_failure_f078,u11,blocked,srv_file,file,False,allow,True,s7 -> s4 -> s2 -> s8,3,True,False,3,"SDN-контролер будує найкоротший маршрут, але не застосовує політики ролей"
link_failure,sdn_shortest_path,link_failure_f079,u01,student,srv_internet,internet,True,allow,False,s5 -> s3 -> s1,2,True,False,2,"SDN-контролер будує найкоротший маршрут, але не застосовує політики ролей"
link_failure,sdn_shortest_path,link_failure_f080,u05,teacher,srv_internet,internet,True,allow,False,s6 -> s9 -> s4 -> s2 -> s1,4,True,False,4,"SDN-контролер будує найкоротший маршрут, але не застосовує політики ролей"
link_failure,sdn_shortest_path,link_failure_f081,u02,student,srv_video,video,True,allow,False,s5 -> s3 -> s1 -> s8,3,True,False,3,"SDN-контролер будує найкоротший маршрут, але не застосовує політики ролей"
link_failure,sdn_shortest_path,link_failure_f082,u08,admin,srv_lms,lms,True,allow,False,s9 -> s4 -> s2 -> s8,3,True,False,3,"SDN-контролер будує найкоротший маршрут, але не застосовує політики ролей"
link_failure,sdn_shortest_path,link_failure_f083,u01,student,srv_file,file,False,allow,True,s5 -> s3 -> s1 -> s8,3,True,False,3,"SDN-контролер будує найкоротший маршрут, але не застосовує політики ролей"
link_failure,sdn_shortest_path,link_failure_f084,u06,guest,srv_internet,internet,True,allow,False,s7 -> s4 -> s2 -> s1,3,True,False,3,"SDN-контролер будує найкоротший маршрут, але не застосовує політики ролей"
link_failure,sdn_shortest_path,link_failure_f085,u10,blocked,srv_lms,lms,False,allow,True,s5 -> s3 -> s1 -> s8,3,True,False,3,"SDN-контролер будує найкоротший маршрут, але не застосовує політики ролей"
link_failure,sdn_shortest_path,link_failure_f086,u02,student,srv_lms,lms,True,allow,False,s5 -> s3 -> s1 -> s8,3,True,False,3,"SDN-контролер будує найкоротший маршрут, але не застосовує політики ролей"
link_failure,sdn_shortest_path,link_failure_f087,u04,teacher,srv_lms,lms,True,allow,False,s6 -> s9 -> s4 -> s2 -> s8,4,True,False,4,"SDN-контролер будує найкоротший маршрут, але не застосовує політики ролей"
link_failure,sdn_shortest_path,link_failure_f088,u11,blocked,srv_video,video,False,allow,True,s7 -> s4 -> s2 -> s8,3,True,False,3,"SDN-контролер будує найкоротший маршрут, але не застосовує політики ролей"
link_failure,sdn_shortest_path,link_failure_f089,u08,admin,srv_video,video,True,allow,False,s9 -> s4 -> s2 -> s8,3,True,False,3,"SDN-контролер будує найкоротший маршрут, але не застосовує політики ролей"
link_failure,sdn_shortest_path,link_failure_f090,u03,student,srv_admin,admin,False,allow,True,s7 -> s4 -> s9,2,True,False,2,"SDN-контролер будує найкоротший маршрут, але не застосовує політики ролей"
link_failure,sdn_policy,link_failure_f001,u06,guest,srv_internet,internet,True,allow,False,s7 -> s4 -> s2 -> s1,3,False,False,3,перевірка політики доступу та встановлення маршруту без резервного обходу
link_failure,sdn_policy,link_failure_f002,u09,admin,srv_lms,lms,True,allow,False,s9 -> s4 -> s2 -> s8,3,False,False,3,перевірка політики доступу та встановлення маршруту без резервного обходу
link_failure,sdn_policy,link_failure_f003,u07,guest,srv_internet,internet,True,allow,False,s7 -> s4 -> s2 -> s1,3,False,False,3,перевірка політики доступу та встановлення маршруту без резервного обходу
link_failure,sdn_policy,link_failure_f004,u11,blocked,srv_file,file,False,deny,False,,0,False,False,0,доступ заборонено політикою RBAC: роль blocked -> сервіс file
link_failure,sdn_policy,link_failure_f005,u02,student,srv_lms,lms,True,unreachable,False,,0,False,True,0,перевірка політики доступу та встановлення маршруту без резервного обходу
link_failure,sdn_policy,link_failure_f006,u05,teacher,srv_video,video,True,unreachable,False,,0,False,True,0,перевірка політики доступу та встановлення маршруту без резервного обходу
link_failure,sdn_policy,link_failure_f007,u09,admin,srv_video,video,True,allow,False,s9 -> s4 -> s2 -> s8,3,False,False,3,перевірка політики доступу та встановлення маршруту без резервного обходу
link_failure,sdn_policy,link_failure_f008,u09,admin,srv_video,video,True,allow,False,s9 -> s4 -> s2 -> s8,3,False,False,3,перевірка політики доступу та встановлення маршруту без резервного обходу
link_failure,sdn_policy,link_failure_f009,u08,admin,srv_video,video,True,allow,False,s9 -> s4 -> s2 -> s8,3,False,False,3,перевірка політики доступу та встановлення маршруту без резервного обходу
link_failure,sdn_policy,link_failure_f010,u04,teacher,srv_lms,lms,True,unreachable,False,,0,False,True,0,перевірка політики доступу та встановлення маршруту без резервного обходу
link_failure,sdn_policy,link_failure_f011,u09,admin,srv_db,database,True,allow,False,s9 -> s4 -> s2 -> s8,3,False,False,3,перевірка політики доступу та встановлення маршруту без резервного обходу
link_failure,sdn_policy,link_failure_f012,u04,teacher,srv_video,video,True,unreachable,False,,0,False,True,0,перевірка політики доступу та встановлення маршруту без резервного обходу
link_failure,sdn_policy,link_failure_f013,u09,admin,srv_admin,admin,True,allow,False,s9,0,False,False,0,перевірка політики доступу та встановлення маршруту без резервного обходу
link_failure,sdn_policy,link_failure_f014,u02,student,srv_lms,lms,True,unreachable,False,,0,False,True,0,перевірка політики доступу та встановлення маршруту без резервного обходу
link_failure,sdn_policy,link_failure_f015,u03,student,srv_video,video,True,allow,False,s7 -> s4 -> s2 -> s8,3,False,False,3,перевірка політики доступу та встановлення маршруту без резервного обходу
link_failure,sdn_policy,link_failure_f016,u05,teacher,srv_admin,admin,False,deny,False,,0,False,False,0,доступ заборонено політикою RBAC: роль teacher -> сервіс admin
link_failure,sdn_policy,link_failure_f017,u03,student,srv_lms,lms,True,allow,False,s7 -> s4 -> s2 -> s8,3,False,False,3,перевірка політики доступу та встановлення маршруту без резервного обходу
link_failure,sdn_policy,link_failure_f018,u01,student,srv_lms,lms,True,unreachable,False,,0,False,True,0,перевірка політики доступу та встановлення маршруту без резервного обходу
link_failure,sdn_policy,link_failure_f019,u06,guest,srv_internet,internet,True,allow,False,s7 -> s4 -> s2 -> s1,3,False,False,3,перевірка політики доступу та встановлення маршруту без резервного обходу
link_failure,sdn_policy,link_failure_f020,u08,admin,srv_internet,internet,True,allow,False,s9 -> s4 -> s2 -> s1,3,False,False,3,перевірка політики доступу та встановлення маршруту без резервного обходу
link_failure,sdn_policy,link_failure_f021,u07,guest,srv_internet,internet,True,allow,False,s7 -> s4 -> s2 -> s1,3,False,False,3,перевірка політики доступу та встановлення маршруту без резервного обходу
link_failure,sdn_policy,link_failure_f022,u10,blocked,srv_internet,internet,False,deny,False,,0,False,False,0,доступ заборонено політикою RBAC: роль blocked -> сервіс internet
link_failure,sdn_policy,link_failure_f023,u02,student,srv_lms,lms,True,unreachable,False,,0,False,True,0,перевірка політики доступу та встановлення маршруту без резервного обходу
link_failure,sdn_policy,link_failure_f024,u10,blocked,srv_admin,admin,False,deny,False,,0,False,False,0,доступ заборонено політикою RBAC: роль blocked -> сервіс admin
link_failure,sdn_policy,link_failure_f025,u08,admin,srv_video,video,True,allow,False,s9 -> s4 -> s2 -> s8,3,False,False,3,перевірка політики доступу та встановлення маршруту без резервного обходу
link_failure,sdn_policy,link_failure_f026,u07,guest,srv_internet,internet,True,allow,False,s7 -> s4 -> s2 -> s1,3,False,False,3,перевірка політики доступу та встановлення маршруту без резервного обходу
link_failure,sdn_policy,link_failure_f027,u02,student,srv_internet,internet,True,allow,False,s5 -> s3 -> s1,2,False,False,2,перевірка політики доступу та встановлення маршруту без резервного обходу
link_failure,sdn_policy,link_failure_f028,u05,teacher,srv_lms,lms,True,unreachable,False,,0,False,True,0,перевірка політики доступу та встановлення маршруту без резервного обходу
link_failure,sdn_policy,link_failure_f029,u09,admin,srv_internet,internet,True,allow,False,s9 -> s4 -> s2 -> s1,3,False,False,3,перевірка політики доступу та встановлення маршруту без резервного обходу
link_failure,sdn_policy,link_failure_f030,u07,guest,srv_internet,internet,True,allow,False,s7 -> s4 -> s2 -> s1,3,False,False,3,перевірка політики доступу та встановлення маршруту без резервного обходу
link_failure,sdn_policy,link_failure_f031,u04,teacher,srv_video,video,True,unreachable,False,,0,False,True,0,перевірка політики доступу та встановлення маршруту без резервного обходу
link_failure,sdn_policy,link_failure_f032,u08,admin,srv_internet,internet,True,allow,False,s9 -> s4 -> s2 -> s1,3,False,False,3,перевірка політики доступу та встановлення маршруту без резервного обходу
link_failure,sdn_policy,link_failure_f033,u05,teacher,srv_lms,lms,True,unreachable,False,,0,False,True,0,перевірка політики доступу та встановлення маршруту без резервного обходу
link_failure,sdn_policy,link_failure_f034,u09,admin,srv_lms,lms,True,allow,False,s9 -> s4 -> s2 -> s8,3,False,False,3,перевірка політики доступу та встановлення маршруту без резервного обходу
link_failure,sdn_policy,link_failure_f035,u05,teacher,srv_internet,internet,True,unreachable,False,,0,False,True,0,перевірка політики доступу та встановлення маршруту без резервного обходу
link_failure,sdn_policy,link_failure_f036,u05,teacher,srv_video,video,True,unreachable,False,,0,False,True,0,перевірка політики доступу та встановлення маршруту без резервного обходу
link_failure,sdn_policy,link_failure_f037,u08,admin,srv_db,database,True,allow,False,s9 -> s4 -> s2 -> s8,3,False,False,3,перевірка політики доступу та встановлення маршруту без резервного обходу
link_failure,sdn_policy,link_failure_f038,u07,guest,srv_internet,internet,True,allow,False,s7 -> s4 -> s2 -> s1,3,False,False,3,перевірка політики доступу та встановлення маршруту без резервного обходу
link_failure,sdn_policy,link_failure_f039,u10,blocked,srv_file,file,False,deny,False,,0,False,False,0,доступ заборонено політикою RBAC: роль blocked -> сервіс file
link_failure,sdn_policy,link_failure_f040,u10,blocked,srv_internet,internet,False,deny,False,,0,False,False,0,доступ заборонено політикою RBAC: роль blocked -> сервіс internet
link_failure,sdn_policy,link_failure_f041,u11,blocked,srv_admin,admin,False,deny,False,,0,False,False,0,доступ заборонено політикою RBAC: роль blocked -> сервіс admin
link_failure,sdn_policy,link_failure_f042,u01,student,srv_video,video,True,unreachable,False,,0,False,True,0,перевірка політики доступу та встановлення маршруту без резервного обходу
link_failure,sdn_policy,link_failure_f043,u10,blocked,srv_lms,lms,False,deny,False,,0,False,False,0,доступ заборонено політикою RBAC: роль blocked -> сервіс lms
link_failure,sdn_policy,link_failure_f044,u11,blocked,srv_video,video,False,deny,False,,0,False,False,0,доступ заборонено політикою RBAC: роль blocked -> сервіс video
link_failure,sdn_policy,link_failure_f045,u10,blocked,srv_file,file,False,deny,False,,0,False,False,0,доступ заборонено політикою RBAC: роль blocked -> сервіс file
link_failure,sdn_policy,link_failure_f046,u08,admin,srv_video,video,True,allow,False,s9 -> s4 -> s2 -> s8,3,False,False,3,перевірка політики доступу та встановлення маршруту без резервного обходу
link_failure,sdn_policy,link_failure_f047,u06,guest,srv_internet,internet,True,allow,False,s7 -> s4 -> s2 -> s1,3,False,False,3,перевірка політики доступу та встановлення маршруту без резервного обходу
link_failure,sdn_policy,link_failure_f048,u08,admin,srv_video,video,True,allow,False,s9 -> s4 -> s2 -> s8,3,False,False,3,перевірка політики доступу та встановлення маршруту без резервного обходу
link_failure,sdn_policy,link_failure_f049,u07,guest,srv_internet,internet,True,allow,False,s7 -> s4 -> s2 -> s1,3,False,False,3,перевірка політики доступу та встановлення маршруту без резервного обходу
link_failure,sdn_policy,link_failure_f050,u06,guest,srv_internet,internet,True,allow,False,s7 -> s4 -> s2 -> s1,3,False,False,3,перевірка політики доступу та встановлення маршруту без резервного обходу
link_failure,sdn_policy,link_failure_f051,u07,guest,srv_internet,internet,True,allow,False,s7 -> s4 -> s2 -> s1,3,False,False,3,перевірка політики доступу та встановлення маршруту без резервного обходу
link_failure,sdn_policy,link_failure_f052,u09,admin,srv_file,file,True,allow,False,s9 -> s4 -> s2 -> s8,3,False,False,3,перевірка політики доступу та встановлення маршруту без резервного обходу
link_failure,sdn_policy,link_failure_f053,u04,teacher,srv_file,file,True,unreachable,False,,0,False,True,0,перевірка політики доступу та встановлення маршруту без резервного обходу
link_failure,sdn_policy,link_failure_f054,u01,student,srv_video,video,True,unreachable,False,,0,False,True,0,перевірка політики доступу та встановлення маршруту без резервного обходу
link_failure,sdn_policy,link_failure_f055,u05,teacher,srv_file,file,True,unreachable,False,,0,False,True,0,перевірка політики доступу та встановлення маршруту без резервного обходу
link_failure,sdn_policy,link_failure_f056,u11,blocked,srv_lms,lms,False,deny,False,,0,False,False,0,доступ заборонено політикою RBAC: роль blocked -> сервіс lms
link_failure,sdn_policy,link_failure_f057,u05,teacher,srv_file,file,True,unreachable,False,,0,False,True,0,перевірка політики доступу та встановлення маршруту без резервного обходу
link_failure,sdn_policy,link_failure_f058,u02,student,srv_internet,internet,True,allow,False,s5 -> s3 -> s1,2,False,False,2,перевірка політики доступу та встановлення маршруту без резервного обходу
link_failure,sdn_policy,link_failure_f059,u03,student,srv_video,video,True,allow,False,s7 -> s4 -> s2 -> s8,3,False,False,3,перевірка політики доступу та встановлення маршруту без резервного обходу
link_failure,sdn_policy,link_failure_f060,u05,teacher,srv_file,file,True,unreachable,False,,0,False,True,0,перевірка політики доступу та встановлення маршруту без резервного обходу
link_failure,sdn_policy,link_failure_f061,u04,teacher,srv_lms,lms,True,unreachable,False,,0,False,True,0,перевірка політики доступу та встановлення маршруту без резервного обходу
link_failure,sdn_policy,link_failure_f062,u10,blocked,srv_lms,lms,False,deny,False,,0,False,False,0,доступ заборонено політикою RBAC: роль blocked -> сервіс lms
link_failure,sdn_policy,link_failure_f063,u05,teacher,srv_file,file,True,unreachable,False,,0,False,True,0,перевірка політики доступу та встановлення маршруту без резервного обходу
link_failure,sdn_policy,link_failure_f064,u09,admin,srv_video,video,True,allow,False,s9 -> s4 -> s2 -> s8,3,False,False,3,перевірка політики доступу та встановлення маршруту без резервного обходу
link_failure,sdn_policy,link_failure_f065,u05,teacher,srv_file,file,True,unreachable,False,,0,False,True,0,перевірка політики доступу та встановлення маршруту без резервного обходу
link_failure,sdn_policy,link_failure_f066,u08,admin,srv_admin,admin,True,allow,False,s9,0,False,False,0,перевірка політики доступу та встановлення маршруту без резервного обходу
link_failure,sdn_policy,link_failure_f067,u06,guest,srv_internet,internet,True,allow,False,s7 -> s4 -> s2 -> s1,3,False,False,3,перевірка політики доступу та встановлення маршруту без резервного обходу
link_failure,sdn_policy,link_failure_f068,u06,guest,srv_internet,internet,True,allow,False,s7 -> s4 -> s2 -> s1,3,False,False,3,перевірка політики доступу та встановлення маршруту без резервного обходу
link_failure,sdn_policy,link_failure_f069,u04,teacher,srv_file,file,True,unreachable,False,,0,False,True,0,перевірка політики доступу та встановлення маршруту без резервного обходу
link_failure,sdn_policy,link_failure_f070,u08,admin,srv_db,database,True,allow,False,s9 -> s4 -> s2 -> s8,3,False,False,3,перевірка політики доступу та встановлення маршруту без резервного обходу
link_failure,sdn_policy,link_failure_f071,u07,guest,srv_internet,internet,True,allow,False,s7 -> s4 -> s2 -> s1,3,False,False,3,перевірка політики доступу та встановлення маршруту без резервного обходу
link_failure,sdn_policy,link_failure_f072,u01,student,srv_video,video,True,unreachable,False,,0,False,True,0,перевірка політики доступу та встановлення маршруту без резервного обходу
link_failure,sdn_policy,link_failure_f073,u02,student,srv_lms,lms,True,unreachable,False,,0,False,True,0,перевірка політики доступу та встановлення маршруту без резервного обходу
link_failure,sdn_policy,link_failure_f074,u08,admin,srv_internet,internet,True,allow,False,s9 -> s4 -> s2 -> s1,3,False,False,3,перевірка політики доступу та встановлення маршруту без резервного обходу
link_failure,sdn_policy,link_failure_f075,u07,guest,srv_internet,internet,True,allow,False,s7 -> s4 -> s2 -> s1,3,False,False,3,перевірка політики доступу та встановлення маршруту без резервного обходу
link_failure,sdn_policy,link_failure_f076,u05,teacher,srv_file,file,True,unreachable,False,,0,False,True,0,перевірка політики доступу та встановлення маршруту без резервного обходу
link_failure,sdn_policy,link_failure_f077,u06,guest,srv_internet,internet,True,allow,False,s7 -> s4 -> s2 -> s1,3,False,False,3,перевірка політики доступу та встановлення маршруту без резервного обходу
link_failure,sdn_policy,link_failure_f078,u11,blocked,srv_file,file,False,deny,False,,0,False,False,0,доступ заборонено політикою RBAC: роль blocked -> сервіс file
link_failure,sdn_policy,link_failure_f079,u01,student,srv_internet,internet,True,allow,False,s5 -> s3 -> s1,2,False,False,2,перевірка політики доступу та встановлення маршруту без резервного обходу
link_failure,sdn_policy,link_failure_f080,u05,teacher,srv_internet,internet,True,unreachable,False,,0,False,True,0,перевірка політики доступу та встановлення маршруту без резервного обходу
link_failure,sdn_policy,link_failure_f081,u02,student,srv_video,video,True,unreachable,False,,0,False,True,0,перевірка політики доступу та встановлення маршруту без резервного обходу
link_failure,sdn_policy,link_failure_f082,u08,admin,srv_lms,lms,True,allow,False,s9 -> s4 -> s2 -> s8,3,False,False,3,перевірка політики доступу та встановлення маршруту без резервного обходу
link_failure,sdn_policy,link_failure_f083,u01,student,srv_file,file,False,deny,False,,0,False,False,0,доступ заборонено політикою RBAC: роль student -> сервіс file
link_failure,sdn_policy,link_failure_f084,u06,guest,srv_internet,internet,True,allow,False,s7 -> s4 -> s2 -> s1,3,False,False,3,перевірка політики доступу та встановлення маршруту без резервного обходу
link_failure,sdn_policy,link_failure_f085,u10,blocked,srv_lms,lms,False,deny,False,,0,False,False,0,доступ заборонено політикою RBAC: роль blocked -> сервіс lms
link_failure,sdn_policy,link_failure_f086,u02,student,srv_lms,lms,True,unreachable,False,,0,False,True,0,перевірка політики доступу та встановлення маршруту без резервного обходу
link_failure,sdn_policy,link_failure_f087,u04,teacher,srv_lms,lms,True,unreachable,False,,0,False,True,0,перевірка політики доступу та встановлення маршруту без резервного обходу
link_failure,sdn_policy,link_failure_f088,u11,blocked,srv_video,video,False,deny,False,,0,False,False,0,доступ заборонено політикою RBAC: роль blocked -> сервіс video
link_failure,sdn_policy,link_failure_f089,u08,admin,srv_video,video,True,allow,False,s9 -> s4 -> s2 -> s8,3,False,False,3,перевірка політики доступу та встановлення маршруту без резервного обходу
link_failure,sdn_policy,link_failure_f090,u03,student,srv_admin,admin,False,deny,False,,0,False,False,0,доступ заборонено політикою RBAC: роль student -> сервіс admin
link_failure,sdn_resilient_policy,link_failure_f001,u06,guest,srv_internet,internet,True,allow,False,s7 -> s4 -> s2 -> s1,3,False,False,3,"перевірка політики доступу, динамічна побудова маршруту та обхід відмовлених каналів"
link_failure,sdn_resilient_policy,link_failure_f002,u09,admin,srv_lms,lms,True,allow,False,s9 -> s4 -> s2 -> s8,3,False,False,3,"перевірка політики доступу, динамічна побудова маршруту та обхід відмовлених каналів"
link_failure,sdn_resilient_policy,link_failure_f003,u07,guest,srv_internet,internet,True,allow,False,s7 -> s4 -> s2 -> s1,3,False,False,3,"перевірка політики доступу, динамічна побудова маршруту та обхід відмовлених каналів"
link_failure,sdn_resilient_policy,link_failure_f004,u11,blocked,srv_file,file,False,deny,False,,0,False,False,0,доступ заборонено політикою RBAC: роль blocked -> сервіс file
link_failure,sdn_resilient_policy,link_failure_f005,u02,student,srv_lms,lms,True,allow,False,s5 -> s3 -> s1 -> s8,3,True,False,3,"перевірка політики доступу, динамічна побудова маршруту та обхід відмовлених каналів"
link_failure,sdn_resilient_policy,link_failure_f006,u05,teacher,srv_video,video,True,allow,False,s6 -> s9 -> s4 -> s2 -> s8,4,True,False,4,"перевірка політики доступу, динамічна побудова маршруту та обхід відмовлених каналів"
link_failure,sdn_resilient_policy,link_failure_f007,u09,admin,srv_video,video,True,allow,False,s9 -> s4 -> s2 -> s8,3,False,False,3,"перевірка політики доступу, динамічна побудова маршруту та обхід відмовлених каналів"
link_failure,sdn_resilient_policy,link_failure_f008,u09,admin,srv_video,video,True,allow,False,s9 -> s4 -> s2 -> s8,3,False,False,3,"перевірка політики доступу, динамічна побудова маршруту та обхід відмовлених каналів"
link_failure,sdn_resilient_policy,link_failure_f009,u08,admin,srv_video,video,True,allow,False,s9 -> s4 -> s2 -> s8,3,False,False,3,"перевірка політики доступу, динамічна побудова маршруту та обхід відмовлених каналів"
link_failure,sdn_resilient_policy,link_failure_f010,u04,teacher,srv_lms,lms,True,allow,False,s6 -> s9 -> s4 -> s2 -> s8,4,True,False,4,"перевірка політики доступу, динамічна побудова маршруту та обхід відмовлених каналів"
link_failure,sdn_resilient_policy,link_failure_f011,u09,admin,srv_db,database,True,allow,False,s9 -> s4 -> s2 -> s8,3,False,False,3,"перевірка політики доступу, динамічна побудова маршруту та обхід відмовлених каналів"
link_failure,sdn_resilient_policy,link_failure_f012,u04,teacher,srv_video,video,True,allow,False,s6 -> s9 -> s4 -> s2 -> s8,4,True,False,4,"перевірка політики доступу, динамічна побудова маршруту та обхід відмовлених каналів"
link_failure,sdn_resilient_policy,link_failure_f013,u09,admin,srv_admin,admin,True,allow,False,s9,0,False,False,0,"перевірка політики доступу, динамічна побудова маршруту та обхід відмовлених каналів"
link_failure,sdn_resilient_policy,link_failure_f014,u02,student,srv_lms,lms,True,allow,False,s5 -> s3 -> s1 -> s8,3,True,False,3,"перевірка політики доступу, динамічна побудова маршруту та обхід відмовлених каналів"
link_failure,sdn_resilient_policy,link_failure_f015,u03,student,srv_video,video,True,allow,False,s7 -> s4 -> s2 -> s8,3,False,False,3,"перевірка політики доступу, динамічна побудова маршруту та обхід відмовлених каналів"
link_failure,sdn_resilient_policy,link_failure_f016,u05,teacher,srv_admin,admin,False,deny,False,,0,False,False,0,доступ заборонено політикою RBAC: роль teacher -> сервіс admin
link_failure,sdn_resilient_policy,link_failure_f017,u03,student,srv_lms,lms,True,allow,False,s7 -> s4 -> s2 -> s8,3,False,False,3,"перевірка політики доступу, динамічна побудова маршруту та обхід відмовлених каналів"
link_failure,sdn_resilient_policy,link_failure_f018,u01,student,srv_lms,lms,True,allow,False,s5 -> s3 -> s1 -> s8,3,True,False,3,"перевірка політики доступу, динамічна побудова маршруту та обхід відмовлених каналів"
link_failure,sdn_resilient_policy,link_failure_f019,u06,guest,srv_internet,internet,True,allow,False,s7 -> s4 -> s2 -> s1,3,False,False,3,"перевірка політики доступу, динамічна побудова маршруту та обхід відмовлених каналів"
link_failure,sdn_resilient_policy,link_failure_f020,u08,admin,srv_internet,internet,True,allow,False,s9 -> s4 -> s2 -> s1,3,False,False,3,"перевірка політики доступу, динамічна побудова маршруту та обхід відмовлених каналів"
link_failure,sdn_resilient_policy,link_failure_f021,u07,guest,srv_internet,internet,True,allow,False,s7 -> s4 -> s2 -> s1,3,False,False,3,"перевірка політики доступу, динамічна побудова маршруту та обхід відмовлених каналів"
link_failure,sdn_resilient_policy,link_failure_f022,u10,blocked,srv_internet,internet,False,deny,False,,0,False,False,0,доступ заборонено політикою RBAC: роль blocked -> сервіс internet
link_failure,sdn_resilient_policy,link_failure_f023,u02,student,srv_lms,lms,True,allow,False,s5 -> s3 -> s1 -> s8,3,True,False,3,"перевірка політики доступу, динамічна побудова маршруту та обхід відмовлених каналів"
link_failure,sdn_resilient_policy,link_failure_f024,u10,blocked,srv_admin,admin,False,deny,False,,0,False,False,0,доступ заборонено політикою RBAC: роль blocked -> сервіс admin
link_failure,sdn_resilient_policy,link_failure_f025,u08,admin,srv_video,video,True,allow,False,s9 -> s4 -> s2 -> s8,3,False,False,3,"перевірка політики доступу, динамічна побудова маршруту та обхід відмовлених каналів"
link_failure,sdn_resilient_policy,link_failure_f026,u07,guest,srv_internet,internet,True,allow,False,s7 -> s4 -> s2 -> s1,3,False,False,3,"перевірка політики доступу, динамічна побудова маршруту та обхід відмовлених каналів"
link_failure,sdn_resilient_policy,link_failure_f027,u02,student,srv_internet,internet,True,allow,False,s5 -> s3 -> s1,2,False,False,2,"перевірка політики доступу, динамічна побудова маршруту та обхід відмовлених каналів"
link_failure,sdn_resilient_policy,link_failure_f028,u05,teacher,srv_lms,lms,True,allow,False,s6 -> s9 -> s4 -> s2 -> s8,4,True,False,4,"перевірка політики доступу, динамічна побудова маршруту та обхід відмовлених каналів"
link_failure,sdn_resilient_policy,link_failure_f029,u09,admin,srv_internet,internet,True,allow,False,s9 -> s4 -> s2 -> s1,3,False,False,3,"перевірка політики доступу, динамічна побудова маршруту та обхід відмовлених каналів"
link_failure,sdn_resilient_policy,link_failure_f030,u07,guest,srv_internet,internet,True,allow,False,s7 -> s4 -> s2 -> s1,3,False,False,3,"перевірка політики доступу, динамічна побудова маршруту та обхід відмовлених каналів"
link_failure,sdn_resilient_policy,link_failure_f031,u04,teacher,srv_video,video,True,allow,False,s6 -> s9 -> s4 -> s2 -> s8,4,True,False,4,"перевірка політики доступу, динамічна побудова маршруту та обхід відмовлених каналів"
link_failure,sdn_resilient_policy,link_failure_f032,u08,admin,srv_internet,internet,True,allow,False,s9 -> s4 -> s2 -> s1,3,False,False,3,"перевірка політики доступу, динамічна побудова маршруту та обхід відмовлених каналів"
link_failure,sdn_resilient_policy,link_failure_f033,u05,teacher,srv_lms,lms,True,allow,False,s6 -> s9 -> s4 -> s2 -> s8,4,True,False,4,"перевірка політики доступу, динамічна побудова маршруту та обхід відмовлених каналів"
link_failure,sdn_resilient_policy,link_failure_f034,u09,admin,srv_lms,lms,True,allow,False,s9 -> s4 -> s2 -> s8,3,False,False,3,"перевірка політики доступу, динамічна побудова маршруту та обхід відмовлених каналів"
link_failure,sdn_resilient_policy,link_failure_f035,u05,teacher,srv_internet,internet,True,allow,False,s6 -> s9 -> s4 -> s2 -> s1,4,True,False,4,"перевірка політики доступу, динамічна побудова маршруту та обхід відмовлених каналів"
link_failure,sdn_resilient_policy,link_failure_f036,u05,teacher,srv_video,video,True,allow,False,s6 -> s9 -> s4 -> s2 -> s8,4,True,False,4,"перевірка політики доступу, динамічна побудова маршруту та обхід відмовлених каналів"
link_failure,sdn_resilient_policy,link_failure_f037,u08,admin,srv_db,database,True,allow,False,s9 -> s4 -> s2 -> s8,3,False,False,3,"перевірка політики доступу, динамічна побудова маршруту та обхід відмовлених каналів"
link_failure,sdn_resilient_policy,link_failure_f038,u07,guest,srv_internet,internet,True,allow,False,s7 -> s4 -> s2 -> s1,3,False,False,3,"перевірка політики доступу, динамічна побудова маршруту та обхід відмовлених каналів"
link_failure,sdn_resilient_policy,link_failure_f039,u10,blocked,srv_file,file,False,deny,False,,0,False,False,0,доступ заборонено політикою RBAC: роль blocked -> сервіс file
link_failure,sdn_resilient_policy,link_failure_f040,u10,blocked,srv_internet,internet,False,deny,False,,0,False,False,0,доступ заборонено політикою RBAC: роль blocked -> сервіс internet
link_failure,sdn_resilient_policy,link_failure_f041,u11,blocked,srv_admin,admin,False,deny,False,,0,False,False,0,доступ заборонено політикою RBAC: роль blocked -> сервіс admin
link_failure,sdn_resilient_policy,link_failure_f042,u01,student,srv_video,video,True,allow,False,s5 -> s3 -> s1 -> s8,3,True,False,3,"перевірка політики доступу, динамічна побудова маршруту та обхід відмовлених каналів"
link_failure,sdn_resilient_policy,link_failure_f043,u10,blocked,srv_lms,lms,False,deny,False,,0,False,False,0,доступ заборонено політикою RBAC: роль blocked -> сервіс lms
link_failure,sdn_resilient_policy,link_failure_f044,u11,blocked,srv_video,video,False,deny,False,,0,False,False,0,доступ заборонено політикою RBAC: роль blocked -> сервіс video
link_failure,sdn_resilient_policy,link_failure_f045,u10,blocked,srv_file,file,False,deny,False,,0,False,False,0,доступ заборонено політикою RBAC: роль blocked -> сервіс file
link_failure,sdn_resilient_policy,link_failure_f046,u08,admin,srv_video,video,True,allow,False,s9 -> s4 -> s2 -> s8,3,False,False,3,"перевірка політики доступу, динамічна побудова маршруту та обхід відмовлених каналів"
link_failure,sdn_resilient_policy,link_failure_f047,u06,guest,srv_internet,internet,True,allow,False,s7 -> s4 -> s2 -> s1,3,False,False,3,"перевірка політики доступу, динамічна побудова маршруту та обхід відмовлених каналів"
link_failure,sdn_resilient_policy,link_failure_f048,u08,admin,srv_video,video,True,allow,False,s9 -> s4 -> s2 -> s8,3,False,False,3,"перевірка політики доступу, динамічна побудова маршруту та обхід відмовлених каналів"
link_failure,sdn_resilient_policy,link_failure_f049,u07,guest,srv_internet,internet,True,allow,False,s7 -> s4 -> s2 -> s1,3,False,False,3,"перевірка політики доступу, динамічна побудова маршруту та обхід відмовлених каналів"
link_failure,sdn_resilient_policy,link_failure_f050,u06,guest,srv_internet,internet,True,allow,False,s7 -> s4 -> s2 -> s1,3,False,False,3,"перевірка політики доступу, динамічна побудова маршруту та обхід відмовлених каналів"
link_failure,sdn_resilient_policy,link_failure_f051,u07,guest,srv_internet,internet,True,allow,False,s7 -> s4 -> s2 -> s1,3,False,False,3,"перевірка політики доступу, динамічна побудова маршруту та обхід відмовлених каналів"
link_failure,sdn_resilient_policy,link_failure_f052,u09,admin,srv_file,file,True,allow,False,s9 -> s4 -> s2 -> s8,3,False,False,3,"перевірка політики доступу, динамічна побудова маршруту та обхід відмовлених каналів"
link_failure,sdn_resilient_policy,link_failure_f053,u04,teacher,srv_file,file,True,allow,False,s6 -> s9 -> s4 -> s2 -> s8,4,True,False,4,"перевірка політики доступу, динамічна побудова маршруту та обхід відмовлених каналів"
link_failure,sdn_resilient_policy,link_failure_f054,u01,student,srv_video,video,True,allow,False,s5 -> s3 -> s1 -> s8,3,True,False,3,"перевірка політики доступу, динамічна побудова маршруту та обхід відмовлених каналів"
link_failure,sdn_resilient_policy,link_failure_f055,u05,teacher,srv_file,file,True,allow,False,s6 -> s9 -> s4 -> s2 -> s8,4,True,False,4,"перевірка політики доступу, динамічна побудова маршруту та обхід відмовлених каналів"
link_failure,sdn_resilient_policy,link_failure_f056,u11,blocked,srv_lms,lms,False,deny,False,,0,False,False,0,доступ заборонено політикою RBAC: роль blocked -> сервіс lms
link_failure,sdn_resilient_policy,link_failure_f057,u05,teacher,srv_file,file,True,allow,False,s6 -> s9 -> s4 -> s2 -> s8,4,True,False,4,"перевірка політики доступу, динамічна побудова маршруту та обхід відмовлених каналів"
link_failure,sdn_resilient_policy,link_failure_f058,u02,student,srv_internet,internet,True,allow,False,s5 -> s3 -> s1,2,False,False,2,"перевірка політики доступу, динамічна побудова маршруту та обхід відмовлених каналів"
link_failure,sdn_resilient_policy,link_failure_f059,u03,student,srv_video,video,True,allow,False,s7 -> s4 -> s2 -> s8,3,False,False,3,"перевірка політики доступу, динамічна побудова маршруту та обхід відмовлених каналів"
link_failure,sdn_resilient_policy,link_failure_f060,u05,teacher,srv_file,file,True,allow,False,s6 -> s9 -> s4 -> s2 -> s8,4,True,False,4,"перевірка політики доступу, динамічна побудова маршруту та обхід відмовлених каналів"
link_failure,sdn_resilient_policy,link_failure_f061,u04,teacher,srv_lms,lms,True,allow,False,s6 -> s9 -> s4 -> s2 -> s8,4,True,False,4,"перевірка політики доступу, динамічна побудова маршруту та обхід відмовлених каналів"
link_failure,sdn_resilient_policy,link_failure_f062,u10,blocked,srv_lms,lms,False,deny,False,,0,False,False,0,доступ заборонено політикою RBAC: роль blocked -> сервіс lms
link_failure,sdn_resilient_policy,link_failure_f063,u05,teacher,srv_file,file,True,allow,False,s6 -> s9 -> s4 -> s2 -> s8,4,True,False,4,"перевірка політики доступу, динамічна побудова маршруту та обхід відмовлених каналів"
link_failure,sdn_resilient_policy,link_failure_f064,u09,admin,srv_video,video,True,allow,False,s9 -> s4 -> s2 -> s8,3,False,False,3,"перевірка політики доступу, динамічна побудова маршруту та обхід відмовлених каналів"
link_failure,sdn_resilient_policy,link_failure_f065,u05,teacher,srv_file,file,True,allow,False,s6 -> s9 -> s4 -> s2 -> s8,4,True,False,4,"перевірка політики доступу, динамічна побудова маршруту та обхід відмовлених каналів"
link_failure,sdn_resilient_policy,link_failure_f066,u08,admin,srv_admin,admin,True,allow,False,s9,0,False,False,0,"перевірка політики доступу, динамічна побудова маршруту та обхід відмовлених каналів"
link_failure,sdn_resilient_policy,link_failure_f067,u06,guest,srv_internet,internet,True,allow,False,s7 -> s4 -> s2 -> s1,3,False,False,3,"перевірка політики доступу, динамічна побудова маршруту та обхід відмовлених каналів"
link_failure,sdn_resilient_policy,link_failure_f068,u06,guest,srv_internet,internet,True,allow,False,s7 -> s4 -> s2 -> s1,3,False,False,3,"перевірка політики доступу, динамічна побудова маршруту та обхід відмовлених каналів"
link_failure,sdn_resilient_policy,link_failure_f069,u04,teacher,srv_file,file,True,allow,False,s6 -> s9 -> s4 -> s2 -> s8,4,True,False,4,"перевірка політики доступу, динамічна побудова маршруту та обхід відмовлених каналів"
link_failure,sdn_resilient_policy,link_failure_f070,u08,admin,srv_db,database,True,allow,False,s9 -> s4 -> s2 -> s8,3,False,False,3,"перевірка політики доступу, динамічна побудова маршруту та обхід відмовлених каналів"
link_failure,sdn_resilient_policy,link_failure_f071,u07,guest,srv_internet,internet,True,allow,False,s7 -> s4 -> s2 -> s1,3,False,False,3,"перевірка політики доступу, динамічна побудова маршруту та обхід відмовлених каналів"
link_failure,sdn_resilient_policy,link_failure_f072,u01,student,srv_video,video,True,allow,False,s5 -> s3 -> s1 -> s8,3,True,False,3,"перевірка політики доступу, динамічна побудова маршруту та обхід відмовлених каналів"
link_failure,sdn_resilient_policy,link_failure_f073,u02,student,srv_lms,lms,True,allow,False,s5 -> s3 -> s1 -> s8,3,True,False,3,"перевірка політики доступу, динамічна побудова маршруту та обхід відмовлених каналів"
link_failure,sdn_resilient_policy,link_failure_f074,u08,admin,srv_internet,internet,True,allow,False,s9 -> s4 -> s2 -> s1,3,False,False,3,"перевірка політики доступу, динамічна побудова маршруту та обхід відмовлених каналів"
link_failure,sdn_resilient_policy,link_failure_f075,u07,guest,srv_internet,internet,True,allow,False,s7 -> s4 -> s2 -> s1,3,False,False,3,"перевірка політики доступу, динамічна побудова маршруту та обхід відмовлених каналів"
link_failure,sdn_resilient_policy,link_failure_f076,u05,teacher,srv_file,file,True,allow,False,s6 -> s9 -> s4 -> s2 -> s8,4,True,False,4,"перевірка політики доступу, динамічна побудова маршруту та обхід відмовлених каналів"
link_failure,sdn_resilient_policy,link_failure_f077,u06,guest,srv_internet,internet,True,allow,False,s7 -> s4 -> s2 -> s1,3,False,False,3,"перевірка політики доступу, динамічна побудова маршруту та обхід відмовлених каналів"
link_failure,sdn_resilient_policy,link_failure_f078,u11,blocked,srv_file,file,False,deny,False,,0,False,False,0,доступ заборонено політикою RBAC: роль blocked -> сервіс file
link_failure,sdn_resilient_policy,link_failure_f079,u01,student,srv_internet,internet,True,allow,False,s5 -> s3 -> s1,2,False,False,2,"перевірка політики доступу, динамічна побудова маршруту та обхід відмовлених каналів"
link_failure,sdn_resilient_policy,link_failure_f080,u05,teacher,srv_internet,internet,True,allow,False,s6 -> s9 -> s4 -> s2 -> s1,4,True,False,4,"перевірка політики доступу, динамічна побудова маршруту та обхід відмовлених каналів"
link_failure,sdn_resilient_policy,link_failure_f081,u02,student,srv_video,video,True,allow,False,s5 -> s3 -> s1 -> s8,3,True,False,3,"перевірка політики доступу, динамічна побудова маршруту та обхід відмовлених каналів"
link_failure,sdn_resilient_policy,link_failure_f082,u08,admin,srv_lms,lms,True,allow,False,s9 -> s4 -> s2 -> s8,3,False,False,3,"перевірка політики доступу, динамічна побудова маршруту та обхід відмовлених каналів"
link_failure,sdn_resilient_policy,link_failure_f083,u01,student,srv_file,file,False,deny,False,,0,False,False,0,доступ заборонено політикою RBAC: роль student -> сервіс file
link_failure,sdn_resilient_policy,link_failure_f084,u06,guest,srv_internet,internet,True,allow,False,s7 -> s4 -> s2 -> s1,3,False,False,3,"перевірка політики доступу, динамічна побудова маршруту та обхід відмовлених каналів"
link_failure,sdn_resilient_policy,link_failure_f085,u10,blocked,srv_lms,lms,False,deny,False,,0,False,False,0,доступ заборонено політикою RBAC: роль blocked -> сервіс lms
link_failure,sdn_resilient_policy,link_failure_f086,u02,student,srv_lms,lms,True,allow,False,s5 -> s3 -> s1 -> s8,3,True,False,3,"перевірка політики доступу, динамічна побудова маршруту та обхід відмовлених каналів"
link_failure,sdn_resilient_policy,link_failure_f087,u04,teacher,srv_lms,lms,True,allow,False,s6 -> s9 -> s4 -> s2 -> s8,4,True,False,4,"перевірка політики доступу, динамічна побудова маршруту та обхід відмовлених каналів"
link_failure,sdn_resilient_policy,link_failure_f088,u11,blocked,srv_video,video,False,deny,False,,0,False,False,0,доступ заборонено політикою RBAC: роль blocked -> сервіс video
link_failure,sdn_resilient_policy,link_failure_f089,u08,admin,srv_video,video,True,allow,False,s9 -> s4 -> s2 -> s8,3,False,False,3,"перевірка політики доступу, динамічна побудова маршруту та обхід відмовлених каналів"
link_failure,sdn_resilient_policy,link_failure_f090,u03,student,srv_admin,admin,False,deny,False,,0,False,False,0,доступ заборонено політикою RBAC: роль student -> сервіс admin
role_change,static_acl,role_change_f001,u05,teacher,srv_file,file,True,allow,False,s6 -> s3 -> s1 -> s8,3,False,False,3,статична таблиця ACL і наперед заданий маршрут
role_change,static_acl,role_change_f002,u08,admin,srv_video,video,True,allow,False,s9 -> s4 -> s2 -> s8,3,False,False,3,статична таблиця ACL і наперед заданий маршрут
role_change,static_acl,role_change_f003,u07,guest,srv_internet,internet,True,allow,False,s7 -> s4 -> s2 -> s1,3,False,False,3,статична таблиця ACL і наперед заданий маршрут
role_change,static_acl,role_change_f004,u10,blocked,srv_video,video,False,deny,False,,0,False,False,0,статична таблиця ACL і наперед заданий маршрут
role_change,static_acl,role_change_f005,u05,teacher,srv_db,database,False,deny,False,,0,False,False,0,статична таблиця ACL і наперед заданий маршрут
role_change,static_acl,role_change_f006,u10,blocked,srv_db,database,False,deny,False,,0,False,False,0,статична таблиця ACL і наперед заданий маршрут
role_change,static_acl,role_change_f007,u10,blocked,srv_video,video,False,deny,False,,0,False,False,0,статична таблиця ACL і наперед заданий маршрут
role_change,static_acl,role_change_f008,u04,teacher,srv_video,video,True,allow,False,s6 -> s3 -> s1 -> s8,3,False,False,3,статична таблиця ACL і наперед заданий маршрут
role_change,static_acl,role_change_f009,u04,admin,srv_admin,admin,True,allow,False,s6 -> s9,1,False,False,1,статична таблиця ACL і наперед заданий маршрут
role_change,static_acl,role_change_f010,u11,blocked,srv_lms,lms,False,deny,False,,0,False,False,0,статична таблиця ACL і наперед заданий маршрут
role_change,static_acl,role_change_f011,u11,blocked,srv_video,video,False,deny,False,,0,False,False,0,статична таблиця ACL і наперед заданий маршрут
role_change,static_acl,role_change_f012,u01,student,srv_video,video,True,allow,False,s5 -> s2 -> s8,2,False,False,2,статична таблиця ACL і наперед заданий маршрут
role_change,static_acl,role_change_f013,u05,teacher,srv_file,file,True,allow,False,s6 -> s3 -> s1 -> s8,3,False,False,3,статична таблиця ACL і наперед заданий маршрут
role_change,static_acl,role_change_f014,u03,student,srv_lms,lms,True,allow,False,s7 -> s4 -> s2 -> s8,3,False,False,3,статична таблиця ACL і наперед заданий маршрут
role_change,static_acl,role_change_f015,u05,teacher,srv_video,video,True,allow,False,s6 -> s3 -> s1 -> s8,3,False,False,3,статична таблиця ACL і наперед заданий маршрут
role_change,static_acl,role_change_f016,u08,admin,srv_video,video,True,allow,False,s9 -> s4 -> s2 -> s8,3,False,False,3,статична таблиця ACL і наперед заданий маршрут
role_change,static_acl,role_change_f017,u06,guest,srv_internet,internet,True,allow,False,s7 -> s4 -> s2 -> s1,3,False,False,3,статична таблиця ACL і наперед заданий маршрут
role_change,static_acl,role_change_f018,u03,blocked,srv_lms,lms,False,deny,False,,0,False,False,0,статична таблиця ACL і наперед заданий маршрут
role_change,static_acl,role_change_f019,u11,blocked,srv_admin,admin,False,deny,False,,0,False,False,0,статична таблиця ACL і наперед заданий маршрут
role_change,static_acl,role_change_f020,u07,guest,srv_db,database,False,deny,False,,0,False,False,0,статична таблиця ACL і наперед заданий маршрут
role_change,static_acl,role_change_f021,u06,guest,srv_internet,internet,True,allow,False,s7 -> s4 -> s2 -> s1,3,False,False,3,статична таблиця ACL і наперед заданий маршрут
role_change,static_acl,role_change_f022,u11,blocked,srv_internet,internet,False,allow,True,s7 -> s4 -> s2 -> s1,3,False,False,3,статична таблиця ACL і наперед заданий маршрут
role_change,static_acl,role_change_f023,u08,admin,srv_internet,internet,True,allow,False,s9 -> s4 -> s2 -> s1,3,False,False,3,статична таблиця ACL і наперед заданий маршрут
role_change,static_acl,role_change_f024,u09,admin,srv_video,video,True,allow,False,s9 -> s4 -> s2 -> s8,3,False,False,3,статична таблиця ACL і наперед заданий маршрут
role_change,static_acl,role_change_f025,u04,teacher,srv_file,file,True,allow,False,s6 -> s3 -> s1 -> s8,3,False,False,3,статична таблиця ACL і наперед заданий маршрут
role_change,static_acl,role_change_f026,u05,teacher,srv_internet,internet,True,allow,False,s6 -> s3 -> s1,2,False,False,2,статична таблиця ACL і наперед заданий маршрут
role_change,static_acl,role_change_f027,u01,blocked,srv_file,file,False,deny,False,,0,False,False,0,статична таблиця ACL і наперед заданий маршрут
role_change,static_acl,role_change_f028,u04,teacher,srv_lms,lms,True,allow,False,s6 -> s3 -> s1 -> s8,3,False,False,3,статична таблиця ACL і наперед заданий маршрут
role_change,static_acl,role_change_f029,u06,guest,srv_internet,internet,True,allow,False,s7 -> s4 -> s2 -> s1,3,False,False,3,статична таблиця ACL і наперед заданий маршрут
role_change,static_acl,role_change_f030,u03,student,srv_video,video,True,allow,False,s7 -> s4 -> s2 -> s8,3,False,False,3,статична таблиця ACL і наперед заданий маршрут
role_change,static_acl,role_change_f031,u08,admin,srv_admin,admin,True,allow,False,s9,0,False,False,0,статична таблиця ACL і наперед заданий маршрут
role_change,static_acl,role_change_f032,u05,teacher,srv_db,database,False,deny,False,,0,False,False,0,статична таблиця ACL і наперед заданий маршрут
role_change,static_acl,role_change_f033,u08,admin,srv_lms,lms,True,allow,False,s9 -> s4 -> s2 -> s8,3,False,False,3,статична таблиця ACL і наперед заданий маршрут
role_change,static_acl,role_change_f034,u02,student,srv_lms,lms,True,allow,False,s5 -> s2 -> s8,2,False,False,2,статична таблиця ACL і наперед заданий маршрут
role_change,static_acl,role_change_f035,u11,blocked,srv_file,file,False,deny,False,,0,False,False,0,статична таблиця ACL і наперед заданий маршрут
role_change,static_acl,role_change_f036,u02,blocked,srv_file,file,False,deny,False,,0,False,False,0,статична таблиця ACL і наперед заданий маршрут
role_change,static_acl,role_change_f037,u04,teacher,srv_internet,internet,True,allow,False,s6 -> s3 -> s1,2,False,False,2,статична таблиця ACL і наперед заданий маршрут
role_change,static_acl,role_change_f038,u06,guest,srv_internet,internet,True,allow,False,s7 -> s4 -> s2 -> s1,3,False,False,3,статична таблиця ACL і наперед заданий маршрут
role_change,static_acl,role_change_f039,u04,teacher,srv_admin,admin,False,deny,False,,0,False,False,0,статична таблиця ACL і наперед заданий маршрут
role_change,static_acl,role_change_f040,u04,teacher,srv_lms,lms,True,allow,False,s6 -> s3 -> s1 -> s8,3,False,False,3,статична таблиця ACL і наперед заданий маршрут
role_change,static_acl,role_change_f041,u10,blocked,srv_lms,lms,False,deny,False,,0,False,False,0,статична таблиця ACL і наперед заданий маршрут
role_change,static_acl,role_change_f042,u09,admin,srv_video,video,True,allow,False,s9 -> s4 -> s2 -> s8,3,False,False,3,статична таблиця ACL і наперед заданий маршрут
role_change,static_acl,role_change_f043,u02,student,srv_internet,internet,True,allow,False,s5 -> s3 -> s1,2,False,False,2,статична таблиця ACL і наперед заданий маршрут
role_change,static_acl,role_change_f044,u06,guest,srv_internet,internet,True,allow,False,s7 -> s4 -> s2 -> s1,3,False,False,3,статична таблиця ACL і наперед заданий маршрут
role_change,static_acl,role_change_f045,u01,blocked,srv_internet,internet,False,allow,True,s5 -> s3 -> s1,2,False,False,2,статична таблиця ACL і наперед заданий маршрут
role_change,static_acl,role_change_f046,u07,guest,srv_internet,internet,True,allow,False,s7 -> s4 -> s2 -> s1,3,False,False,3,статична таблиця ACL і наперед заданий маршрут
role_change,static_acl,role_change_f047,u06,guest,srv_internet,internet,True,allow,False,s7 -> s4 -> s2 -> s1,3,False,False,3,статична таблиця ACL і наперед заданий маршрут
role_change,static_acl,role_change_f048,u04,teacher,srv_internet,internet,True,allow,False,s6 -> s3 -> s1,2,False,False,2,статична таблиця ACL і наперед заданий маршрут
role_change,static_acl,role_change_f049,u11,blocked,srv_file,file,False,deny,False,,0,False,False,0,статична таблиця ACL і наперед заданий маршрут
role_change,static_acl,role_change_f050,u01,student,srv_admin,admin,False,deny,False,,0,False,False,0,статична таблиця ACL і наперед заданий маршрут
role_change,static_acl,role_change_f051,u07,guest,srv_internet,internet,True,allow,False,s7 -> s4 -> s2 -> s1,3,False,False,3,статична таблиця ACL і наперед заданий маршрут
role_change,static_acl,role_change_f052,u08,admin,srv_internet,internet,True,allow,False,s9 -> s4 -> s2 -> s1,3,False,False,3,статична таблиця ACL і наперед заданий маршрут
role_change,static_acl,role_change_f053,u06,guest,srv_internet,internet,True,allow,False,s7 -> s4 -> s2 -> s1,3,False,False,3,статична таблиця ACL і наперед заданий маршрут
role_change,static_acl,role_change_f054,u10,blocked,srv_admin,admin,False,deny,False,,0,False,False,0,статична таблиця ACL і наперед заданий маршрут
role_change,static_acl,role_change_f055,u07,guest,srv_internet,internet,True,allow,False,s7 -> s4 -> s2 -> s1,3,False,False,3,статична таблиця ACL і наперед заданий маршрут
role_change,static_acl,role_change_f056,u10,blocked,srv_db,database,False,deny,False,,0,False,False,0,статична таблиця ACL і наперед заданий маршрут
role_change,static_acl,role_change_f057,u11,blocked,srv_admin,admin,False,deny,False,,0,False,False,0,статична таблиця ACL і наперед заданий маршрут
role_change,static_acl,role_change_f058,u04,teacher,srv_lms,lms,True,allow,False,s6 -> s3 -> s1 -> s8,3,False,False,3,статична таблиця ACL і наперед заданий маршрут
role_change,static_acl,role_change_f059,u08,admin,srv_file,file,True,allow,False,s9 -> s4 -> s2 -> s8,3,False,False,3,статична таблиця ACL і наперед заданий маршрут
role_change,static_acl,role_change_f060,u02,student,srv_lms,lms,True,allow,False,s5 -> s2 -> s8,2,False,False,2,статична таблиця ACL і наперед заданий маршрут
role_change,static_acl,role_change_f061,u06,guest,srv_internet,internet,True,allow,False,s7 -> s4 -> s2 -> s1,3,False,False,3,статична таблиця ACL і наперед заданий маршрут
role_change,static_acl,role_change_f062,u02,student,srv_file,file,False,allow,True,s5 -> s2 -> s8,2,False,False,2,статична таблиця ACL і наперед заданий маршрут
role_change,static_acl,role_change_f063,u06,student,srv_video,video,True,allow,False,s7 -> s4 -> s2 -> s8,3,False,False,3,статична таблиця ACL і наперед заданий маршрут
role_change,static_acl,role_change_f064,u09,admin,srv_admin,admin,True,allow,False,s9,0,False,False,0,статична таблиця ACL і наперед заданий маршрут
role_change,static_acl,role_change_f065,u02,student,srv_video,video,True,allow,False,s5 -> s2 -> s8,2,False,False,2,статична таблиця ACL і наперед заданий маршрут
role_change,static_acl,role_change_f066,u07,guest,srv_internet,internet,True,allow,False,s7 -> s4 -> s2 -> s1,3,False,False,3,статична таблиця ACL і наперед заданий маршрут
role_change,static_acl,role_change_f067,u10,blocked,srv_internet,internet,False,allow,True,s5 -> s3 -> s1,2,False,False,2,статична таблиця ACL і наперед заданий маршрут
role_change,static_acl,role_change_f068,u04,teacher,srv_db,database,False,deny,False,,0,False,False,0,статична таблиця ACL і наперед заданий маршрут
role_change,static_acl,role_change_f069,u02,student,srv_video,video,True,allow,False,s5 -> s2 -> s8,2,False,False,2,статична таблиця ACL і наперед заданий маршрут
role_change,static_acl,role_change_f070,u05,teacher,srv_file,file,True,allow,False,s6 -> s3 -> s1 -> s8,3,False,False,3,статична таблиця ACL і наперед заданий маршрут
role_change,static_acl,role_change_f071,u10,blocked,srv_db,database,False,deny,False,,0,False,False,0,статична таблиця ACL і наперед заданий маршрут
role_change,static_acl,role_change_f072,u10,blocked,srv_db,database,False,deny,False,,0,False,False,0,статична таблиця ACL і наперед заданий маршрут
role_change,static_acl,role_change_f073,u03,student,srv_lms,lms,True,allow,False,s7 -> s4 -> s2 -> s8,3,False,False,3,статична таблиця ACL і наперед заданий маршрут
role_change,static_acl,role_change_f074,u06,guest,srv_video,video,False,deny,False,,0,False,False,0,статична таблиця ACL і наперед заданий маршрут
role_change,static_acl,role_change_f075,u07,guest,srv_lms,lms,False,allow,True,s7 -> s4 -> s2 -> s8,3,False,False,3,статична таблиця ACL і наперед заданий маршрут
role_change,static_acl,role_change_f076,u09,admin,srv_lms,lms,True,allow,False,s9 -> s4 -> s2 -> s8,3,False,False,3,статична таблиця ACL і наперед заданий маршрут
role_change,static_acl,role_change_f077,u08,admin,srv_video,video,True,allow,False,s9 -> s4 -> s2 -> s8,3,False,False,3,статична таблиця ACL і наперед заданий маршрут
role_change,static_acl,role_change_f078,u05,teacher,srv_internet,internet,True,allow,False,s6 -> s3 -> s1,2,False,False,2,статична таблиця ACL і наперед заданий маршрут
role_change,static_acl,role_change_f079,u03,student,srv_db,database,False,deny,False,,0,False,False,0,статична таблиця ACL і наперед заданий маршрут
role_change,static_acl,role_change_f080,u02,student,srv_video,video,True,allow,False,s5 -> s2 -> s8,2,False,False,2,статична таблиця ACL і наперед заданий маршрут
role_change,static_acl,role_change_f081,u10,blocked,srv_video,video,False,deny,False,,0,False,False,0,статична таблиця ACL і наперед заданий маршрут
role_change,static_acl,role_change_f082,u09,admin,srv_internet,internet,True,allow,False,s9 -> s4 -> s2 -> s1,3,False,False,3,статична таблиця ACL і наперед заданий маршрут
role_change,static_acl,role_change_f083,u02,student,srv_video,video,True,allow,False,s5 -> s2 -> s8,2,False,False,2,статична таблиця ACL і наперед заданий маршрут
role_change,static_acl,role_change_f084,u09,admin,srv_db,database,True,allow,False,s9 -> s4 -> s2 -> s8,3,False,False,3,статична таблиця ACL і наперед заданий маршрут
role_change,static_acl,role_change_f085,u04,teacher,srv_internet,internet,True,allow,False,s6 -> s3 -> s1,2,False,False,2,статична таблиця ACL і наперед заданий маршрут
role_change,static_acl,role_change_f086,u05,teacher,srv_lms,lms,True,allow,False,s6 -> s3 -> s1 -> s8,3,False,False,3,статична таблиця ACL і наперед заданий маршрут
role_change,static_acl,role_change_f087,u05,teacher,srv_internet,internet,True,allow,False,s6 -> s3 -> s1,2,False,False,2,статична таблиця ACL і наперед заданий маршрут
role_change,static_acl,role_change_f088,u07,guest,srv_admin,admin,False,deny,False,,0,False,False,0,статична таблиця ACL і наперед заданий маршрут
role_change,static_acl,role_change_f089,u04,teacher,srv_video,video,True,allow,False,s6 -> s3 -> s1 -> s8,3,False,False,3,статична таблиця ACL і наперед заданий маршрут
role_change,static_acl,role_change_f090,u01,blocked,srv_file,file,False,deny,False,,0,False,False,0,статична таблиця ACL і наперед заданий маршрут
role_change,sdn_shortest_path,role_change_f001,u05,teacher,srv_file,file,True,allow,False,s6 -> s3 -> s1 -> s8,3,False,False,3,"SDN-контролер будує найкоротший маршрут, але не застосовує політики ролей"
role_change,sdn_shortest_path,role_change_f002,u08,admin,srv_video,video,True,allow,False,s9 -> s4 -> s2 -> s8,3,False,False,3,"SDN-контролер будує найкоротший маршрут, але не застосовує політики ролей"
role_change,sdn_shortest_path,role_change_f003,u07,guest,srv_internet,internet,True,allow,False,s7 -> s4 -> s2 -> s1,3,False,False,3,"SDN-контролер будує найкоротший маршрут, але не застосовує політики ролей"
role_change,sdn_shortest_path,role_change_f004,u10,blocked,srv_video,video,False,allow,True,s5 -> s2 -> s8,2,False,False,2,"SDN-контролер будує найкоротший маршрут, але не застосовує політики ролей"
role_change,sdn_shortest_path,role_change_f005,u05,teacher,srv_db,database,False,allow,True,s6 -> s3 -> s1 -> s8,3,False,False,3,"SDN-контролер будує найкоротший маршрут, але не застосовує політики ролей"
role_change,sdn_shortest_path,role_change_f006,u10,blocked,srv_db,database,False,allow,True,s5 -> s2 -> s8,2,False,False,2,"SDN-контролер будує найкоротший маршрут, але не застосовує політики ролей"
role_change,sdn_shortest_path,role_change_f007,u10,blocked,srv_video,video,False,allow,True,s5 -> s2 -> s8,2,False,False,2,"SDN-контролер будує найкоротший маршрут, але не застосовує політики ролей"
role_change,sdn_shortest_path,role_change_f008,u04,teacher,srv_video,video,True,allow,False,s6 -> s3 -> s1 -> s8,3,False,False,3,"SDN-контролер будує найкоротший маршрут, але не застосовує політики ролей"
role_change,sdn_shortest_path,role_change_f009,u04,admin,srv_admin,admin,True,allow,False,s6 -> s9,1,False,False,1,"SDN-контролер будує найкоротший маршрут, але не застосовує політики ролей"
role_change,sdn_shortest_path,role_change_f010,u11,blocked,srv_lms,lms,False,allow,True,s7 -> s4 -> s2 -> s8,3,False,False,3,"SDN-контролер будує найкоротший маршрут, але не застосовує політики ролей"
role_change,sdn_shortest_path,role_change_f011,u11,blocked,srv_video,video,False,allow,True,s7 -> s4 -> s2 -> s8,3,False,False,3,"SDN-контролер будує найкоротший маршрут, але не застосовує політики ролей"
role_change,sdn_shortest_path,role_change_f012,u01,student,srv_video,video,True,allow,False,s5 -> s2 -> s8,2,False,False,2,"SDN-контролер будує найкоротший маршрут, але не застосовує політики ролей"
role_change,sdn_shortest_path,role_change_f013,u05,teacher,srv_file,file,True,allow,False,s6 -> s3 -> s1 -> s8,3,False,False,3,"SDN-контролер будує найкоротший маршрут, але не застосовує політики ролей"
role_change,sdn_shortest_path,role_change_f014,u03,student,srv_lms,lms,True,allow,False,s7 -> s4 -> s2 -> s8,3,False,False,3,"SDN-контролер будує найкоротший маршрут, але не застосовує політики ролей"
role_change,sdn_shortest_path,role_change_f015,u05,teacher,srv_video,video,True,allow,False,s6 -> s3 -> s1 -> s8,3,False,False,3,"SDN-контролер будує найкоротший маршрут, але не застосовує політики ролей"
role_change,sdn_shortest_path,role_change_f016,u08,admin,srv_video,video,True,allow,False,s9 -> s4 -> s2 -> s8,3,False,False,3,"SDN-контролер будує найкоротший маршрут, але не застосовує політики ролей"
role_change,sdn_shortest_path,role_change_f017,u06,guest,srv_internet,internet,True,allow,False,s7 -> s4 -> s2 -> s1,3,False,False,3,"SDN-контролер будує найкоротший маршрут, але не застосовує політики ролей"
role_change,sdn_shortest_path,role_change_f018,u03,blocked,srv_lms,lms,False,allow,True,s7 -> s4 -> s2 -> s8,3,False,False,3,"SDN-контролер будує найкоротший маршрут, але не застосовує політики ролей"
role_change,sdn_shortest_path,role_change_f019,u11,blocked,srv_admin,admin,False,allow,True,s7 -> s4 -> s9,2,False,False,2,"SDN-контролер будує найкоротший маршрут, але не застосовує політики ролей"
role_change,sdn_shortest_path,role_change_f020,u07,guest,srv_db,database,False,allow,True,s7 -> s4 -> s2 -> s8,3,False,False,3,"SDN-контролер будує найкоротший маршрут, але не застосовує політики ролей"
role_change,sdn_shortest_path,role_change_f021,u06,guest,srv_internet,internet,True,allow,False,s7 -> s4 -> s2 -> s1,3,False,False,3,"SDN-контролер будує найкоротший маршрут, але не застосовує політики ролей"
role_change,sdn_shortest_path,role_change_f022,u11,blocked,srv_internet,internet,False,allow,True,s7 -> s4 -> s2 -> s1,3,False,False,3,"SDN-контролер будує найкоротший маршрут, але не застосовує політики ролей"
role_change,sdn_shortest_path,role_change_f023,u08,admin,srv_internet,internet,True,allow,False,s9 -> s4 -> s2 -> s1,3,False,False,3,"SDN-контролер будує найкоротший маршрут, але не застосовує політики ролей"
role_change,sdn_shortest_path,role_change_f024,u09,admin,srv_video,video,True,allow,False,s9 -> s4 -> s2 -> s8,3,False,False,3,"SDN-контролер будує найкоротший маршрут, але не застосовує політики ролей"
role_change,sdn_shortest_path,role_change_f025,u04,teacher,srv_file,file,True,allow,False,s6 -> s3 -> s1 -> s8,3,False,False,3,"SDN-контролер будує найкоротший маршрут, але не застосовує політики ролей"
role_change,sdn_shortest_path,role_change_f026,u05,teacher,srv_internet,internet,True,allow,False,s6 -> s3 -> s1,2,False,False,2,"SDN-контролер будує найкоротший маршрут, але не застосовує політики ролей"
role_change,sdn_shortest_path,role_change_f027,u01,blocked,srv_file,file,False,allow,True,s5 -> s2 -> s8,2,False,False,2,"SDN-контролер будує найкоротший маршрут, але не застосовує політики ролей"
role_change,sdn_shortest_path,role_change_f028,u04,teacher,srv_lms,lms,True,allow,False,s6 -> s3 -> s1 -> s8,3,False,False,3,"SDN-контролер будує найкоротший маршрут, але не застосовує політики ролей"
role_change,sdn_shortest_path,role_change_f029,u06,guest,srv_internet,internet,True,allow,False,s7 -> s4 -> s2 -> s1,3,False,False,3,"SDN-контролер будує найкоротший маршрут, але не застосовує політики ролей"
role_change,sdn_shortest_path,role_change_f030,u03,student,srv_video,video,True,allow,False,s7 -> s4 -> s2 -> s8,3,False,False,3,"SDN-контролер будує найкоротший маршрут, але не застосовує політики ролей"
role_change,sdn_shortest_path,role_change_f031,u08,admin,srv_admin,admin,True,allow,False,s9,0,False,False,0,"SDN-контролер будує найкоротший маршрут, але не застосовує політики ролей"
role_change,sdn_shortest_path,role_change_f032,u05,teacher,srv_db,database,False,allow,True,s6 -> s3 -> s1 -> s8,3,False,False,3,"SDN-контролер будує найкоротший маршрут, але не застосовує політики ролей"
role_change,sdn_shortest_path,role_change_f033,u08,admin,srv_lms,lms,True,allow,False,s9 -> s4 -> s2 -> s8,3,False,False,3,"SDN-контролер будує найкоротший маршрут, але не застосовує політики ролей"
role_change,sdn_shortest_path,role_change_f034,u02,student,srv_lms,lms,True,allow,False,s5 -> s2 -> s8,2,False,False,2,"SDN-контролер будує найкоротший маршрут, але не застосовує політики ролей"
role_change,sdn_shortest_path,role_change_f035,u11,blocked,srv_file,file,False,allow,True,s7 -> s4 -> s2 -> s8,3,False,False,3,"SDN-контролер будує найкоротший маршрут, але не застосовує політики ролей"
role_change,sdn_shortest_path,role_change_f036,u02,blocked,srv_file,file,False,allow,True,s5 -> s2 -> s8,2,False,False,2,"SDN-контролер будує найкоротший маршрут, але не застосовує політики ролей"
role_change,sdn_shortest_path,role_change_f037,u04,teacher,srv_internet,internet,True,allow,False,s6 -> s3 -> s1,2,False,False,2,"SDN-контролер будує найкоротший маршрут, але не застосовує політики ролей"
role_change,sdn_shortest_path,role_change_f038,u06,guest,srv_internet,internet,True,allow,False,s7 -> s4 -> s2 -> s1,3,False,False,3,"SDN-контролер будує найкоротший маршрут, але не застосовує політики ролей"
role_change,sdn_shortest_path,role_change_f039,u04,teacher,srv_admin,admin,False,allow,True,s6 -> s9,1,False,False,1,"SDN-контролер будує найкоротший маршрут, але не застосовує політики ролей"
role_change,sdn_shortest_path,role_change_f040,u04,teacher,srv_lms,lms,True,allow,False,s6 -> s3 -> s1 -> s8,3,False,False,3,"SDN-контролер будує найкоротший маршрут, але не застосовує політики ролей"
role_change,sdn_shortest_path,role_change_f041,u10,blocked,srv_lms,lms,False,allow,True,s5 -> s2 -> s8,2,False,False,2,"SDN-контролер будує найкоротший маршрут, але не застосовує політики ролей"
role_change,sdn_shortest_path,role_change_f042,u09,admin,srv_video,video,True,allow,False,s9 -> s4 -> s2 -> s8,3,False,False,3,"SDN-контролер будує найкоротший маршрут, але не застосовує політики ролей"
role_change,sdn_shortest_path,role_change_f043,u02,student,srv_internet,internet,True,allow,False,s5 -> s3 -> s1,2,False,False,2,"SDN-контролер будує найкоротший маршрут, але не застосовує політики ролей"
role_change,sdn_shortest_path,role_change_f044,u06,guest,srv_internet,internet,True,allow,False,s7 -> s4 -> s2 -> s1,3,False,False,3,"SDN-контролер будує найкоротший маршрут, але не застосовує політики ролей"
role_change,sdn_shortest_path,role_change_f045,u01,blocked,srv_internet,internet,False,allow,True,s5 -> s3 -> s1,2,False,False,2,"SDN-контролер будує найкоротший маршрут, але не застосовує політики ролей"
role_change,sdn_shortest_path,role_change_f046,u07,guest,srv_internet,internet,True,allow,False,s7 -> s4 -> s2 -> s1,3,False,False,3,"SDN-контролер будує найкоротший маршрут, але не застосовує політики ролей"
role_change,sdn_shortest_path,role_change_f047,u06,guest,srv_internet,internet,True,allow,False,s7 -> s4 -> s2 -> s1,3,False,False,3,"SDN-контролер будує найкоротший маршрут, але не застосовує політики ролей"
role_change,sdn_shortest_path,role_change_f048,u04,teacher,srv_internet,internet,True,allow,False,s6 -> s3 -> s1,2,False,False,2,"SDN-контролер будує найкоротший маршрут, але не застосовує політики ролей"
role_change,sdn_shortest_path,role_change_f049,u11,blocked,srv_file,file,False,allow,True,s7 -> s4 -> s2 -> s8,3,False,False,3,"SDN-контролер будує найкоротший маршрут, але не застосовує політики ролей"
role_change,sdn_shortest_path,role_change_f050,u01,student,srv_admin,admin,False,allow,True,s5 -> s3 -> s4 -> s9,3,False,False,3,"SDN-контролер будує найкоротший маршрут, але не застосовує політики ролей"
role_change,sdn_shortest_path,role_change_f051,u07,guest,srv_internet,internet,True,allow,False,s7 -> s4 -> s2 -> s1,3,False,False,3,"SDN-контролер будує найкоротший маршрут, але не застосовує політики ролей"
role_change,sdn_shortest_path,role_change_f052,u08,admin,srv_internet,internet,True,allow,False,s9 -> s4 -> s2 -> s1,3,False,False,3,"SDN-контролер будує найкоротший маршрут, але не застосовує політики ролей"
role_change,sdn_shortest_path,role_change_f053,u06,guest,srv_internet,internet,True,allow,False,s7 -> s4 -> s2 -> s1,3,False,False,3,"SDN-контролер будує найкоротший маршрут, але не застосовує політики ролей"
role_change,sdn_shortest_path,role_change_f054,u10,blocked,srv_admin,admin,False,allow,True,s5 -> s3 -> s4 -> s9,3,False,False,3,"SDN-контролер будує найкоротший маршрут, але не застосовує політики ролей"
role_change,sdn_shortest_path,role_change_f055,u07,guest,srv_internet,internet,True,allow,False,s7 -> s4 -> s2 -> s1,3,False,False,3,"SDN-контролер будує найкоротший маршрут, але не застосовує політики ролей"
role_change,sdn_shortest_path,role_change_f056,u10,blocked,srv_db,database,False,allow,True,s5 -> s2 -> s8,2,False,False,2,"SDN-контролер будує найкоротший маршрут, але не застосовує політики ролей"
role_change,sdn_shortest_path,role_change_f057,u11,blocked,srv_admin,admin,False,allow,True,s7 -> s4 -> s9,2,False,False,2,"SDN-контролер будує найкоротший маршрут, але не застосовує політики ролей"
role_change,sdn_shortest_path,role_change_f058,u04,teacher,srv_lms,lms,True,allow,False,s6 -> s3 -> s1 -> s8,3,False,False,3,"SDN-контролер будує найкоротший маршрут, але не застосовує політики ролей"
role_change,sdn_shortest_path,role_change_f059,u08,admin,srv_file,file,True,allow,False,s9 -> s4 -> s2 -> s8,3,False,False,3,"SDN-контролер будує найкоротший маршрут, але не застосовує політики ролей"
role_change,sdn_shortest_path,role_change_f060,u02,student,srv_lms,lms,True,allow,False,s5 -> s2 -> s8,2,False,False,2,"SDN-контролер будує найкоротший маршрут, але не застосовує політики ролей"
role_change,sdn_shortest_path,role_change_f061,u06,guest,srv_internet,internet,True,allow,False,s7 -> s4 -> s2 -> s1,3,False,False,3,"SDN-контролер будує найкоротший маршрут, але не застосовує політики ролей"
role_change,sdn_shortest_path,role_change_f062,u02,student,srv_file,file,False,allow,True,s5 -> s2 -> s8,2,False,False,2,"SDN-контролер будує найкоротший маршрут, але не застосовує політики ролей"
role_change,sdn_shortest_path,role_change_f063,u06,student,srv_video,video,True,allow,False,s7 -> s4 -> s2 -> s8,3,False,False,3,"SDN-контролер будує найкоротший маршрут, але не застосовує політики ролей"
role_change,sdn_shortest_path,role_change_f064,u09,admin,srv_admin,admin,True,allow,False,s9,0,False,False,0,"SDN-контролер будує найкоротший маршрут, але не застосовує політики ролей"
role_change,sdn_shortest_path,role_change_f065,u02,student,srv_video,video,True,allow,False,s5 -> s2 -> s8,2,False,False,2,"SDN-контролер будує найкоротший маршрут, але не застосовує політики ролей"
role_change,sdn_shortest_path,role_change_f066,u07,guest,srv_internet,internet,True,allow,False,s7 -> s4 -> s2 -> s1,3,False,False,3,"SDN-контролер будує найкоротший маршрут, але не застосовує політики ролей"
role_change,sdn_shortest_path,role_change_f067,u10,blocked,srv_internet,internet,False,allow,True,s5 -> s3 -> s1,2,False,False,2,"SDN-контролер будує найкоротший маршрут, але не застосовує політики ролей"
role_change,sdn_shortest_path,role_change_f068,u04,teacher,srv_db,database,False,allow,True,s6 -> s3 -> s1 -> s8,3,False,False,3,"SDN-контролер будує найкоротший маршрут, але не застосовує політики ролей"
role_change,sdn_shortest_path,role_change_f069,u02,student,srv_video,video,True,allow,False,s5 -> s2 -> s8,2,False,False,2,"SDN-контролер будує найкоротший маршрут, але не застосовує політики ролей"
role_change,sdn_shortest_path,role_change_f070,u05,teacher,srv_file,file,True,allow,False,s6 -> s3 -> s1 -> s8,3,False,False,3,"SDN-контролер будує найкоротший маршрут, але не застосовує політики ролей"
role_change,sdn_shortest_path,role_change_f071,u10,blocked,srv_db,database,False,allow,True,s5 -> s2 -> s8,2,False,False,2,"SDN-контролер будує найкоротший маршрут, але не застосовує політики ролей"
role_change,sdn_shortest_path,role_change_f072,u10,blocked,srv_db,database,False,allow,True,s5 -> s2 -> s8,2,False,False,2,"SDN-контролер будує найкоротший маршрут, але не застосовує політики ролей"
role_change,sdn_shortest_path,role_change_f073,u03,student,srv_lms,lms,True,allow,False,s7 -> s4 -> s2 -> s8,3,False,False,3,"SDN-контролер будує найкоротший маршрут, але не застосовує політики ролей"
role_change,sdn_shortest_path,role_change_f074,u06,guest,srv_video,video,False,allow,True,s7 -> s4 -> s2 -> s8,3,False,False,3,"SDN-контролер будує найкоротший маршрут, але не застосовує політики ролей"
role_change,sdn_shortest_path,role_change_f075,u07,guest,srv_lms,lms,False,allow,True,s7 -> s4 -> s2 -> s8,3,False,False,3,"SDN-контролер будує найкоротший маршрут, але не застосовує політики ролей"
role_change,sdn_shortest_path,role_change_f076,u09,admin,srv_lms,lms,True,allow,False,s9 -> s4 -> s2 -> s8,3,False,False,3,"SDN-контролер будує найкоротший маршрут, але не застосовує політики ролей"
role_change,sdn_shortest_path,role_change_f077,u08,admin,srv_video,video,True,allow,False,s9 -> s4 -> s2 -> s8,3,False,False,3,"SDN-контролер будує найкоротший маршрут, але не застосовує політики ролей"
role_change,sdn_shortest_path,role_change_f078,u05,teacher,srv_internet,internet,True,allow,False,s6 -> s3 -> s1,2,False,False,2,"SDN-контролер будує найкоротший маршрут, але не застосовує політики ролей"
role_change,sdn_shortest_path,role_change_f079,u03,student,srv_db,database,False,allow,True,s7 -> s4 -> s2 -> s8,3,False,False,3,"SDN-контролер будує найкоротший маршрут, але не застосовує політики ролей"
role_change,sdn_shortest_path,role_change_f080,u02,student,srv_video,video,True,allow,False,s5 -> s2 -> s8,2,False,False,2,"SDN-контролер будує найкоротший маршрут, але не застосовує політики ролей"
role_change,sdn_shortest_path,role_change_f081,u10,blocked,srv_video,video,False,allow,True,s5 -> s2 -> s8,2,False,False,2,"SDN-контролер будує найкоротший маршрут, але не застосовує політики ролей"
role_change,sdn_shortest_path,role_change_f082,u09,admin,srv_internet,internet,True,allow,False,s9 -> s4 -> s2 -> s1,3,False,False,3,"SDN-контролер будує найкоротший маршрут, але не застосовує політики ролей"
role_change,sdn_shortest_path,role_change_f083,u02,student,srv_video,video,True,allow,False,s5 -> s2 -> s8,2,False,False,2,"SDN-контролер будує найкоротший маршрут, але не застосовує політики ролей"
role_change,sdn_shortest_path,role_change_f084,u09,admin,srv_db,database,True,allow,False,s9 -> s4 -> s2 -> s8,3,False,False,3,"SDN-контролер будує найкоротший маршрут, але не застосовує політики ролей"
role_change,sdn_shortest_path,role_change_f085,u04,teacher,srv_internet,internet,True,allow,False,s6 -> s3 -> s1,2,False,False,2,"SDN-контролер будує найкоротший маршрут, але не застосовує політики ролей"
role_change,sdn_shortest_path,role_change_f086,u05,teacher,srv_lms,lms,True,allow,False,s6 -> s3 -> s1 -> s8,3,False,False,3,"SDN-контролер будує найкоротший маршрут, але не застосовує політики ролей"
role_change,sdn_shortest_path,role_change_f087,u05,teacher,srv_internet,internet,True,allow,False,s6 -> s3 -> s1,2,False,False,2,"SDN-контролер будує найкоротший маршрут, але не застосовує політики ролей"
role_change,sdn_shortest_path,role_change_f088,u07,guest,srv_admin,admin,False,allow,True,s7 -> s4 -> s9,2,False,False,2,"SDN-контролер будує найкоротший маршрут, але не застосовує політики ролей"
role_change,sdn_shortest_path,role_change_f089,u04,teacher,srv_video,video,True,allow,False,s6 -> s3 -> s1 -> s8,3,False,False,3,"SDN-контролер будує найкоротший маршрут, але не застосовує політики ролей"
role_change,sdn_shortest_path,role_change_f090,u01,blocked,srv_file,file,False,allow,True,s5 -> s2 -> s8,2,False,False,2,"SDN-контролер будує найкоротший маршрут, але не застосовує політики ролей"
role_change,sdn_policy,role_change_f001,u05,teacher,srv_file,file,True,allow,False,s6 -> s3 -> s1 -> s8,3,False,False,3,перевірка політики доступу та встановлення маршруту без резервного обходу
role_change,sdn_policy,role_change_f002,u08,admin,srv_video,video,True,allow,False,s9 -> s4 -> s2 -> s8,3,False,False,3,перевірка політики доступу та встановлення маршруту без резервного обходу
role_change,sdn_policy,role_change_f003,u07,guest,srv_internet,internet,True,allow,False,s7 -> s4 -> s2 -> s1,3,False,False,3,перевірка політики доступу та встановлення маршруту без резервного обходу
role_change,sdn_policy,role_change_f004,u10,blocked,srv_video,video,False,deny,False,,0,False,False,0,доступ заборонено політикою RBAC: роль blocked -> сервіс video
role_change,sdn_policy,role_change_f005,u05,teacher,srv_db,database,False,deny,False,,0,False,False,0,доступ заборонено політикою RBAC: роль teacher -> сервіс database
role_change,sdn_policy,role_change_f006,u10,blocked,srv_db,database,False,deny,False,,0,False,False,0,доступ заборонено політикою RBAC: роль blocked -> сервіс database
role_change,sdn_policy,role_change_f007,u10,blocked,srv_video,video,False,deny,False,,0,False,False,0,доступ заборонено політикою RBAC: роль blocked -> сервіс video
role_change,sdn_policy,role_change_f008,u04,teacher,srv_video,video,True,allow,False,s6 -> s3 -> s1 -> s8,3,False,False,3,перевірка політики доступу та встановлення маршруту без резервного обходу
role_change,sdn_policy,role_change_f009,u04,admin,srv_admin,admin,True,allow,False,s6 -> s9,1,False,False,1,перевірка політики доступу та встановлення маршруту без резервного обходу
role_change,sdn_policy,role_change_f010,u11,blocked,srv_lms,lms,False,deny,False,,0,False,False,0,доступ заборонено політикою RBAC: роль blocked -> сервіс lms
role_change,sdn_policy,role_change_f011,u11,blocked,srv_video,video,False,deny,False,,0,False,False,0,доступ заборонено політикою RBAC: роль blocked -> сервіс video
role_change,sdn_policy,role_change_f012,u01,student,srv_video,video,True,allow,False,s5 -> s2 -> s8,2,False,False,2,перевірка політики доступу та встановлення маршруту без резервного обходу
role_change,sdn_policy,role_change_f013,u05,teacher,srv_file,file,True,allow,False,s6 -> s3 -> s1 -> s8,3,False,False,3,перевірка політики доступу та встановлення маршруту без резервного обходу
role_change,sdn_policy,role_change_f014,u03,student,srv_lms,lms,True,allow,False,s7 -> s4 -> s2 -> s8,3,False,False,3,перевірка політики доступу та встановлення маршруту без резервного обходу
role_change,sdn_policy,role_change_f015,u05,teacher,srv_video,video,True,allow,False,s6 -> s3 -> s1 -> s8,3,False,False,3,перевірка політики доступу та встановлення маршруту без резервного обходу
role_change,sdn_policy,role_change_f016,u08,admin,srv_video,video,True,allow,False,s9 -> s4 -> s2 -> s8,3,False,False,3,перевірка політики доступу та встановлення маршруту без резервного обходу
role_change,sdn_policy,role_change_f017,u06,guest,srv_internet,internet,True,allow,False,s7 -> s4 -> s2 -> s1,3,False,False,3,перевірка політики доступу та встановлення маршруту без резервного обходу
role_change,sdn_policy,role_change_f018,u03,blocked,srv_lms,lms,False,deny,False,,0,False,False,0,доступ заборонено політикою RBAC: роль blocked -> сервіс lms
role_change,sdn_policy,role_change_f019,u11,blocked,srv_admin,admin,False,deny,False,,0,False,False,0,доступ заборонено політикою RBAC: роль blocked -> сервіс admin
role_change,sdn_policy,role_change_f020,u07,guest,srv_db,database,False,deny,False,,0,False,False,0,доступ заборонено політикою RBAC: роль guest -> сервіс database
role_change,sdn_policy,role_change_f021,u06,guest,srv_internet,internet,True,allow,False,s7 -> s4 -> s2 -> s1,3,False,False,3,перевірка політики доступу та встановлення маршруту без резервного обходу
role_change,sdn_policy,role_change_f022,u11,blocked,srv_internet,internet,False,deny,False,,0,False,False,0,доступ заборонено політикою RBAC: роль blocked -> сервіс internet
role_change,sdn_policy,role_change_f023,u08,admin,srv_internet,internet,True,allow,False,s9 -> s4 -> s2 -> s1,3,False,False,3,перевірка політики доступу та встановлення маршруту без резервного обходу
role_change,sdn_policy,role_change_f024,u09,admin,srv_video,video,True,allow,False,s9 -> s4 -> s2 -> s8,3,False,False,3,перевірка політики доступу та встановлення маршруту без резервного обходу
role_change,sdn_policy,role_change_f025,u04,teacher,srv_file,file,True,allow,False,s6 -> s3 -> s1 -> s8,3,False,False,3,перевірка політики доступу та встановлення маршруту без резервного обходу
role_change,sdn_policy,role_change_f026,u05,teacher,srv_internet,internet,True,allow,False,s6 -> s3 -> s1,2,False,False,2,перевірка політики доступу та встановлення маршруту без резервного обходу
role_change,sdn_policy,role_change_f027,u01,blocked,srv_file,file,False,deny,False,,0,False,False,0,доступ заборонено політикою RBAC: роль blocked -> сервіс file
role_change,sdn_policy,role_change_f028,u04,teacher,srv_lms,lms,True,allow,False,s6 -> s3 -> s1 -> s8,3,False,False,3,перевірка політики доступу та встановлення маршруту без резервного обходу
role_change,sdn_policy,role_change_f029,u06,guest,srv_internet,internet,True,allow,False,s7 -> s4 -> s2 -> s1,3,False,False,3,перевірка політики доступу та встановлення маршруту без резервного обходу
role_change,sdn_policy,role_change_f030,u03,student,srv_video,video,True,allow,False,s7 -> s4 -> s2 -> s8,3,False,False,3,перевірка політики доступу та встановлення маршруту без резервного обходу
role_change,sdn_policy,role_change_f031,u08,admin,srv_admin,admin,True,allow,False,s9,0,False,False,0,перевірка політики доступу та встановлення маршруту без резервного обходу
role_change,sdn_policy,role_change_f032,u05,teacher,srv_db,database,False,deny,False,,0,False,False,0,доступ заборонено політикою RBAC: роль teacher -> сервіс database
role_change,sdn_policy,role_change_f033,u08,admin,srv_lms,lms,True,allow,False,s9 -> s4 -> s2 -> s8,3,False,False,3,перевірка політики доступу та встановлення маршруту без резервного обходу
role_change,sdn_policy,role_change_f034,u02,student,srv_lms,lms,True,allow,False,s5 -> s2 -> s8,2,False,False,2,перевірка політики доступу та встановлення маршруту без резервного обходу
role_change,sdn_policy,role_change_f035,u11,blocked,srv_file,file,False,deny,False,,0,False,False,0,доступ заборонено політикою RBAC: роль blocked -> сервіс file
role_change,sdn_policy,role_change_f036,u02,blocked,srv_file,file,False,deny,False,,0,False,False,0,доступ заборонено політикою RBAC: роль blocked -> сервіс file
role_change,sdn_policy,role_change_f037,u04,teacher,srv_internet,internet,True,allow,False,s6 -> s3 -> s1,2,False,False,2,перевірка політики доступу та встановлення маршруту без резервного обходу
role_change,sdn_policy,role_change_f038,u06,guest,srv_internet,internet,True,allow,False,s7 -> s4 -> s2 -> s1,3,False,False,3,перевірка політики доступу та встановлення маршруту без резервного обходу
role_change,sdn_policy,role_change_f039,u04,teacher,srv_admin,admin,False,deny,False,,0,False,False,0,доступ заборонено політикою RBAC: роль teacher -> сервіс admin
role_change,sdn_policy,role_change_f040,u04,teacher,srv_lms,lms,True,allow,False,s6 -> s3 -> s1 -> s8,3,False,False,3,перевірка політики доступу та встановлення маршруту без резервного обходу
role_change,sdn_policy,role_change_f041,u10,blocked,srv_lms,lms,False,deny,False,,0,False,False,0,доступ заборонено політикою RBAC: роль blocked -> сервіс lms
role_change,sdn_policy,role_change_f042,u09,admin,srv_video,video,True,allow,False,s9 -> s4 -> s2 -> s8,3,False,False,3,перевірка політики доступу та встановлення маршруту без резервного обходу
role_change,sdn_policy,role_change_f043,u02,student,srv_internet,internet,True,allow,False,s5 -> s3 -> s1,2,False,False,2,перевірка політики доступу та встановлення маршруту без резервного обходу
role_change,sdn_policy,role_change_f044,u06,guest,srv_internet,internet,True,allow,False,s7 -> s4 -> s2 -> s1,3,False,False,3,перевірка політики доступу та встановлення маршруту без резервного обходу
role_change,sdn_policy,role_change_f045,u01,blocked,srv_internet,internet,False,deny,False,,0,False,False,0,доступ заборонено політикою RBAC: роль blocked -> сервіс internet
role_change,sdn_policy,role_change_f046,u07,guest,srv_internet,internet,True,allow,False,s7 -> s4 -> s2 -> s1,3,False,False,3,перевірка політики доступу та встановлення маршруту без резервного обходу
role_change,sdn_policy,role_change_f047,u06,guest,srv_internet,internet,True,allow,False,s7 -> s4 -> s2 -> s1,3,False,False,3,перевірка політики доступу та встановлення маршруту без резервного обходу
role_change,sdn_policy,role_change_f048,u04,teacher,srv_internet,internet,True,allow,False,s6 -> s3 -> s1,2,False,False,2,перевірка політики доступу та встановлення маршруту без резервного обходу
role_change,sdn_policy,role_change_f049,u11,blocked,srv_file,file,False,deny,False,,0,False,False,0,доступ заборонено політикою RBAC: роль blocked -> сервіс file
role_change,sdn_policy,role_change_f050,u01,student,srv_admin,admin,False,deny,False,,0,False,False,0,доступ заборонено політикою RBAC: роль student -> сервіс admin
role_change,sdn_policy,role_change_f051,u07,guest,srv_internet,internet,True,allow,False,s7 -> s4 -> s2 -> s1,3,False,False,3,перевірка політики доступу та встановлення маршруту без резервного обходу
role_change,sdn_policy,role_change_f052,u08,admin,srv_internet,internet,True,allow,False,s9 -> s4 -> s2 -> s1,3,False,False,3,перевірка політики доступу та встановлення маршруту без резервного обходу
role_change,sdn_policy,role_change_f053,u06,guest,srv_internet,internet,True,allow,False,s7 -> s4 -> s2 -> s1,3,False,False,3,перевірка політики доступу та встановлення маршруту без резервного обходу
role_change,sdn_policy,role_change_f054,u10,blocked,srv_admin,admin,False,deny,False,,0,False,False,0,доступ заборонено політикою RBAC: роль blocked -> сервіс admin
role_change,sdn_policy,role_change_f055,u07,guest,srv_internet,internet,True,allow,False,s7 -> s4 -> s2 -> s1,3,False,False,3,перевірка політики доступу та встановлення маршруту без резервного обходу
role_change,sdn_policy,role_change_f056,u10,blocked,srv_db,database,False,deny,False,,0,False,False,0,доступ заборонено політикою RBAC: роль blocked -> сервіс database
role_change,sdn_policy,role_change_f057,u11,blocked,srv_admin,admin,False,deny,False,,0,False,False,0,доступ заборонено політикою RBAC: роль blocked -> сервіс admin
role_change,sdn_policy,role_change_f058,u04,teacher,srv_lms,lms,True,allow,False,s6 -> s3 -> s1 -> s8,3,False,False,3,перевірка політики доступу та встановлення маршруту без резервного обходу
role_change,sdn_policy,role_change_f059,u08,admin,srv_file,file,True,allow,False,s9 -> s4 -> s2 -> s8,3,False,False,3,перевірка політики доступу та встановлення маршруту без резервного обходу
role_change,sdn_policy,role_change_f060,u02,student,srv_lms,lms,True,allow,False,s5 -> s2 -> s8,2,False,False,2,перевірка політики доступу та встановлення маршруту без резервного обходу
role_change,sdn_policy,role_change_f061,u06,guest,srv_internet,internet,True,allow,False,s7 -> s4 -> s2 -> s1,3,False,False,3,перевірка політики доступу та встановлення маршруту без резервного обходу
role_change,sdn_policy,role_change_f062,u02,student,srv_file,file,False,deny,False,,0,False,False,0,доступ заборонено політикою RBAC: роль student -> сервіс file
role_change,sdn_policy,role_change_f063,u06,student,srv_video,video,True,allow,False,s7 -> s4 -> s2 -> s8,3,False,False,3,перевірка політики доступу та встановлення маршруту без резервного обходу
role_change,sdn_policy,role_change_f064,u09,admin,srv_admin,admin,True,allow,False,s9,0,False,False,0,перевірка політики доступу та встановлення маршруту без резервного обходу
role_change,sdn_policy,role_change_f065,u02,student,srv_video,video,True,allow,False,s5 -> s2 -> s8,2,False,False,2,перевірка політики доступу та встановлення маршруту без резервного обходу
role_change,sdn_policy,role_change_f066,u07,guest,srv_internet,internet,True,allow,False,s7 -> s4 -> s2 -> s1,3,False,False,3,перевірка політики доступу та встановлення маршруту без резервного обходу
role_change,sdn_policy,role_change_f067,u10,blocked,srv_internet,internet,False,deny,False,,0,False,False,0,доступ заборонено політикою RBAC: роль blocked -> сервіс internet
role_change,sdn_policy,role_change_f068,u04,teacher,srv_db,database,False,deny,False,,0,False,False,0,доступ заборонено політикою RBAC: роль teacher -> сервіс database
role_change,sdn_policy,role_change_f069,u02,student,srv_video,video,True,allow,False,s5 -> s2 -> s8,2,False,False,2,перевірка політики доступу та встановлення маршруту без резервного обходу
role_change,sdn_policy,role_change_f070,u05,teacher,srv_file,file,True,allow,False,s6 -> s3 -> s1 -> s8,3,False,False,3,перевірка політики доступу та встановлення маршруту без резервного обходу
role_change,sdn_policy,role_change_f071,u10,blocked,srv_db,database,False,deny,False,,0,False,False,0,доступ заборонено політикою RBAC: роль blocked -> сервіс database
role_change,sdn_policy,role_change_f072,u10,blocked,srv_db,database,False,deny,False,,0,False,False,0,доступ заборонено політикою RBAC: роль blocked -> сервіс database
role_change,sdn_policy,role_change_f073,u03,student,srv_lms,lms,True,allow,False,s7 -> s4 -> s2 -> s8,3,False,False,3,перевірка політики доступу та встановлення маршруту без резервного обходу
role_change,sdn_policy,role_change_f074,u06,guest,srv_video,video,False,deny,False,,0,False,False,0,доступ заборонено політикою RBAC: роль guest -> сервіс video
role_change,sdn_policy,role_change_f075,u07,guest,srv_lms,lms,False,deny,False,,0,False,False,0,доступ заборонено політикою RBAC: роль guest -> сервіс lms
role_change,sdn_policy,role_change_f076,u09,admin,srv_lms,lms,True,allow,False,s9 -> s4 -> s2 -> s8,3,False,False,3,перевірка політики доступу та встановлення маршруту без резервного обходу
role_change,sdn_policy,role_change_f077,u08,admin,srv_video,video,True,allow,False,s9 -> s4 -> s2 -> s8,3,False,False,3,перевірка політики доступу та встановлення маршруту без резервного обходу
role_change,sdn_policy,role_change_f078,u05,teacher,srv_internet,internet,True,allow,False,s6 -> s3 -> s1,2,False,False,2,перевірка політики доступу та встановлення маршруту без резервного обходу
role_change,sdn_policy,role_change_f079,u03,student,srv_db,database,False,deny,False,,0,False,False,0,доступ заборонено політикою RBAC: роль student -> сервіс database
role_change,sdn_policy,role_change_f080,u02,student,srv_video,video,True,allow,False,s5 -> s2 -> s8,2,False,False,2,перевірка політики доступу та встановлення маршруту без резервного обходу
role_change,sdn_policy,role_change_f081,u10,blocked,srv_video,video,False,deny,False,,0,False,False,0,доступ заборонено політикою RBAC: роль blocked -> сервіс video
role_change,sdn_policy,role_change_f082,u09,admin,srv_internet,internet,True,allow,False,s9 -> s4 -> s2 -> s1,3,False,False,3,перевірка політики доступу та встановлення маршруту без резервного обходу
role_change,sdn_policy,role_change_f083,u02,student,srv_video,video,True,allow,False,s5 -> s2 -> s8,2,False,False,2,перевірка політики доступу та встановлення маршруту без резервного обходу
role_change,sdn_policy,role_change_f084,u09,admin,srv_db,database,True,allow,False,s9 -> s4 -> s2 -> s8,3,False,False,3,перевірка політики доступу та встановлення маршруту без резервного обходу
role_change,sdn_policy,role_change_f085,u04,teacher,srv_internet,internet,True,allow,False,s6 -> s3 -> s1,2,False,False,2,перевірка політики доступу та встановлення маршруту без резервного обходу
role_change,sdn_policy,role_change_f086,u05,teacher,srv_lms,lms,True,allow,False,s6 -> s3 -> s1 -> s8,3,False,False,3,перевірка політики доступу та встановлення маршруту без резервного обходу
role_change,sdn_policy,role_change_f087,u05,teacher,srv_internet,internet,True,allow,False,s6 -> s3 -> s1,2,False,False,2,перевірка політики доступу та встановлення маршруту без резервного обходу
role_change,sdn_policy,role_change_f088,u07,guest,srv_admin,admin,False,deny,False,,0,False,False,0,доступ заборонено політикою RBAC: роль guest -> сервіс admin
role_change,sdn_policy,role_change_f089,u04,teacher,srv_video,video,True,allow,False,s6 -> s3 -> s1 -> s8,3,False,False,3,перевірка політики доступу та встановлення маршруту без резервного обходу
role_change,sdn_policy,role_change_f090,u01,blocked,srv_file,file,False,deny,False,,0,False,False,0,доступ заборонено політикою RBAC: роль blocked -> сервіс file
role_change,sdn_resilient_policy,role_change_f001,u05,teacher,srv_file,file,True,allow,False,s6 -> s3 -> s1 -> s8,3,False,False,3,"перевірка політики доступу, динамічна побудова маршруту та обхід відмовлених каналів"
role_change,sdn_resilient_policy,role_change_f002,u08,admin,srv_video,video,True,allow,False,s9 -> s4 -> s2 -> s8,3,False,False,3,"перевірка політики доступу, динамічна побудова маршруту та обхід відмовлених каналів"
role_change,sdn_resilient_policy,role_change_f003,u07,guest,srv_internet,internet,True,allow,False,s7 -> s4 -> s2 -> s1,3,False,False,3,"перевірка політики доступу, динамічна побудова маршруту та обхід відмовлених каналів"
role_change,sdn_resilient_policy,role_change_f004,u10,blocked,srv_video,video,False,deny,False,,0,False,False,0,доступ заборонено політикою RBAC: роль blocked -> сервіс video
role_change,sdn_resilient_policy,role_change_f005,u05,teacher,srv_db,database,False,deny,False,,0,False,False,0,доступ заборонено політикою RBAC: роль teacher -> сервіс database
role_change,sdn_resilient_policy,role_change_f006,u10,blocked,srv_db,database,False,deny,False,,0,False,False,0,доступ заборонено політикою RBAC: роль blocked -> сервіс database
role_change,sdn_resilient_policy,role_change_f007,u10,blocked,srv_video,video,False,deny,False,,0,False,False,0,доступ заборонено політикою RBAC: роль blocked -> сервіс video
role_change,sdn_resilient_policy,role_change_f008,u04,teacher,srv_video,video,True,allow,False,s6 -> s3 -> s1 -> s8,3,False,False,3,"перевірка політики доступу, динамічна побудова маршруту та обхід відмовлених каналів"
role_change,sdn_resilient_policy,role_change_f009,u04,admin,srv_admin,admin,True,allow,False,s6 -> s9,1,False,False,1,"перевірка політики доступу, динамічна побудова маршруту та обхід відмовлених каналів"
role_change,sdn_resilient_policy,role_change_f010,u11,blocked,srv_lms,lms,False,deny,False,,0,False,False,0,доступ заборонено політикою RBAC: роль blocked -> сервіс lms
role_change,sdn_resilient_policy,role_change_f011,u11,blocked,srv_video,video,False,deny,False,,0,False,False,0,доступ заборонено політикою RBAC: роль blocked -> сервіс video
role_change,sdn_resilient_policy,role_change_f012,u01,student,srv_video,video,True,allow,False,s5 -> s2 -> s8,2,False,False,2,"перевірка політики доступу, динамічна побудова маршруту та обхід відмовлених каналів"
role_change,sdn_resilient_policy,role_change_f013,u05,teacher,srv_file,file,True,allow,False,s6 -> s3 -> s1 -> s8,3,False,False,3,"перевірка політики доступу, динамічна побудова маршруту та обхід відмовлених каналів"
role_change,sdn_resilient_policy,role_change_f014,u03,student,srv_lms,lms,True,allow,False,s7 -> s4 -> s2 -> s8,3,False,False,3,"перевірка політики доступу, динамічна побудова маршруту та обхід відмовлених каналів"
role_change,sdn_resilient_policy,role_change_f015,u05,teacher,srv_video,video,True,allow,False,s6 -> s3 -> s1 -> s8,3,False,False,3,"перевірка політики доступу, динамічна побудова маршруту та обхід відмовлених каналів"
role_change,sdn_resilient_policy,role_change_f016,u08,admin,srv_video,video,True,allow,False,s9 -> s4 -> s2 -> s8,3,False,False,3,"перевірка політики доступу, динамічна побудова маршруту та обхід відмовлених каналів"
role_change,sdn_resilient_policy,role_change_f017,u06,guest,srv_internet,internet,True,allow,False,s7 -> s4 -> s2 -> s1,3,False,False,3,"перевірка політики доступу, динамічна побудова маршруту та обхід відмовлених каналів"
role_change,sdn_resilient_policy,role_change_f018,u03,blocked,srv_lms,lms,False,deny,False,,0,False,False,0,доступ заборонено політикою RBAC: роль blocked -> сервіс lms
role_change,sdn_resilient_policy,role_change_f019,u11,blocked,srv_admin,admin,False,deny,False,,0,False,False,0,доступ заборонено політикою RBAC: роль blocked -> сервіс admin
role_change,sdn_resilient_policy,role_change_f020,u07,guest,srv_db,database,False,deny,False,,0,False,False,0,доступ заборонено політикою RBAC: роль guest -> сервіс database
role_change,sdn_resilient_policy,role_change_f021,u06,guest,srv_internet,internet,True,allow,False,s7 -> s4 -> s2 -> s1,3,False,False,3,"перевірка політики доступу, динамічна побудова маршруту та обхід відмовлених каналів"
role_change,sdn_resilient_policy,role_change_f022,u11,blocked,srv_internet,internet,False,deny,False,,0,False,False,0,доступ заборонено політикою RBAC: роль blocked -> сервіс internet
role_change,sdn_resilient_policy,role_change_f023,u08,admin,srv_internet,internet,True,allow,False,s9 -> s4 -> s2 -> s1,3,False,False,3,"перевірка політики доступу, динамічна побудова маршруту та обхід відмовлених каналів"
role_change,sdn_resilient_policy,role_change_f024,u09,admin,srv_video,video,True,allow,False,s9 -> s4 -> s2 -> s8,3,False,False,3,"перевірка політики доступу, динамічна побудова маршруту та обхід відмовлених каналів"
role_change,sdn_resilient_policy,role_change_f025,u04,teacher,srv_file,file,True,allow,False,s6 -> s3 -> s1 -> s8,3,False,False,3,"перевірка політики доступу, динамічна побудова маршруту та обхід відмовлених каналів"
role_change,sdn_resilient_policy,role_change_f026,u05,teacher,srv_internet,internet,True,allow,False,s6 -> s3 -> s1,2,False,False,2,"перевірка політики доступу, динамічна побудова маршруту та обхід відмовлених каналів"
role_change,sdn_resilient_policy,role_change_f027,u01,blocked,srv_file,file,False,deny,False,,0,False,False,0,доступ заборонено політикою RBAC: роль blocked -> сервіс file
role_change,sdn_resilient_policy,role_change_f028,u04,teacher,srv_lms,lms,True,allow,False,s6 -> s3 -> s1 -> s8,3,False,False,3,"перевірка політики доступу, динамічна побудова маршруту та обхід відмовлених каналів"
role_change,sdn_resilient_policy,role_change_f029,u06,guest,srv_internet,internet,True,allow,False,s7 -> s4 -> s2 -> s1,3,False,False,3,"перевірка політики доступу, динамічна побудова маршруту та обхід відмовлених каналів"
role_change,sdn_resilient_policy,role_change_f030,u03,student,srv_video,video,True,allow,False,s7 -> s4 -> s2 -> s8,3,False,False,3,"перевірка політики доступу, динамічна побудова маршруту та обхід відмовлених каналів"
role_change,sdn_resilient_policy,role_change_f031,u08,admin,srv_admin,admin,True,allow,False,s9,0,False,False,0,"перевірка політики доступу, динамічна побудова маршруту та обхід відмовлених каналів"
role_change,sdn_resilient_policy,role_change_f032,u05,teacher,srv_db,database,False,deny,False,,0,False,False,0,доступ заборонено політикою RBAC: роль teacher -> сервіс database
role_change,sdn_resilient_policy,role_change_f033,u08,admin,srv_lms,lms,True,allow,False,s9 -> s4 -> s2 -> s8,3,False,False,3,"перевірка політики доступу, динамічна побудова маршруту та обхід відмовлених каналів"
role_change,sdn_resilient_policy,role_change_f034,u02,student,srv_lms,lms,True,allow,False,s5 -> s2 -> s8,2,False,False,2,"перевірка політики доступу, динамічна побудова маршруту та обхід відмовлених каналів"
role_change,sdn_resilient_policy,role_change_f035,u11,blocked,srv_file,file,False,deny,False,,0,False,False,0,доступ заборонено політикою RBAC: роль blocked -> сервіс file
role_change,sdn_resilient_policy,role_change_f036,u02,blocked,srv_file,file,False,deny,False,,0,False,False,0,доступ заборонено політикою RBAC: роль blocked -> сервіс file
role_change,sdn_resilient_policy,role_change_f037,u04,teacher,srv_internet,internet,True,allow,False,s6 -> s3 -> s1,2,False,False,2,"перевірка політики доступу, динамічна побудова маршруту та обхід відмовлених каналів"
role_change,sdn_resilient_policy,role_change_f038,u06,guest,srv_internet,internet,True,allow,False,s7 -> s4 -> s2 -> s1,3,False,False,3,"перевірка політики доступу, динамічна побудова маршруту та обхід відмовлених каналів"
role_change,sdn_resilient_policy,role_change_f039,u04,teacher,srv_admin,admin,False,deny,False,,0,False,False,0,доступ заборонено політикою RBAC: роль teacher -> сервіс admin
role_change,sdn_resilient_policy,role_change_f040,u04,teacher,srv_lms,lms,True,allow,False,s6 -> s3 -> s1 -> s8,3,False,False,3,"перевірка політики доступу, динамічна побудова маршруту та обхід відмовлених каналів"
role_change,sdn_resilient_policy,role_change_f041,u10,blocked,srv_lms,lms,False,deny,False,,0,False,False,0,доступ заборонено політикою RBAC: роль blocked -> сервіс lms
role_change,sdn_resilient_policy,role_change_f042,u09,admin,srv_video,video,True,allow,False,s9 -> s4 -> s2 -> s8,3,False,False,3,"перевірка політики доступу, динамічна побудова маршруту та обхід відмовлених каналів"
role_change,sdn_resilient_policy,role_change_f043,u02,student,srv_internet,internet,True,allow,False,s5 -> s3 -> s1,2,False,False,2,"перевірка політики доступу, динамічна побудова маршруту та обхід відмовлених каналів"
role_change,sdn_resilient_policy,role_change_f044,u06,guest,srv_internet,internet,True,allow,False,s7 -> s4 -> s2 -> s1,3,False,False,3,"перевірка політики доступу, динамічна побудова маршруту та обхід відмовлених каналів"
role_change,sdn_resilient_policy,role_change_f045,u01,blocked,srv_internet,internet,False,deny,False,,0,False,False,0,доступ заборонено політикою RBAC: роль blocked -> сервіс internet
role_change,sdn_resilient_policy,role_change_f046,u07,guest,srv_internet,internet,True,allow,False,s7 -> s4 -> s2 -> s1,3,False,False,3,"перевірка політики доступу, динамічна побудова маршруту та обхід відмовлених каналів"
role_change,sdn_resilient_policy,role_change_f047,u06,guest,srv_internet,internet,True,allow,False,s7 -> s4 -> s2 -> s1,3,False,False,3,"перевірка політики доступу, динамічна побудова маршруту та обхід відмовлених каналів"
role_change,sdn_resilient_policy,role_change_f048,u04,teacher,srv_internet,internet,True,allow,False,s6 -> s3 -> s1,2,False,False,2,"перевірка політики доступу, динамічна побудова маршруту та обхід відмовлених каналів"
role_change,sdn_resilient_policy,role_change_f049,u11,blocked,srv_file,file,False,deny,False,,0,False,False,0,доступ заборонено політикою RBAC: роль blocked -> сервіс file
role_change,sdn_resilient_policy,role_change_f050,u01,student,srv_admin,admin,False,deny,False,,0,False,False,0,доступ заборонено політикою RBAC: роль student -> сервіс admin
role_change,sdn_resilient_policy,role_change_f051,u07,guest,srv_internet,internet,True,allow,False,s7 -> s4 -> s2 -> s1,3,False,False,3,"перевірка політики доступу, динамічна побудова маршруту та обхід відмовлених каналів"
role_change,sdn_resilient_policy,role_change_f052,u08,admin,srv_internet,internet,True,allow,False,s9 -> s4 -> s2 -> s1,3,False,False,3,"перевірка політики доступу, динамічна побудова маршруту та обхід відмовлених каналів"
role_change,sdn_resilient_policy,role_change_f053,u06,guest,srv_internet,internet,True,allow,False,s7 -> s4 -> s2 -> s1,3,False,False,3,"перевірка політики доступу, динамічна побудова маршруту та обхід відмовлених каналів"
role_change,sdn_resilient_policy,role_change_f054,u10,blocked,srv_admin,admin,False,deny,False,,0,False,False,0,доступ заборонено політикою RBAC: роль blocked -> сервіс admin
role_change,sdn_resilient_policy,role_change_f055,u07,guest,srv_internet,internet,True,allow,False,s7 -> s4 -> s2 -> s1,3,False,False,3,"перевірка політики доступу, динамічна побудова маршруту та обхід відмовлених каналів"
role_change,sdn_resilient_policy,role_change_f056,u10,blocked,srv_db,database,False,deny,False,,0,False,False,0,доступ заборонено політикою RBAC: роль blocked -> сервіс database
role_change,sdn_resilient_policy,role_change_f057,u11,blocked,srv_admin,admin,False,deny,False,,0,False,False,0,доступ заборонено політикою RBAC: роль blocked -> сервіс admin
role_change,sdn_resilient_policy,role_change_f058,u04,teacher,srv_lms,lms,True,allow,False,s6 -> s3 -> s1 -> s8,3,False,False,3,"перевірка політики доступу, динамічна побудова маршруту та обхід відмовлених каналів"
role_change,sdn_resilient_policy,role_change_f059,u08,admin,srv_file,file,True,allow,False,s9 -> s4 -> s2 -> s8,3,False,False,3,"перевірка політики доступу, динамічна побудова маршруту та обхід відмовлених каналів"
role_change,sdn_resilient_policy,role_change_f060,u02,student,srv_lms,lms,True,allow,False,s5 -> s2 -> s8,2,False,False,2,"перевірка політики доступу, динамічна побудова маршруту та обхід відмовлених каналів"
role_change,sdn_resilient_policy,role_change_f061,u06,guest,srv_internet,internet,True,allow,False,s7 -> s4 -> s2 -> s1,3,False,False,3,"перевірка політики доступу, динамічна побудова маршруту та обхід відмовлених каналів"
role_change,sdn_resilient_policy,role_change_f062,u02,student,srv_file,file,False,deny,False,,0,False,False,0,доступ заборонено політикою RBAC: роль student -> сервіс file
role_change,sdn_resilient_policy,role_change_f063,u06,student,srv_video,video,True,allow,False,s7 -> s4 -> s2 -> s8,3,False,False,3,"перевірка політики доступу, динамічна побудова маршруту та обхід відмовлених каналів"
role_change,sdn_resilient_policy,role_change_f064,u09,admin,srv_admin,admin,True,allow,False,s9,0,False,False,0,"перевірка політики доступу, динамічна побудова маршруту та обхід відмовлених каналів"
role_change,sdn_resilient_policy,role_change_f065,u02,student,srv_video,video,True,allow,False,s5 -> s2 -> s8,2,False,False,2,"перевірка політики доступу, динамічна побудова маршруту та обхід відмовлених каналів"
role_change,sdn_resilient_policy,role_change_f066,u07,guest,srv_internet,internet,True,allow,False,s7 -> s4 -> s2 -> s1,3,False,False,3,"перевірка політики доступу, динамічна побудова маршруту та обхід відмовлених каналів"
role_change,sdn_resilient_policy,role_change_f067,u10,blocked,srv_internet,internet,False,deny,False,,0,False,False,0,доступ заборонено політикою RBAC: роль blocked -> сервіс internet
role_change,sdn_resilient_policy,role_change_f068,u04,teacher,srv_db,database,False,deny,False,,0,False,False,0,доступ заборонено політикою RBAC: роль teacher -> сервіс database
role_change,sdn_resilient_policy,role_change_f069,u02,student,srv_video,video,True,allow,False,s5 -> s2 -> s8,2,False,False,2,"перевірка політики доступу, динамічна побудова маршруту та обхід відмовлених каналів"
role_change,sdn_resilient_policy,role_change_f070,u05,teacher,srv_file,file,True,allow,False,s6 -> s3 -> s1 -> s8,3,False,False,3,"перевірка політики доступу, динамічна побудова маршруту та обхід відмовлених каналів"
role_change,sdn_resilient_policy,role_change_f071,u10,blocked,srv_db,database,False,deny,False,,0,False,False,0,доступ заборонено політикою RBAC: роль blocked -> сервіс database
role_change,sdn_resilient_policy,role_change_f072,u10,blocked,srv_db,database,False,deny,False,,0,False,False,0,доступ заборонено політикою RBAC: роль blocked -> сервіс database
role_change,sdn_resilient_policy,role_change_f073,u03,student,srv_lms,lms,True,allow,False,s7 -> s4 -> s2 -> s8,3,False,False,3,"перевірка політики доступу, динамічна побудова маршруту та обхід відмовлених каналів"
role_change,sdn_resilient_policy,role_change_f074,u06,guest,srv_video,video,False,deny,False,,0,False,False,0,доступ заборонено політикою RBAC: роль guest -> сервіс video
role_change,sdn_resilient_policy,role_change_f075,u07,guest,srv_lms,lms,False,deny,False,,0,False,False,0,доступ заборонено політикою RBAC: роль guest -> сервіс lms
role_change,sdn_resilient_policy,role_change_f076,u09,admin,srv_lms,lms,True,allow,False,s9 -> s4 -> s2 -> s8,3,False,False,3,"перевірка політики доступу, динамічна побудова маршруту та обхід відмовлених каналів"
role_change,sdn_resilient_policy,role_change_f077,u08,admin,srv_video,video,True,allow,False,s9 -> s4 -> s2 -> s8,3,False,False,3,"перевірка політики доступу, динамічна побудова маршруту та обхід відмовлених каналів"
role_change,sdn_resilient_policy,role_change_f078,u05,teacher,srv_internet,internet,True,allow,False,s6 -> s3 -> s1,2,False,False,2,"перевірка політики доступу, динамічна побудова маршруту та обхід відмовлених каналів"
role_change,sdn_resilient_policy,role_change_f079,u03,student,srv_db,database,False,deny,False,,0,False,False,0,доступ заборонено політикою RBAC: роль student -> сервіс database
role_change,sdn_resilient_policy,role_change_f080,u02,student,srv_video,video,True,allow,False,s5 -> s2 -> s8,2,False,False,2,"перевірка політики доступу, динамічна побудова маршруту та обхід відмовлених каналів"
role_change,sdn_resilient_policy,role_change_f081,u10,blocked,srv_video,video,False,deny,False,,0,False,False,0,доступ заборонено політикою RBAC: роль blocked -> сервіс video
role_change,sdn_resilient_policy,role_change_f082,u09,admin,srv_internet,internet,True,allow,False,s9 -> s4 -> s2 -> s1,3,False,False,3,"перевірка політики доступу, динамічна побудова маршруту та обхід відмовлених каналів"
role_change,sdn_resilient_policy,role_change_f083,u02,student,srv_video,video,True,allow,False,s5 -> s2 -> s8,2,False,False,2,"перевірка політики доступу, динамічна побудова маршруту та обхід відмовлених каналів"
role_change,sdn_resilient_policy,role_change_f084,u09,admin,srv_db,database,True,allow,False,s9 -> s4 -> s2 -> s8,3,False,False,3,"перевірка політики доступу, динамічна побудова маршруту та обхід відмовлених каналів"
role_change,sdn_resilient_policy,role_change_f085,u04,teacher,srv_internet,internet,True,allow,False,s6 -> s3 -> s1,2,False,False,2,"перевірка політики доступу, динамічна побудова маршруту та обхід відмовлених каналів"
role_change,sdn_resilient_policy,role_change_f086,u05,teacher,srv_lms,lms,True,allow,False,s6 -> s3 -> s1 -> s8,3,False,False,3,"перевірка політики доступу, динамічна побудова маршруту та обхід відмовлених каналів"
role_change,sdn_resilient_policy,role_change_f087,u05,teacher,srv_internet,internet,True,allow,False,s6 -> s3 -> s1,2,False,False,2,"перевірка політики доступу, динамічна побудова маршруту та обхід відмовлених каналів"
role_change,sdn_resilient_policy,role_change_f088,u07,guest,srv_admin,admin,False,deny,False,,0,False,False,0,доступ заборонено політикою RBAC: роль guest -> сервіс admin
role_change,sdn_resilient_policy,role_change_f089,u04,teacher,srv_video,video,True,allow,False,s6 -> s3 -> s1 -> s8,3,False,False,3,"перевірка політики доступу, динамічна побудова маршруту та обхід відмовлених каналів"
role_change,sdn_resilient_policy,role_change_f090,u01,blocked,srv_file,file,False,deny,False,,0,False,False,0,доступ заборонено політикою RBAC: роль blocked -> сервіс file
high_request_load,static_acl,high_request_load_f001,u06,guest,srv_internet,internet,True,allow,False,s7 -> s4 -> s2 -> s1,3,False,False,3,статична таблиця ACL і наперед заданий маршрут
high_request_load,static_acl,high_request_load_f002,u07,guest,srv_internet,internet,True,allow,False,s7 -> s4 -> s2 -> s1,3,False,False,3,статична таблиця ACL і наперед заданий маршрут
high_request_load,static_acl,high_request_load_f003,u06,guest,srv_db,database,False,deny,False,,0,False,False,0,статична таблиця ACL і наперед заданий маршрут
high_request_load,static_acl,high_request_load_f004,u06,guest,srv_lms,lms,False,allow,True,s7 -> s4 -> s2 -> s8,3,False,False,3,статична таблиця ACL і наперед заданий маршрут
high_request_load,static_acl,high_request_load_f005,u10,blocked,srv_internet,internet,False,allow,True,s5 -> s3 -> s1,2,False,False,2,статична таблиця ACL і наперед заданий маршрут
high_request_load,static_acl,high_request_load_f006,u05,teacher,srv_lms,lms,True,allow,False,s6 -> s3 -> s1 -> s8,3,False,False,3,статична таблиця ACL і наперед заданий маршрут
high_request_load,static_acl,high_request_load_f007,u03,student,srv_db,database,False,deny,False,,0,False,False,0,статична таблиця ACL і наперед заданий маршрут
high_request_load,static_acl,high_request_load_f008,u09,admin,srv_lms,lms,True,allow,False,s9 -> s4 -> s2 -> s8,3,False,False,3,статична таблиця ACL і наперед заданий маршрут
high_request_load,static_acl,high_request_load_f009,u06,guest,srv_internet,internet,True,allow,False,s7 -> s4 -> s2 -> s1,3,False,False,3,статична таблиця ACL і наперед заданий маршрут
high_request_load,static_acl,high_request_load_f010,u03,student,srv_internet,internet,True,allow,False,s7 -> s4 -> s2 -> s1,3,False,False,3,статична таблиця ACL і наперед заданий маршрут
high_request_load,static_acl,high_request_load_f011,u11,blocked,srv_db,database,False,deny,False,,0,False,False,0,статична таблиця ACL і наперед заданий маршрут
high_request_load,static_acl,high_request_load_f012,u10,blocked,srv_file,file,False,deny,False,,0,False,False,0,статична таблиця ACL і наперед заданий маршрут
high_request_load,static_acl,high_request_load_f013,u10,blocked,srv_admin,admin,False,deny,False,,0,False,False,0,статична таблиця ACL і наперед заданий маршрут
high_request_load,static_acl,high_request_load_f014,u11,blocked,srv_file,file,False,deny,False,,0,False,False,0,статична таблиця ACL і наперед заданий маршрут
high_request_load,static_acl,high_request_load_f015,u08,admin,srv_db,database,True,allow,False,s9 -> s4 -> s2 -> s8,3,False,False,3,статична таблиця ACL і наперед заданий маршрут
high_request_load,static_acl,high_request_load_f016,u05,teacher,srv_video,video,True,allow,False,s6 -> s3 -> s1 -> s8,3,False,False,3,статична таблиця ACL і наперед заданий маршрут
high_request_load,static_acl,high_request_load_f017,u05,teacher,srv_internet,internet,True,allow,False,s6 -> s3 -> s1,2,False,False,2,статична таблиця ACL і наперед заданий маршрут
high_request_load,static_acl,high_request_load_f018,u05,teacher,srv_admin,admin,False,deny,False,,0,False,False,0,статична таблиця ACL і наперед заданий маршрут
high_request_load,static_acl,high_request_load_f019,u09,admin,srv_file,file,True,allow,False,s9 -> s4 -> s2 -> s8,3,False,False,3,статична таблиця ACL і наперед заданий маршрут
high_request_load,static_acl,high_request_load_f020,u09,admin,srv_db,database,True,allow,False,s9 -> s4 -> s2 -> s8,3,False,False,3,статична таблиця ACL і наперед заданий маршрут
high_request_load,static_acl,high_request_load_f021,u08,admin,srv_admin,admin,True,allow,False,s9,0,False,False,0,статична таблиця ACL і наперед заданий маршрут
high_request_load,static_acl,high_request_load_f022,u06,guest,srv_internet,internet,True,allow,False,s7 -> s4 -> s2 -> s1,3,False,False,3,статична таблиця ACL і наперед заданий маршрут
high_request_load,static_acl,high_request_load_f023,u08,admin,srv_internet,internet,True,allow,False,s9 -> s4 -> s2 -> s1,3,False,False,3,статична таблиця ACL і наперед заданий маршрут
high_request_load,static_acl,high_request_load_f024,u06,guest,srv_internet,internet,True,allow,False,s7 -> s4 -> s2 -> s1,3,False,False,3,статична таблиця ACL і наперед заданий маршрут
high_request_load,static_acl,high_request_load_f025,u03,student,srv_db,database,False,deny,False,,0,False,False,0,статична таблиця ACL і наперед заданий маршрут
high_request_load,static_acl,high_request_load_f026,u08,admin,srv_admin,admin,True,allow,False,s9,0,False,False,0,статична таблиця ACL і наперед заданий маршрут
high_request_load,static_acl,high_request_load_f027,u03,student,srv_lms,lms,True,allow,False,s7 -> s4 -> s2 -> s8,3,False,False,3,статична таблиця ACL і наперед заданий маршрут
high_request_load,static_acl,high_request_load_f028,u06,guest,srv_internet,internet,True,allow,False,s7 -> s4 -> s2 -> s1,3,False,False,3,статична таблиця ACL і наперед заданий маршрут
high_request_load,static_acl,high_request_load_f029,u11,blocked,srv_video,video,False,deny,False,,0,False,False,0,статична таблиця ACL і наперед заданий маршрут
high_request_load,static_acl,high_request_load_f030,u11,blocked,srv_video,video,False,deny,False,,0,False,False,0,статична таблиця ACL і наперед заданий маршрут
high_request_load,static_acl,high_request_load_f031,u11,blocked,srv_admin,admin,False,deny,False,,0,False,False,0,статична таблиця ACL і наперед заданий маршрут
high_request_load,static_acl,high_request_load_f032,u06,guest,srv_video,video,False,deny,False,,0,False,False,0,статична таблиця ACL і наперед заданий маршрут
high_request_load,static_acl,high_request_load_f033,u05,teacher,srv_file,file,True,allow,False,s6 -> s3 -> s1 -> s8,3,False,False,3,статична таблиця ACL і наперед заданий маршрут
high_request_load,static_acl,high_request_load_f034,u02,student,srv_lms,lms,True,allow,False,s5 -> s2 -> s8,2,False,False,2,статична таблиця ACL і наперед заданий маршрут
high_request_load,static_acl,high_request_load_f035,u06,guest,srv_internet,internet,True,allow,False,s7 -> s4 -> s2 -> s1,3,False,False,3,статична таблиця ACL і наперед заданий маршрут
high_request_load,static_acl,high_request_load_f036,u07,guest,srv_internet,internet,True,allow,False,s7 -> s4 -> s2 -> s1,3,False,False,3,статична таблиця ACL і наперед заданий маршрут
high_request_load,static_acl,high_request_load_f037,u03,student,srv_lms,lms,True,allow,False,s7 -> s4 -> s2 -> s8,3,False,False,3,статична таблиця ACL і наперед заданий маршрут
high_request_load,static_acl,high_request_load_f038,u08,admin,srv_lms,lms,True,allow,False,s9 -> s4 -> s2 -> s8,3,False,False,3,статична таблиця ACL і наперед заданий маршрут
high_request_load,static_acl,high_request_load_f039,u03,student,srv_admin,admin,False,deny,False,,0,False,False,0,статична таблиця ACL і наперед заданий маршрут
high_request_load,static_acl,high_request_load_f040,u02,student,srv_video,video,True,allow,False,s5 -> s2 -> s8,2,False,False,2,статична таблиця ACL і наперед заданий маршрут
high_request_load,static_acl,high_request_load_f041,u09,admin,srv_internet,internet,True,allow,False,s9 -> s4 -> s2 -> s1,3,False,False,3,статична таблиця ACL і наперед заданий маршрут
high_request_load,static_acl,high_request_load_f042,u10,blocked,srv_file,file,False,deny,False,,0,False,False,0,статична таблиця ACL і наперед заданий маршрут
high_request_load,static_acl,high_request_load_f043,u03,student,srv_video,video,True,allow,False,s7 -> s4 -> s2 -> s8,3,False,False,3,статична таблиця ACL і наперед заданий маршрут
high_request_load,static_acl,high_request_load_f044,u03,student,srv_internet,internet,True,allow,False,s7 -> s4 -> s2 -> s1,3,False,False,3,статична таблиця ACL і наперед заданий маршрут
high_request_load,static_acl,high_request_load_f045,u11,blocked,srv_file,file,False,deny,False,,0,False,False,0,статична таблиця ACL і наперед заданий маршрут
high_request_load,static_acl,high_request_load_f046,u08,admin,srv_lms,lms,True,allow,False,s9 -> s4 -> s2 -> s8,3,False,False,3,статична таблиця ACL і наперед заданий маршрут
high_request_load,static_acl,high_request_load_f047,u05,teacher,srv_file,file,True,allow,False,s6 -> s3 -> s1 -> s8,3,False,False,3,статична таблиця ACL і наперед заданий маршрут
high_request_load,static_acl,high_request_load_f048,u04,teacher,srv_file,file,True,allow,False,s6 -> s3 -> s1 -> s8,3,False,False,3,статична таблиця ACL і наперед заданий маршрут
high_request_load,static_acl,high_request_load_f049,u05,teacher,srv_file,file,True,allow,False,s6 -> s3 -> s1 -> s8,3,False,False,3,статична таблиця ACL і наперед заданий маршрут
high_request_load,static_acl,high_request_load_f050,u04,teacher,srv_lms,lms,True,allow,False,s6 -> s3 -> s1 -> s8,3,False,False,3,статична таблиця ACL і наперед заданий маршрут
high_request_load,static_acl,high_request_load_f051,u01,student,srv_lms,lms,True,allow,False,s5 -> s2 -> s8,2,False,False,2,статична таблиця ACL і наперед заданий маршрут
high_request_load,static_acl,high_request_load_f052,u02,student,srv_video,video,True,allow,False,s5 -> s2 -> s8,2,False,False,2,статична таблиця ACL і наперед заданий маршрут
high_request_load,static_acl,high_request_load_f053,u05,teacher,srv_admin,admin,False,deny,False,,0,False,False,0,статична таблиця ACL і наперед заданий маршрут
high_request_load,static_acl,high_request_load_f054,u09,admin,srv_lms,lms,True,allow,False,s9 -> s4 -> s2 -> s8,3,False,False,3,статична таблиця ACL і наперед заданий маршрут
high_request_load,static_acl,high_request_load_f055,u02,student,srv_internet,internet,True,allow,False,s5 -> s3 -> s1,2,False,False,2,статична таблиця ACL і наперед заданий маршрут
high_request_load,static_acl,high_request_load_f056,u06,guest,srv_internet,internet,True,allow,False,s7 -> s4 -> s2 -> s1,3,False,False,3,статична таблиця ACL і наперед заданий маршрут
high_request_load,static_acl,high_request_load_f057,u09,admin,srv_video,video,True,allow,False,s9 -> s4 -> s2 -> s8,3,False,False,3,статична таблиця ACL і наперед заданий маршрут
high_request_load,static_acl,high_request_load_f058,u02,student,srv_internet,internet,True,allow,False,s5 -> s3 -> s1,2,False,False,2,статична таблиця ACL і наперед заданий маршрут
high_request_load,static_acl,high_request_load_f059,u02,student,srv_video,video,True,allow,False,s5 -> s2 -> s8,2,False,False,2,статична таблиця ACL і наперед заданий маршрут
high_request_load,static_acl,high_request_load_f060,u03,student,srv_admin,admin,False,deny,False,,0,False,False,0,статична таблиця ACL і наперед заданий маршрут
high_request_load,static_acl,high_request_load_f061,u08,admin,srv_db,database,True,allow,False,s9 -> s4 -> s2 -> s8,3,False,False,3,статична таблиця ACL і наперед заданий маршрут
high_request_load,static_acl,high_request_load_f062,u08,admin,srv_file,file,True,allow,False,s9 -> s4 -> s2 -> s8,3,False,False,3,статична таблиця ACL і наперед заданий маршрут
high_request_load,static_acl,high_request_load_f063,u02,student,srv_file,file,False,allow,True,s5 -> s2 -> s8,2,False,False,2,статична таблиця ACL і наперед заданий маршрут
high_request_load,static_acl,high_request_load_f064,u09,admin,srv_db,database,True,allow,False,s9 -> s4 -> s2 -> s8,3,False,False,3,статична таблиця ACL і наперед заданий маршрут
high_request_load,static_acl,high_request_load_f065,u07,guest,srv_file,file,False,deny,False,,0,False,False,0,статична таблиця ACL і наперед заданий маршрут
high_request_load,static_acl,high_request_load_f066,u02,student,srv_admin,admin,False,deny,False,,0,False,False,0,статична таблиця ACL і наперед заданий маршрут
high_request_load,static_acl,high_request_load_f067,u10,blocked,srv_internet,internet,False,allow,True,s5 -> s3 -> s1,2,False,False,2,статична таблиця ACL і наперед заданий маршрут
high_request_load,static_acl,high_request_load_f068,u08,admin,srv_admin,admin,True,allow,False,s9,0,False,False,0,статична таблиця ACL і наперед заданий маршрут
high_request_load,static_acl,high_request_load_f069,u11,blocked,srv_lms,lms,False,deny,False,,0,False,False,0,статична таблиця ACL і наперед заданий маршрут
high_request_load,static_acl,high_request_load_f070,u05,teacher,srv_video,video,True,allow,False,s6 -> s3 -> s1 -> s8,3,False,False,3,статична таблиця ACL і наперед заданий маршрут
high_request_load,static_acl,high_request_load_f071,u07,guest,srv_lms,lms,False,allow,True,s7 -> s4 -> s2 -> s8,3,False,False,3,статична таблиця ACL і наперед заданий маршрут
high_request_load,static_acl,high_request_load_f072,u06,guest,srv_db,database,False,deny,False,,0,False,False,0,статична таблиця ACL і наперед заданий маршрут
high_request_load,static_acl,high_request_load_f073,u09,admin,srv_admin,admin,True,allow,False,s9,0,False,False,0,статична таблиця ACL і наперед заданий маршрут
high_request_load,static_acl,high_request_load_f074,u08,admin,srv_internet,internet,True,allow,False,s9 -> s4 -> s2 -> s1,3,False,False,3,статична таблиця ACL і наперед заданий маршрут
high_request_load,static_acl,high_request_load_f075,u06,guest,srv_internet,internet,True,allow,False,s7 -> s4 -> s2 -> s1,3,False,False,3,статична таблиця ACL і наперед заданий маршрут
high_request_load,static_acl,high_request_load_f076,u02,student,srv_video,video,True,allow,False,s5 -> s2 -> s8,2,False,False,2,статична таблиця ACL і наперед заданий маршрут
high_request_load,static_acl,high_request_load_f077,u02,student,srv_video,video,True,allow,False,s5 -> s2 -> s8,2,False,False,2,статична таблиця ACL і наперед заданий маршрут
high_request_load,static_acl,high_request_load_f078,u03,student,srv_db,database,False,deny,False,,0,False,False,0,статична таблиця ACL і наперед заданий маршрут
high_request_load,static_acl,high_request_load_f079,u11,blocked,srv_db,database,False,deny,False,,0,False,False,0,статична таблиця ACL і наперед заданий маршрут
high_request_load,static_acl,high_request_load_f080,u08,admin,srv_db,database,True,allow,False,s9 -> s4 -> s2 -> s8,3,False,False,3,статична таблиця ACL і наперед заданий маршрут
high_request_load,static_acl,high_request_load_f081,u03,student,srv_admin,admin,False,deny,False,,0,False,False,0,статична таблиця ACL і наперед заданий маршрут
high_request_load,static_acl,high_request_load_f082,u04,teacher,srv_admin,admin,False,deny,False,,0,False,False,0,статична таблиця ACL і наперед заданий маршрут
high_request_load,static_acl,high_request_load_f083,u06,guest,srv_internet,internet,True,allow,False,s7 -> s4 -> s2 -> s1,3,False,False,3,статична таблиця ACL і наперед заданий маршрут
high_request_load,static_acl,high_request_load_f084,u09,admin,srv_file,file,True,allow,False,s9 -> s4 -> s2 -> s8,3,False,False,3,статична таблиця ACL і наперед заданий маршрут
high_request_load,static_acl,high_request_load_f085,u11,blocked,srv_video,video,False,deny,False,,0,False,False,0,статична таблиця ACL і наперед заданий маршрут
high_request_load,static_acl,high_request_load_f086,u01,student,srv_lms,lms,True,allow,False,s5 -> s2 -> s8,2,False,False,2,статична таблиця ACL і наперед заданий маршрут
high_request_load,static_acl,high_request_load_f087,u06,guest,srv_internet,internet,True,allow,False,s7 -> s4 -> s2 -> s1,3,False,False,3,статична таблиця ACL і наперед заданий маршрут
high_request_load,static_acl,high_request_load_f088,u07,guest,srv_internet,internet,True,allow,False,s7 -> s4 -> s2 -> s1,3,False,False,3,статична таблиця ACL і наперед заданий маршрут
high_request_load,static_acl,high_request_load_f089,u08,admin,srv_video,video,True,allow,False,s9 -> s4 -> s2 -> s8,3,False,False,3,статична таблиця ACL і наперед заданий маршрут
high_request_load,static_acl,high_request_load_f090,u09,admin,srv_video,video,True,allow,False,s9 -> s4 -> s2 -> s8,3,False,False,3,статична таблиця ACL і наперед заданий маршрут
high_request_load,static_acl,high_request_load_f091,u07,guest,srv_db,database,False,deny,False,,0,False,False,0,статична таблиця ACL і наперед заданий маршрут
high_request_load,static_acl,high_request_load_f092,u03,student,srv_lms,lms,True,allow,False,s7 -> s4 -> s2 -> s8,3,False,False,3,статична таблиця ACL і наперед заданий маршрут
high_request_load,static_acl,high_request_load_f093,u06,guest,srv_internet,internet,True,allow,False,s7 -> s4 -> s2 -> s1,3,False,False,3,статична таблиця ACL і наперед заданий маршрут
high_request_load,static_acl,high_request_load_f094,u07,guest,srv_admin,admin,False,deny,False,,0,False,False,0,статична таблиця ACL і наперед заданий маршрут
high_request_load,static_acl,high_request_load_f095,u01,student,srv_lms,lms,True,allow,False,s5 -> s2 -> s8,2,False,False,2,статична таблиця ACL і наперед заданий маршрут
high_request_load,static_acl,high_request_load_f096,u07,guest,srv_internet,internet,True,allow,False,s7 -> s4 -> s2 -> s1,3,False,False,3,статична таблиця ACL і наперед заданий маршрут
high_request_load,static_acl,high_request_load_f097,u11,blocked,srv_admin,admin,False,deny,False,,0,False,False,0,статична таблиця ACL і наперед заданий маршрут
high_request_load,static_acl,high_request_load_f098,u11,blocked,srv_internet,internet,False,allow,True,s7 -> s4 -> s2 -> s1,3,False,False,3,статична таблиця ACL і наперед заданий маршрут
high_request_load,static_acl,high_request_load_f099,u10,blocked,srv_file,file,False,deny,False,,0,False,False,0,статична таблиця ACL і наперед заданий маршрут
high_request_load,static_acl,high_request_load_f100,u02,student,srv_video,video,True,allow,False,s5 -> s2 -> s8,2,False,False,2,статична таблиця ACL і наперед заданий маршрут
high_request_load,static_acl,high_request_load_f101,u07,guest,srv_internet,internet,True,allow,False,s7 -> s4 -> s2 -> s1,3,False,False,3,статична таблиця ACL і наперед заданий маршрут
high_request_load,static_acl,high_request_load_f102,u11,blocked,srv_video,video,False,deny,False,,0,False,False,0,статична таблиця ACL і наперед заданий маршрут
high_request_load,static_acl,high_request_load_f103,u02,student,srv_video,video,True,allow,False,s5 -> s2 -> s8,2,False,False,2,статична таблиця ACL і наперед заданий маршрут
high_request_load,static_acl,high_request_load_f104,u06,guest,srv_internet,internet,True,allow,False,s7 -> s4 -> s2 -> s1,3,False,False,3,статична таблиця ACL і наперед заданий маршрут
high_request_load,static_acl,high_request_load_f105,u01,student,srv_lms,lms,True,allow,False,s5 -> s2 -> s8,2,False,False,2,статична таблиця ACL і наперед заданий маршрут
high_request_load,static_acl,high_request_load_f106,u09,admin,srv_internet,internet,True,allow,False,s9 -> s4 -> s2 -> s1,3,False,False,3,статична таблиця ACL і наперед заданий маршрут
high_request_load,static_acl,high_request_load_f107,u05,teacher,srv_lms,lms,True,allow,False,s6 -> s3 -> s1 -> s8,3,False,False,3,статична таблиця ACL і наперед заданий маршрут
high_request_load,static_acl,high_request_load_f108,u05,teacher,srv_file,file,True,allow,False,s6 -> s3 -> s1 -> s8,3,False,False,3,статична таблиця ACL і наперед заданий маршрут
high_request_load,static_acl,high_request_load_f109,u03,student,srv_lms,lms,True,allow,False,s7 -> s4 -> s2 -> s8,3,False,False,3,статична таблиця ACL і наперед заданий маршрут
high_request_load,static_acl,high_request_load_f110,u08,admin,srv_internet,internet,True,allow,False,s9 -> s4 -> s2 -> s1,3,False,False,3,статична таблиця ACL і наперед заданий маршрут
high_request_load,static_acl,high_request_load_f111,u06,guest,srv_internet,internet,True,allow,False,s7 -> s4 -> s2 -> s1,3,False,False,3,статична таблиця ACL і наперед заданий маршрут
high_request_load,static_acl,high_request_load_f112,u05,teacher,srv_lms,lms,True,allow,False,s6 -> s3 -> s1 -> s8,3,False,False,3,статична таблиця ACL і наперед заданий маршрут
high_request_load,static_acl,high_request_load_f113,u11,blocked,srv_video,video,False,deny,False,,0,False,False,0,статична таблиця ACL і наперед заданий маршрут
high_request_load,static_acl,high_request_load_f114,u02,student,srv_internet,internet,True,allow,False,s5 -> s3 -> s1,2,False,False,2,статична таблиця ACL і наперед заданий маршрут
high_request_load,static_acl,high_request_load_f115,u08,admin,srv_internet,internet,True,allow,False,s9 -> s4 -> s2 -> s1,3,False,False,3,статична таблиця ACL і наперед заданий маршрут
high_request_load,static_acl,high_request_load_f116,u10,blocked,srv_admin,admin,False,deny,False,,0,False,False,0,статична таблиця ACL і наперед заданий маршрут
high_request_load,static_acl,high_request_load_f117,u02,student,srv_admin,admin,False,deny,False,,0,False,False,0,статична таблиця ACL і наперед заданий маршрут
high_request_load,static_acl,high_request_load_f118,u08,admin,srv_admin,admin,True,allow,False,s9,0,False,False,0,статична таблиця ACL і наперед заданий маршрут
high_request_load,static_acl,high_request_load_f119,u07,guest,srv_internet,internet,True,allow,False,s7 -> s4 -> s2 -> s1,3,False,False,3,статична таблиця ACL і наперед заданий маршрут
high_request_load,static_acl,high_request_load_f120,u06,guest,srv_internet,internet,True,allow,False,s7 -> s4 -> s2 -> s1,3,False,False,3,статична таблиця ACL і наперед заданий маршрут
high_request_load,static_acl,high_request_load_f121,u09,admin,srv_video,video,True,allow,False,s9 -> s4 -> s2 -> s8,3,False,False,3,статична таблиця ACL і наперед заданий маршрут
high_request_load,static_acl,high_request_load_f122,u09,admin,srv_db,database,True,allow,False,s9 -> s4 -> s2 -> s8,3,False,False,3,статична таблиця ACL і наперед заданий маршрут
high_request_load,static_acl,high_request_load_f123,u03,student,srv_internet,internet,True,allow,False,s7 -> s4 -> s2 -> s1,3,False,False,3,статична таблиця ACL і наперед заданий маршрут
high_request_load,static_acl,high_request_load_f124,u09,admin,srv_lms,lms,True,allow,False,s9 -> s4 -> s2 -> s8,3,False,False,3,статична таблиця ACL і наперед заданий маршрут
high_request_load,static_acl,high_request_load_f125,u03,student,srv_video,video,True,allow,False,s7 -> s4 -> s2 -> s8,3,False,False,3,статична таблиця ACL і наперед заданий маршрут
high_request_load,static_acl,high_request_load_f126,u09,admin,srv_video,video,True,allow,False,s9 -> s4 -> s2 -> s8,3,False,False,3,статична таблиця ACL і наперед заданий маршрут
high_request_load,static_acl,high_request_load_f127,u05,teacher,srv_db,database,False,deny,False,,0,False,False,0,статична таблиця ACL і наперед заданий маршрут
high_request_load,static_acl,high_request_load_f128,u05,teacher,srv_internet,internet,True,allow,False,s6 -> s3 -> s1,2,False,False,2,статична таблиця ACL і наперед заданий маршрут
high_request_load,static_acl,high_request_load_f129,u03,student,srv_video,video,True,allow,False,s7 -> s4 -> s2 -> s8,3,False,False,3,статична таблиця ACL і наперед заданий маршрут
high_request_load,static_acl,high_request_load_f130,u11,blocked,srv_admin,admin,False,deny,False,,0,False,False,0,статична таблиця ACL і наперед заданий маршрут
high_request_load,static_acl,high_request_load_f131,u10,blocked,srv_internet,internet,False,allow,True,s5 -> s3 -> s1,2,False,False,2,статична таблиця ACL і наперед заданий маршрут
high_request_load,static_acl,high_request_load_f132,u11,blocked,srv_video,video,False,deny,False,,0,False,False,0,статична таблиця ACL і наперед заданий маршрут
high_request_load,static_acl,high_request_load_f133,u10,blocked,srv_db,database,False,deny,False,,0,False,False,0,статична таблиця ACL і наперед заданий маршрут
high_request_load,static_acl,high_request_load_f134,u11,blocked,srv_db,database,False,deny,False,,0,False,False,0,статична таблиця ACL і наперед заданий маршрут
high_request_load,static_acl,high_request_load_f135,u08,admin,srv_lms,lms,True,allow,False,s9 -> s4 -> s2 -> s8,3,False,False,3,статична таблиця ACL і наперед заданий маршрут
high_request_load,static_acl,high_request_load_f136,u11,blocked,srv_file,file,False,deny,False,,0,False,False,0,статична таблиця ACL і наперед заданий маршрут
high_request_load,static_acl,high_request_load_f137,u01,student,srv_admin,admin,False,deny,False,,0,False,False,0,статична таблиця ACL і наперед заданий маршрут
high_request_load,static_acl,high_request_load_f138,u04,teacher,srv_lms,lms,True,allow,False,s6 -> s3 -> s1 -> s8,3,False,False,3,статична таблиця ACL і наперед заданий маршрут
high_request_load,static_acl,high_request_load_f139,u06,guest,srv_internet,internet,True,allow,False,s7 -> s4 -> s2 -> s1,3,False,False,3,статична таблиця ACL і наперед заданий маршрут
high_request_load,static_acl,high_request_load_f140,u03,student,srv_video,video,True,allow,False,s7 -> s4 -> s2 -> s8,3,False,False,3,статична таблиця ACL і наперед заданий маршрут
high_request_load,static_acl,high_request_load_f141,u06,guest,srv_internet,internet,True,allow,False,s7 -> s4 -> s2 -> s1,3,False,False,3,статична таблиця ACL і наперед заданий маршрут
high_request_load,static_acl,high_request_load_f142,u04,teacher,srv_admin,admin,False,deny,False,,0,False,False,0,статична таблиця ACL і наперед заданий маршрут
high_request_load,static_acl,high_request_load_f143,u07,guest,srv_internet,internet,True,allow,False,s7 -> s4 -> s2 -> s1,3,False,False,3,статична таблиця ACL і наперед заданий маршрут
high_request_load,static_acl,high_request_load_f144,u03,student,srv_video,video,True,allow,False,s7 -> s4 -> s2 -> s8,3,False,False,3,статична таблиця ACL і наперед заданий маршрут
high_request_load,static_acl,high_request_load_f145,u04,teacher,srv_file,file,True,allow,False,s6 -> s3 -> s1 -> s8,3,False,False,3,статична таблиця ACL і наперед заданий маршрут
high_request_load,static_acl,high_request_load_f146,u08,admin,srv_file,file,True,allow,False,s9 -> s4 -> s2 -> s8,3,False,False,3,статична таблиця ACL і наперед заданий маршрут
high_request_load,static_acl,high_request_load_f147,u08,admin,srv_internet,internet,True,allow,False,s9 -> s4 -> s2 -> s1,3,False,False,3,статична таблиця ACL і наперед заданий маршрут
high_request_load,static_acl,high_request_load_f148,u07,guest,srv_internet,internet,True,allow,False,s7 -> s4 -> s2 -> s1,3,False,False,3,статична таблиця ACL і наперед заданий маршрут
high_request_load,static_acl,high_request_load_f149,u06,guest,srv_file,file,False,deny,False,,0,False,False,0,статична таблиця ACL і наперед заданий маршрут
high_request_load,static_acl,high_request_load_f150,u11,blocked,srv_video,video,False,deny,False,,0,False,False,0,статична таблиця ACL і наперед заданий маршрут
high_request_load,sdn_shortest_path,high_request_load_f001,u06,guest,srv_internet,internet,True,allow,False,s7 -> s4 -> s2 -> s1,3,True,False,3,"SDN-контролер будує найкоротший маршрут, але не застосовує політики ролей"
high_request_load,sdn_shortest_path,high_request_load_f002,u07,guest,srv_internet,internet,True,allow,False,s7 -> s4 -> s2 -> s1,3,True,False,3,"SDN-контролер будує найкоротший маршрут, але не застосовує політики ролей"
high_request_load,sdn_shortest_path,high_request_load_f003,u06,guest,srv_db,database,False,allow,True,s7 -> s4 -> s2 -> s8,3,True,False,3,"SDN-контролер будує найкоротший маршрут, але не застосовує політики ролей"
high_request_load,sdn_shortest_path,high_request_load_f004,u06,guest,srv_lms,lms,False,allow,True,s7 -> s4 -> s2 -> s8,3,True,False,3,"SDN-контролер будує найкоротший маршрут, але не застосовує політики ролей"
high_request_load,sdn_shortest_path,high_request_load_f005,u10,blocked,srv_internet,internet,False,allow,True,s5 -> s3 -> s1,2,True,False,2,"SDN-контролер будує найкоротший маршрут, але не застосовує політики ролей"
high_request_load,sdn_shortest_path,high_request_load_f006,u05,teacher,srv_lms,lms,True,allow,False,s6 -> s3 -> s1 -> s8,3,True,False,3,"SDN-контролер будує найкоротший маршрут, але не застосовує політики ролей"
high_request_load,sdn_shortest_path,high_request_load_f007,u03,student,srv_db,database,False,allow,True,s7 -> s4 -> s2 -> s8,3,True,False,3,"SDN-контролер будує найкоротший маршрут, але не застосовує політики ролей"
high_request_load,sdn_shortest_path,high_request_load_f008,u09,admin,srv_lms,lms,True,allow,False,s9 -> s4 -> s2 -> s8,3,True,False,3,"SDN-контролер будує найкоротший маршрут, але не застосовує політики ролей"
high_request_load,sdn_shortest_path,high_request_load_f009,u06,guest,srv_internet,internet,True,allow,False,s7 -> s4 -> s2 -> s1,3,True,False,3,"SDN-контролер будує найкоротший маршрут, але не застосовує політики ролей"
high_request_load,sdn_shortest_path,high_request_load_f010,u03,student,srv_internet,internet,True,allow,False,s7 -> s4 -> s2 -> s1,3,True,False,3,"SDN-контролер будує найкоротший маршрут, але не застосовує політики ролей"
high_request_load,sdn_shortest_path,high_request_load_f011,u11,blocked,srv_db,database,False,allow,True,s7 -> s4 -> s2 -> s8,3,True,False,3,"SDN-контролер будує найкоротший маршрут, але не застосовує політики ролей"
high_request_load,sdn_shortest_path,high_request_load_f012,u10,blocked,srv_file,file,False,allow,True,s5 -> s2 -> s8,2,True,False,2,"SDN-контролер будує найкоротший маршрут, але не застосовує політики ролей"
high_request_load,sdn_shortest_path,high_request_load_f013,u10,blocked,srv_admin,admin,False,allow,True,s5 -> s3 -> s4 -> s9,3,True,False,3,"SDN-контролер будує найкоротший маршрут, але не застосовує політики ролей"
high_request_load,sdn_shortest_path,high_request_load_f014,u11,blocked,srv_file,file,False,allow,True,s7 -> s4 -> s2 -> s8,3,True,False,3,"SDN-контролер будує найкоротший маршрут, але не застосовує політики ролей"
high_request_load,sdn_shortest_path,high_request_load_f015,u08,admin,srv_db,database,True,allow,False,s9 -> s4 -> s2 -> s8,3,True,False,3,"SDN-контролер будує найкоротший маршрут, але не застосовує політики ролей"
high_request_load,sdn_shortest_path,high_request_load_f016,u05,teacher,srv_video,video,True,allow,False,s6 -> s3 -> s1 -> s8,3,True,False,3,"SDN-контролер будує найкоротший маршрут, але не застосовує політики ролей"
high_request_load,sdn_shortest_path,high_request_load_f017,u05,teacher,srv_internet,internet,True,allow,False,s6 -> s3 -> s1,2,True,False,2,"SDN-контролер будує найкоротший маршрут, але не застосовує політики ролей"
high_request_load,sdn_shortest_path,high_request_load_f018,u05,teacher,srv_admin,admin,False,allow,True,s6 -> s9,1,True,False,1,"SDN-контролер будує найкоротший маршрут, але не застосовує політики ролей"
high_request_load,sdn_shortest_path,high_request_load_f019,u09,admin,srv_file,file,True,allow,False,s9 -> s4 -> s2 -> s8,3,True,False,3,"SDN-контролер будує найкоротший маршрут, але не застосовує політики ролей"
high_request_load,sdn_shortest_path,high_request_load_f020,u09,admin,srv_db,database,True,allow,False,s9 -> s4 -> s2 -> s8,3,True,False,3,"SDN-контролер будує найкоротший маршрут, але не застосовує політики ролей"
high_request_load,sdn_shortest_path,high_request_load_f021,u08,admin,srv_admin,admin,True,allow,False,s9,0,True,False,0,"SDN-контролер будує найкоротший маршрут, але не застосовує політики ролей"
high_request_load,sdn_shortest_path,high_request_load_f022,u06,guest,srv_internet,internet,True,allow,False,s7 -> s4 -> s2 -> s1,3,True,False,3,"SDN-контролер будує найкоротший маршрут, але не застосовує політики ролей"
high_request_load,sdn_shortest_path,high_request_load_f023,u08,admin,srv_internet,internet,True,allow,False,s9 -> s4 -> s2 -> s1,3,True,False,3,"SDN-контролер будує найкоротший маршрут, але не застосовує політики ролей"
high_request_load,sdn_shortest_path,high_request_load_f024,u06,guest,srv_internet,internet,True,allow,False,s7 -> s4 -> s2 -> s1,3,True,False,3,"SDN-контролер будує найкоротший маршрут, але не застосовує політики ролей"
high_request_load,sdn_shortest_path,high_request_load_f025,u03,student,srv_db,database,False,allow,True,s7 -> s4 -> s2 -> s8,3,True,False,3,"SDN-контролер будує найкоротший маршрут, але не застосовує політики ролей"
high_request_load,sdn_shortest_path,high_request_load_f026,u08,admin,srv_admin,admin,True,allow,False,s9,0,True,False,0,"SDN-контролер будує найкоротший маршрут, але не застосовує політики ролей"
high_request_load,sdn_shortest_path,high_request_load_f027,u03,student,srv_lms,lms,True,allow,False,s7 -> s4 -> s2 -> s8,3,True,False,3,"SDN-контролер будує найкоротший маршрут, але не застосовує політики ролей"
high_request_load,sdn_shortest_path,high_request_load_f028,u06,guest,srv_internet,internet,True,allow,False,s7 -> s4 -> s2 -> s1,3,True,False,3,"SDN-контролер будує найкоротший маршрут, але не застосовує політики ролей"
high_request_load,sdn_shortest_path,high_request_load_f029,u11,blocked,srv_video,video,False,allow,True,s7 -> s4 -> s2 -> s8,3,True,False,3,"SDN-контролер будує найкоротший маршрут, але не застосовує політики ролей"
high_request_load,sdn_shortest_path,high_request_load_f030,u11,blocked,srv_video,video,False,allow,True,s7 -> s4 -> s2 -> s8,3,True,False,3,"SDN-контролер будує найкоротший маршрут, але не застосовує політики ролей"
high_request_load,sdn_shortest_path,high_request_load_f031,u11,blocked,srv_admin,admin,False,allow,True,s7 -> s4 -> s9,2,True,False,2,"SDN-контролер будує найкоротший маршрут, але не застосовує політики ролей"
high_request_load,sdn_shortest_path,high_request_load_f032,u06,guest,srv_video,video,False,allow,True,s7 -> s4 -> s2 -> s8,3,True,False,3,"SDN-контролер будує найкоротший маршрут, але не застосовує політики ролей"
high_request_load,sdn_shortest_path,high_request_load_f033,u05,teacher,srv_file,file,True,allow,False,s6 -> s3 -> s1 -> s8,3,True,False,3,"SDN-контролер будує найкоротший маршрут, але не застосовує політики ролей"
high_request_load,sdn_shortest_path,high_request_load_f034,u02,student,srv_lms,lms,True,allow,False,s5 -> s2 -> s8,2,True,False,2,"SDN-контролер будує найкоротший маршрут, але не застосовує політики ролей"
high_request_load,sdn_shortest_path,high_request_load_f035,u06,guest,srv_internet,internet,True,allow,False,s7 -> s4 -> s2 -> s1,3,True,False,3,"SDN-контролер будує найкоротший маршрут, але не застосовує політики ролей"
high_request_load,sdn_shortest_path,high_request_load_f036,u07,guest,srv_internet,internet,True,allow,False,s7 -> s4 -> s2 -> s1,3,True,False,3,"SDN-контролер будує найкоротший маршрут, але не застосовує політики ролей"
high_request_load,sdn_shortest_path,high_request_load_f037,u03,student,srv_lms,lms,True,allow,False,s7 -> s4 -> s2 -> s8,3,True,False,3,"SDN-контролер будує найкоротший маршрут, але не застосовує політики ролей"
high_request_load,sdn_shortest_path,high_request_load_f038,u08,admin,srv_lms,lms,True,allow,False,s9 -> s4 -> s2 -> s8,3,True,False,3,"SDN-контролер будує найкоротший маршрут, але не застосовує політики ролей"
high_request_load,sdn_shortest_path,high_request_load_f039,u03,student,srv_admin,admin,False,allow,True,s7 -> s4 -> s9,2,True,False,2,"SDN-контролер будує найкоротший маршрут, але не застосовує політики ролей"
high_request_load,sdn_shortest_path,high_request_load_f040,u02,student,srv_video,video,True,allow,False,s5 -> s2 -> s8,2,True,False,2,"SDN-контролер будує найкоротший маршрут, але не застосовує політики ролей"
high_request_load,sdn_shortest_path,high_request_load_f041,u09,admin,srv_internet,internet,True,allow,False,s9 -> s4 -> s2 -> s1,3,True,False,3,"SDN-контролер будує найкоротший маршрут, але не застосовує політики ролей"
high_request_load,sdn_shortest_path,high_request_load_f042,u10,blocked,srv_file,file,False,allow,True,s5 -> s2 -> s8,2,True,False,2,"SDN-контролер будує найкоротший маршрут, але не застосовує політики ролей"
high_request_load,sdn_shortest_path,high_request_load_f043,u03,student,srv_video,video,True,allow,False,s7 -> s4 -> s2 -> s8,3,True,False,3,"SDN-контролер будує найкоротший маршрут, але не застосовує політики ролей"
high_request_load,sdn_shortest_path,high_request_load_f044,u03,student,srv_internet,internet,True,allow,False,s7 -> s4 -> s2 -> s1,3,True,False,3,"SDN-контролер будує найкоротший маршрут, але не застосовує політики ролей"
high_request_load,sdn_shortest_path,high_request_load_f045,u11,blocked,srv_file,file,False,allow,True,s7 -> s4 -> s2 -> s8,3,True,False,3,"SDN-контролер будує найкоротший маршрут, але не застосовує політики ролей"
high_request_load,sdn_shortest_path,high_request_load_f046,u08,admin,srv_lms,lms,True,allow,False,s9 -> s4 -> s2 -> s8,3,True,False,3,"SDN-контролер будує найкоротший маршрут, але не застосовує політики ролей"
high_request_load,sdn_shortest_path,high_request_load_f047,u05,teacher,srv_file,file,True,allow,False,s6 -> s3 -> s1 -> s8,3,True,False,3,"SDN-контролер будує найкоротший маршрут, але не застосовує політики ролей"
high_request_load,sdn_shortest_path,high_request_load_f048,u04,teacher,srv_file,file,True,allow,False,s6 -> s3 -> s1 -> s8,3,True,False,3,"SDN-контролер будує найкоротший маршрут, але не застосовує політики ролей"
high_request_load,sdn_shortest_path,high_request_load_f049,u05,teacher,srv_file,file,True,allow,False,s6 -> s3 -> s1 -> s8,3,True,False,3,"SDN-контролер будує найкоротший маршрут, але не застосовує політики ролей"
high_request_load,sdn_shortest_path,high_request_load_f050,u04,teacher,srv_lms,lms,True,allow,False,s6 -> s3 -> s1 -> s8,3,True,False,3,"SDN-контролер будує найкоротший маршрут, але не застосовує політики ролей"
high_request_load,sdn_shortest_path,high_request_load_f051,u01,student,srv_lms,lms,True,allow,False,s5 -> s2 -> s8,2,True,False,2,"SDN-контролер будує найкоротший маршрут, але не застосовує політики ролей"
high_request_load,sdn_shortest_path,high_request_load_f052,u02,student,srv_video,video,True,allow,False,s5 -> s2 -> s8,2,True,False,2,"SDN-контролер будує найкоротший маршрут, але не застосовує політики ролей"
high_request_load,sdn_shortest_path,high_request_load_f053,u05,teacher,srv_admin,admin,False,allow,True,s6 -> s9,1,True,False,1,"SDN-контролер будує найкоротший маршрут, але не застосовує політики ролей"
high_request_load,sdn_shortest_path,high_request_load_f054,u09,admin,srv_lms,lms,True,allow,False,s9 -> s4 -> s2 -> s8,3,True,False,3,"SDN-контролер будує найкоротший маршрут, але не застосовує політики ролей"
high_request_load,sdn_shortest_path,high_request_load_f055,u02,student,srv_internet,internet,True,allow,False,s5 -> s3 -> s1,2,True,False,2,"SDN-контролер будує найкоротший маршрут, але не застосовує політики ролей"
high_request_load,sdn_shortest_path,high_request_load_f056,u06,guest,srv_internet,internet,True,allow,False,s7 -> s4 -> s2 -> s1,3,True,False,3,"SDN-контролер будує найкоротший маршрут, але не застосовує політики ролей"
high_request_load,sdn_shortest_path,high_request_load_f057,u09,admin,srv_video,video,True,allow,False,s9 -> s4 -> s2 -> s8,3,True,False,3,"SDN-контролер будує найкоротший маршрут, але не застосовує політики ролей"
high_request_load,sdn_shortest_path,high_request_load_f058,u02,student,srv_internet,internet,True,allow,False,s5 -> s3 -> s1,2,True,False,2,"SDN-контролер будує найкоротший маршрут, але не застосовує політики ролей"
high_request_load,sdn_shortest_path,high_request_load_f059,u02,student,srv_video,video,True,allow,False,s5 -> s2 -> s8,2,True,False,2,"SDN-контролер будує найкоротший маршрут, але не застосовує політики ролей"
high_request_load,sdn_shortest_path,high_request_load_f060,u03,student,srv_admin,admin,False,allow,True,s7 -> s4 -> s9,2,True,False,2,"SDN-контролер будує найкоротший маршрут, але не застосовує політики ролей"
high_request_load,sdn_shortest_path,high_request_load_f061,u08,admin,srv_db,database,True,allow,False,s9 -> s4 -> s2 -> s8,3,True,False,3,"SDN-контролер будує найкоротший маршрут, але не застосовує політики ролей"
high_request_load,sdn_shortest_path,high_request_load_f062,u08,admin,srv_file,file,True,allow,False,s9 -> s4 -> s2 -> s8,3,True,False,3,"SDN-контролер будує найкоротший маршрут, але не застосовує політики ролей"
high_request_load,sdn_shortest_path,high_request_load_f063,u02,student,srv_file,file,False,allow,True,s5 -> s2 -> s8,2,True,False,2,"SDN-контролер будує найкоротший маршрут, але не застосовує політики ролей"
high_request_load,sdn_shortest_path,high_request_load_f064,u09,admin,srv_db,database,True,allow,False,s9 -> s4 -> s2 -> s8,3,True,False,3,"SDN-контролер будує найкоротший маршрут, але не застосовує політики ролей"
high_request_load,sdn_shortest_path,high_request_load_f065,u07,guest,srv_file,file,False,allow,True,s7 -> s4 -> s2 -> s8,3,True,False,3,"SDN-контролер будує найкоротший маршрут, але не застосовує політики ролей"
high_request_load,sdn_shortest_path,high_request_load_f066,u02,student,srv_admin,admin,False,allow,True,s5 -> s3 -> s4 -> s9,3,True,False,3,"SDN-контролер будує найкоротший маршрут, але не застосовує політики ролей"
high_request_load,sdn_shortest_path,high_request_load_f067,u10,blocked,srv_internet,internet,False,allow,True,s5 -> s3 -> s1,2,True,False,2,"SDN-контролер будує найкоротший маршрут, але не застосовує політики ролей"
high_request_load,sdn_shortest_path,high_request_load_f068,u08,admin,srv_admin,admin,True,allow,False,s9,0,True,False,0,"SDN-контролер будує найкоротший маршрут, але не застосовує політики ролей"
high_request_load,sdn_shortest_path,high_request_load_f069,u11,blocked,srv_lms,lms,False,allow,True,s7 -> s4 -> s2 -> s8,3,True,False,3,"SDN-контролер будує найкоротший маршрут, але не застосовує політики ролей"
high_request_load,sdn_shortest_path,high_request_load_f070,u05,teacher,srv_video,video,True,allow,False,s6 -> s3 -> s1 -> s8,3,True,False,3,"SDN-контролер будує найкоротший маршрут, але не застосовує політики ролей"
high_request_load,sdn_shortest_path,high_request_load_f071,u07,guest,srv_lms,lms,False,allow,True,s7 -> s4 -> s2 -> s8,3,True,False,3,"SDN-контролер будує найкоротший маршрут, але не застосовує політики ролей"
high_request_load,sdn_shortest_path,high_request_load_f072,u06,guest,srv_db,database,False,allow,True,s7 -> s4 -> s2 -> s8,3,True,False,3,"SDN-контролер будує найкоротший маршрут, але не застосовує політики ролей"
high_request_load,sdn_shortest_path,high_request_load_f073,u09,admin,srv_admin,admin,True,allow,False,s9,0,True,False,0,"SDN-контролер будує найкоротший маршрут, але не застосовує політики ролей"
high_request_load,sdn_shortest_path,high_request_load_f074,u08,admin,srv_internet,internet,True,allow,False,s9 -> s4 -> s2 -> s1,3,True,False,3,"SDN-контролер будує найкоротший маршрут, але не застосовує політики ролей"
high_request_load,sdn_shortest_path,high_request_load_f075,u06,guest,srv_internet,internet,True,allow,False,s7 -> s4 -> s2 -> s1,3,True,False,3,"SDN-контролер будує найкоротший маршрут, але не застосовує політики ролей"
high_request_load,sdn_shortest_path,high_request_load_f076,u02,student,srv_video,video,True,allow,False,s5 -> s2 -> s8,2,True,False,2,"SDN-контролер будує найкоротший маршрут, але не застосовує політики ролей"
high_request_load,sdn_shortest_path,high_request_load_f077,u02,student,srv_video,video,True,allow,False,s5 -> s2 -> s8,2,True,False,2,"SDN-контролер будує найкоротший маршрут, але не застосовує політики ролей"
high_request_load,sdn_shortest_path,high_request_load_f078,u03,student,srv_db,database,False,allow,True,s7 -> s4 -> s2 -> s8,3,True,False,3,"SDN-контролер будує найкоротший маршрут, але не застосовує політики ролей"
high_request_load,sdn_shortest_path,high_request_load_f079,u11,blocked,srv_db,database,False,allow,True,s7 -> s4 -> s2 -> s8,3,True,False,3,"SDN-контролер будує найкоротший маршрут, але не застосовує політики ролей"
high_request_load,sdn_shortest_path,high_request_load_f080,u08,admin,srv_db,database,True,allow,False,s9 -> s4 -> s2 -> s8,3,True,False,3,"SDN-контролер будує найкоротший маршрут, але не застосовує політики ролей"
high_request_load,sdn_shortest_path,high_request_load_f081,u03,student,srv_admin,admin,False,allow,True,s7 -> s4 -> s9,2,True,False,2,"SDN-контролер будує найкоротший маршрут, але не застосовує політики ролей"
high_request_load,sdn_shortest_path,high_request_load_f082,u04,teacher,srv_admin,admin,False,allow,True,s6 -> s9,1,True,False,1,"SDN-контролер будує найкоротший маршрут, але не застосовує політики ролей"
high_request_load,sdn_shortest_path,high_request_load_f083,u06,guest,srv_internet,internet,True,allow,False,s7 -> s4 -> s2 -> s1,3,True,False,3,"SDN-контролер будує найкоротший маршрут, але не застосовує політики ролей"
high_request_load,sdn_shortest_path,high_request_load_f084,u09,admin,srv_file,file,True,allow,False,s9 -> s4 -> s2 -> s8,3,True,False,3,"SDN-контролер будує найкоротший маршрут, але не застосовує політики ролей"
high_request_load,sdn_shortest_path,high_request_load_f085,u11,blocked,srv_video,video,False,allow,True,s7 -> s4 -> s2 -> s8,3,True,False,3,"SDN-контролер будує найкоротший маршрут, але не застосовує політики ролей"
high_request_load,sdn_shortest_path,high_request_load_f086,u01,student,srv_lms,lms,True,allow,False,s5 -> s2 -> s8,2,True,False,2,"SDN-контролер будує найкоротший маршрут, але не застосовує політики ролей"
high_request_load,sdn_shortest_path,high_request_load_f087,u06,guest,srv_internet,internet,True,allow,False,s7 -> s4 -> s2 -> s1,3,True,False,3,"SDN-контролер будує найкоротший маршрут, але не застосовує політики ролей"
high_request_load,sdn_shortest_path,high_request_load_f088,u07,guest,srv_internet,internet,True,allow,False,s7 -> s4 -> s2 -> s1,3,True,False,3,"SDN-контролер будує найкоротший маршрут, але не застосовує політики ролей"
high_request_load,sdn_shortest_path,high_request_load_f089,u08,admin,srv_video,video,True,allow,False,s9 -> s4 -> s2 -> s8,3,True,False,3,"SDN-контролер будує найкоротший маршрут, але не застосовує політики ролей"
high_request_load,sdn_shortest_path,high_request_load_f090,u09,admin,srv_video,video,True,allow,False,s9 -> s4 -> s2 -> s8,3,True,False,3,"SDN-контролер будує найкоротший маршрут, але не застосовує політики ролей"
high_request_load,sdn_shortest_path,high_request_load_f091,u07,guest,srv_db,database,False,allow,True,s7 -> s4 -> s2 -> s8,3,True,False,3,"SDN-контролер будує найкоротший маршрут, але не застосовує політики ролей"
high_request_load,sdn_shortest_path,high_request_load_f092,u03,student,srv_lms,lms,True,allow,False,s7 -> s4 -> s2 -> s8,3,True,False,3,"SDN-контролер будує найкоротший маршрут, але не застосовує політики ролей"
high_request_load,sdn_shortest_path,high_request_load_f093,u06,guest,srv_internet,internet,True,allow,False,s7 -> s4 -> s2 -> s1,3,True,False,3,"SDN-контролер будує найкоротший маршрут, але не застосовує політики ролей"
high_request_load,sdn_shortest_path,high_request_load_f094,u07,guest,srv_admin,admin,False,allow,True,s7 -> s4 -> s9,2,True,False,2,"SDN-контролер будує найкоротший маршрут, але не застосовує політики ролей"
high_request_load,sdn_shortest_path,high_request_load_f095,u01,student,srv_lms,lms,True,allow,False,s5 -> s2 -> s8,2,True,False,2,"SDN-контролер будує найкоротший маршрут, але не застосовує політики ролей"
high_request_load,sdn_shortest_path,high_request_load_f096,u07,guest,srv_internet,internet,True,allow,False,s7 -> s4 -> s2 -> s1,3,True,False,3,"SDN-контролер будує найкоротший маршрут, але не застосовує політики ролей"
high_request_load,sdn_shortest_path,high_request_load_f097,u11,blocked,srv_admin,admin,False,allow,True,s7 -> s4 -> s9,2,True,False,2,"SDN-контролер будує найкоротший маршрут, але не застосовує політики ролей"
high_request_load,sdn_shortest_path,high_request_load_f098,u11,blocked,srv_internet,internet,False,allow,True,s7 -> s4 -> s2 -> s1,3,True,False,3,"SDN-контролер будує найкоротший маршрут, але не застосовує політики ролей"
high_request_load,sdn_shortest_path,high_request_load_f099,u10,blocked,srv_file,file,False,allow,True,s5 -> s2 -> s8,2,True,False,2,"SDN-контролер будує найкоротший маршрут, але не застосовує політики ролей"
high_request_load,sdn_shortest_path,high_request_load_f100,u02,student,srv_video,video,True,allow,False,s5 -> s2 -> s8,2,True,False,2,"SDN-контролер будує найкоротший маршрут, але не застосовує політики ролей"
high_request_load,sdn_shortest_path,high_request_load_f101,u07,guest,srv_internet,internet,True,allow,False,s7 -> s4 -> s2 -> s1,3,True,False,3,"SDN-контролер будує найкоротший маршрут, але не застосовує політики ролей"
high_request_load,sdn_shortest_path,high_request_load_f102,u11,blocked,srv_video,video,False,allow,True,s7 -> s4 -> s2 -> s8,3,True,False,3,"SDN-контролер будує найкоротший маршрут, але не застосовує політики ролей"
high_request_load,sdn_shortest_path,high_request_load_f103,u02,student,srv_video,video,True,allow,False,s5 -> s2 -> s8,2,True,False,2,"SDN-контролер будує найкоротший маршрут, але не застосовує політики ролей"
high_request_load,sdn_shortest_path,high_request_load_f104,u06,guest,srv_internet,internet,True,allow,False,s7 -> s4 -> s2 -> s1,3,True,False,3,"SDN-контролер будує найкоротший маршрут, але не застосовує політики ролей"
high_request_load,sdn_shortest_path,high_request_load_f105,u01,student,srv_lms,lms,True,allow,False,s5 -> s2 -> s8,2,True,False,2,"SDN-контролер будує найкоротший маршрут, але не застосовує політики ролей"
high_request_load,sdn_shortest_path,high_request_load_f106,u09,admin,srv_internet,internet,True,allow,False,s9 -> s4 -> s2 -> s1,3,True,False,3,"SDN-контролер будує найкоротший маршрут, але не застосовує політики ролей"
high_request_load,sdn_shortest_path,high_request_load_f107,u05,teacher,srv_lms,lms,True,allow,False,s6 -> s3 -> s1 -> s8,3,True,False,3,"SDN-контролер будує найкоротший маршрут, але не застосовує політики ролей"
high_request_load,sdn_shortest_path,high_request_load_f108,u05,teacher,srv_file,file,True,allow,False,s6 -> s3 -> s1 -> s8,3,True,False,3,"SDN-контролер будує найкоротший маршрут, але не застосовує політики ролей"
high_request_load,sdn_shortest_path,high_request_load_f109,u03,student,srv_lms,lms,True,allow,False,s7 -> s4 -> s2 -> s8,3,True,False,3,"SDN-контролер будує найкоротший маршрут, але не застосовує політики ролей"
high_request_load,sdn_shortest_path,high_request_load_f110,u08,admin,srv_internet,internet,True,allow,False,s9 -> s4 -> s2 -> s1,3,True,False,3,"SDN-контролер будує найкоротший маршрут, але не застосовує політики ролей"
high_request_load,sdn_shortest_path,high_request_load_f111,u06,guest,srv_internet,internet,True,allow,False,s7 -> s4 -> s2 -> s1,3,True,False,3,"SDN-контролер будує найкоротший маршрут, але не застосовує політики ролей"
high_request_load,sdn_shortest_path,high_request_load_f112,u05,teacher,srv_lms,lms,True,allow,False,s6 -> s3 -> s1 -> s8,3,True,False,3,"SDN-контролер будує найкоротший маршрут, але не застосовує політики ролей"
high_request_load,sdn_shortest_path,high_request_load_f113,u11,blocked,srv_video,video,False,allow,True,s7 -> s4 -> s2 -> s8,3,True,False,3,"SDN-контролер будує найкоротший маршрут, але не застосовує політики ролей"
high_request_load,sdn_shortest_path,high_request_load_f114,u02,student,srv_internet,internet,True,allow,False,s5 -> s3 -> s1,2,True,False,2,"SDN-контролер будує найкоротший маршрут, але не застосовує політики ролей"
high_request_load,sdn_shortest_path,high_request_load_f115,u08,admin,srv_internet,internet,True,allow,False,s9 -> s4 -> s2 -> s1,3,True,False,3,"SDN-контролер будує найкоротший маршрут, але не застосовує політики ролей"
high_request_load,sdn_shortest_path,high_request_load_f116,u10,blocked,srv_admin,admin,False,allow,True,s5 -> s3 -> s4 -> s9,3,True,False,3,"SDN-контролер будує найкоротший маршрут, але не застосовує політики ролей"
high_request_load,sdn_shortest_path,high_request_load_f117,u02,student,srv_admin,admin,False,allow,True,s5 -> s3 -> s4 -> s9,3,True,False,3,"SDN-контролер будує найкоротший маршрут, але не застосовує політики ролей"
high_request_load,sdn_shortest_path,high_request_load_f118,u08,admin,srv_admin,admin,True,allow,False,s9,0,True,False,0,"SDN-контролер будує найкоротший маршрут, але не застосовує політики ролей"
high_request_load,sdn_shortest_path,high_request_load_f119,u07,guest,srv_internet,internet,True,allow,False,s7 -> s4 -> s2 -> s1,3,True,False,3,"SDN-контролер будує найкоротший маршрут, але не застосовує політики ролей"
high_request_load,sdn_shortest_path,high_request_load_f120,u06,guest,srv_internet,internet,True,allow,False,s7 -> s4 -> s2 -> s1,3,True,False,3,"SDN-контролер будує найкоротший маршрут, але не застосовує політики ролей"
high_request_load,sdn_shortest_path,high_request_load_f121,u09,admin,srv_video,video,True,allow,False,s9 -> s4 -> s2 -> s8,3,True,False,3,"SDN-контролер будує найкоротший маршрут, але не застосовує політики ролей"
high_request_load,sdn_shortest_path,high_request_load_f122,u09,admin,srv_db,database,True,allow,False,s9 -> s4 -> s2 -> s8,3,True,False,3,"SDN-контролер будує найкоротший маршрут, але не застосовує політики ролей"
high_request_load,sdn_shortest_path,high_request_load_f123,u03,student,srv_internet,internet,True,allow,False,s7 -> s4 -> s2 -> s1,3,True,False,3,"SDN-контролер будує найкоротший маршрут, але не застосовує політики ролей"
high_request_load,sdn_shortest_path,high_request_load_f124,u09,admin,srv_lms,lms,True,allow,False,s9 -> s4 -> s2 -> s8,3,True,False,3,"SDN-контролер будує найкоротший маршрут, але не застосовує політики ролей"
high_request_load,sdn_shortest_path,high_request_load_f125,u03,student,srv_video,video,True,allow,False,s7 -> s4 -> s2 -> s8,3,True,False,3,"SDN-контролер будує найкоротший маршрут, але не застосовує політики ролей"
high_request_load,sdn_shortest_path,high_request_load_f126,u09,admin,srv_video,video,True,allow,False,s9 -> s4 -> s2 -> s8,3,True,False,3,"SDN-контролер будує найкоротший маршрут, але не застосовує політики ролей"
high_request_load,sdn_shortest_path,high_request_load_f127,u05,teacher,srv_db,database,False,allow,True,s6 -> s3 -> s1 -> s8,3,True,False,3,"SDN-контролер будує найкоротший маршрут, але не застосовує політики ролей"
high_request_load,sdn_shortest_path,high_request_load_f128,u05,teacher,srv_internet,internet,True,allow,False,s6 -> s3 -> s1,2,True,False,2,"SDN-контролер будує найкоротший маршрут, але не застосовує політики ролей"
high_request_load,sdn_shortest_path,high_request_load_f129,u03,student,srv_video,video,True,allow,False,s7 -> s4 -> s2 -> s8,3,True,False,3,"SDN-контролер будує найкоротший маршрут, але не застосовує політики ролей"
high_request_load,sdn_shortest_path,high_request_load_f130,u11,blocked,srv_admin,admin,False,allow,True,s7 -> s4 -> s9,2,True,False,2,"SDN-контролер будує найкоротший маршрут, але не застосовує політики ролей"
high_request_load,sdn_shortest_path,high_request_load_f131,u10,blocked,srv_internet,internet,False,allow,True,s5 -> s3 -> s1,2,True,False,2,"SDN-контролер будує найкоротший маршрут, але не застосовує політики ролей"
high_request_load,sdn_shortest_path,high_request_load_f132,u11,blocked,srv_video,video,False,allow,True,s7 -> s4 -> s2 -> s8,3,True,False,3,"SDN-контролер будує найкоротший маршрут, але не застосовує політики ролей"
high_request_load,sdn_shortest_path,high_request_load_f133,u10,blocked,srv_db,database,False,allow,True,s5 -> s2 -> s8,2,True,False,2,"SDN-контролер будує найкоротший маршрут, але не застосовує політики ролей"
high_request_load,sdn_shortest_path,high_request_load_f134,u11,blocked,srv_db,database,False,allow,True,s7 -> s4 -> s2 -> s8,3,True,False,3,"SDN-контролер будує найкоротший маршрут, але не застосовує політики ролей"
high_request_load,sdn_shortest_path,high_request_load_f135,u08,admin,srv_lms,lms,True,allow,False,s9 -> s4 -> s2 -> s8,3,True,False,3,"SDN-контролер будує найкоротший маршрут, але не застосовує політики ролей"
high_request_load,sdn_shortest_path,high_request_load_f136,u11,blocked,srv_file,file,False,allow,True,s7 -> s4 -> s2 -> s8,3,True,False,3,"SDN-контролер будує найкоротший маршрут, але не застосовує політики ролей"
high_request_load,sdn_shortest_path,high_request_load_f137,u01,student,srv_admin,admin,False,allow,True,s5 -> s3 -> s4 -> s9,3,True,False,3,"SDN-контролер будує найкоротший маршрут, але не застосовує політики ролей"
high_request_load,sdn_shortest_path,high_request_load_f138,u04,teacher,srv_lms,lms,True,allow,False,s6 -> s3 -> s1 -> s8,3,True,False,3,"SDN-контролер будує найкоротший маршрут, але не застосовує політики ролей"
high_request_load,sdn_shortest_path,high_request_load_f139,u06,guest,srv_internet,internet,True,allow,False,s7 -> s4 -> s2 -> s1,3,True,False,3,"SDN-контролер будує найкоротший маршрут, але не застосовує політики ролей"
high_request_load,sdn_shortest_path,high_request_load_f140,u03,student,srv_video,video,True,allow,False,s7 -> s4 -> s2 -> s8,3,True,False,3,"SDN-контролер будує найкоротший маршрут, але не застосовує політики ролей"
high_request_load,sdn_shortest_path,high_request_load_f141,u06,guest,srv_internet,internet,True,allow,False,s7 -> s4 -> s2 -> s1,3,True,False,3,"SDN-контролер будує найкоротший маршрут, але не застосовує політики ролей"
high_request_load,sdn_shortest_path,high_request_load_f142,u04,teacher,srv_admin,admin,False,allow,True,s6 -> s9,1,True,False,1,"SDN-контролер будує найкоротший маршрут, але не застосовує політики ролей"
high_request_load,sdn_shortest_path,high_request_load_f143,u07,guest,srv_internet,internet,True,allow,False,s7 -> s4 -> s2 -> s1,3,True,False,3,"SDN-контролер будує найкоротший маршрут, але не застосовує політики ролей"
high_request_load,sdn_shortest_path,high_request_load_f144,u03,student,srv_video,video,True,allow,False,s7 -> s4 -> s2 -> s8,3,True,False,3,"SDN-контролер будує найкоротший маршрут, але не застосовує політики ролей"
high_request_load,sdn_shortest_path,high_request_load_f145,u04,teacher,srv_file,file,True,allow,False,s6 -> s3 -> s1 -> s8,3,True,False,3,"SDN-контролер будує найкоротший маршрут, але не застосовує політики ролей"
high_request_load,sdn_shortest_path,high_request_load_f146,u08,admin,srv_file,file,True,allow,False,s9 -> s4 -> s2 -> s8,3,True,False,3,"SDN-контролер будує найкоротший маршрут, але не застосовує політики ролей"
high_request_load,sdn_shortest_path,high_request_load_f147,u08,admin,srv_internet,internet,True,allow,False,s9 -> s4 -> s2 -> s1,3,True,False,3,"SDN-контролер будує найкоротший маршрут, але не застосовує політики ролей"
high_request_load,sdn_shortest_path,high_request_load_f148,u07,guest,srv_internet,internet,True,allow,False,s7 -> s4 -> s2 -> s1,3,True,False,3,"SDN-контролер будує найкоротший маршрут, але не застосовує політики ролей"
high_request_load,sdn_shortest_path,high_request_load_f149,u06,guest,srv_file,file,False,allow,True,s7 -> s4 -> s2 -> s8,3,True,False,3,"SDN-контролер будує найкоротший маршрут, але не застосовує політики ролей"
high_request_load,sdn_shortest_path,high_request_load_f150,u11,blocked,srv_video,video,False,allow,True,s7 -> s4 -> s2 -> s8,3,True,False,3,"SDN-контролер будує найкоротший маршрут, але не застосовує політики ролей"
high_request_load,sdn_policy,high_request_load_f001,u06,guest,srv_internet,internet,True,allow,False,s7 -> s4 -> s2 -> s1,3,False,False,3,перевірка політики доступу та встановлення маршруту без резервного обходу
high_request_load,sdn_policy,high_request_load_f002,u07,guest,srv_internet,internet,True,allow,False,s7 -> s4 -> s2 -> s1,3,False,False,3,перевірка політики доступу та встановлення маршруту без резервного обходу
high_request_load,sdn_policy,high_request_load_f003,u06,guest,srv_db,database,False,deny,False,,0,False,False,0,доступ заборонено політикою RBAC: роль guest -> сервіс database
high_request_load,sdn_policy,high_request_load_f004,u06,guest,srv_lms,lms,False,deny,False,,0,False,False,0,доступ заборонено політикою RBAC: роль guest -> сервіс lms
high_request_load,sdn_policy,high_request_load_f005,u10,blocked,srv_internet,internet,False,deny,False,,0,False,False,0,доступ заборонено політикою RBAC: роль blocked -> сервіс internet
high_request_load,sdn_policy,high_request_load_f006,u05,teacher,srv_lms,lms,True,allow,False,s6 -> s3 -> s1 -> s8,3,False,False,3,перевірка політики доступу та встановлення маршруту без резервного обходу
high_request_load,sdn_policy,high_request_load_f007,u03,student,srv_db,database,False,deny,False,,0,False,False,0,доступ заборонено політикою RBAC: роль student -> сервіс database
high_request_load,sdn_policy,high_request_load_f008,u09,admin,srv_lms,lms,True,allow,False,s9 -> s4 -> s2 -> s8,3,False,False,3,перевірка політики доступу та встановлення маршруту без резервного обходу
high_request_load,sdn_policy,high_request_load_f009,u06,guest,srv_internet,internet,True,allow,False,s7 -> s4 -> s2 -> s1,3,False,False,3,перевірка політики доступу та встановлення маршруту без резервного обходу
high_request_load,sdn_policy,high_request_load_f010,u03,student,srv_internet,internet,True,allow,False,s7 -> s4 -> s2 -> s1,3,False,False,3,перевірка політики доступу та встановлення маршруту без резервного обходу
high_request_load,sdn_policy,high_request_load_f011,u11,blocked,srv_db,database,False,deny,False,,0,False,False,0,доступ заборонено політикою RBAC: роль blocked -> сервіс database
high_request_load,sdn_policy,high_request_load_f012,u10,blocked,srv_file,file,False,deny,False,,0,False,False,0,доступ заборонено політикою RBAC: роль blocked -> сервіс file
high_request_load,sdn_policy,high_request_load_f013,u10,blocked,srv_admin,admin,False,deny,False,,0,False,False,0,доступ заборонено політикою RBAC: роль blocked -> сервіс admin
high_request_load,sdn_policy,high_request_load_f014,u11,blocked,srv_file,file,False,deny,False,,0,False,False,0,доступ заборонено політикою RBAC: роль blocked -> сервіс file
high_request_load,sdn_policy,high_request_load_f015,u08,admin,srv_db,database,True,allow,False,s9 -> s4 -> s2 -> s8,3,False,False,3,перевірка політики доступу та встановлення маршруту без резервного обходу
high_request_load,sdn_policy,high_request_load_f016,u05,teacher,srv_video,video,True,allow,False,s6 -> s3 -> s1 -> s8,3,False,False,3,перевірка політики доступу та встановлення маршруту без резервного обходу
high_request_load,sdn_policy,high_request_load_f017,u05,teacher,srv_internet,internet,True,allow,False,s6 -> s3 -> s1,2,False,False,2,перевірка політики доступу та встановлення маршруту без резервного обходу
high_request_load,sdn_policy,high_request_load_f018,u05,teacher,srv_admin,admin,False,deny,False,,0,False,False,0,доступ заборонено політикою RBAC: роль teacher -> сервіс admin
high_request_load,sdn_policy,high_request_load_f019,u09,admin,srv_file,file,True,allow,False,s9 -> s4 -> s2 -> s8,3,False,False,3,перевірка політики доступу та встановлення маршруту без резервного обходу
high_request_load,sdn_policy,high_request_load_f020,u09,admin,srv_db,database,True,allow,False,s9 -> s4 -> s2 -> s8,3,False,False,3,перевірка політики доступу та встановлення маршруту без резервного обходу
high_request_load,sdn_policy,high_request_load_f021,u08,admin,srv_admin,admin,True,allow,False,s9,0,False,False,0,перевірка політики доступу та встановлення маршруту без резервного обходу
high_request_load,sdn_policy,high_request_load_f022,u06,guest,srv_internet,internet,True,allow,False,s7 -> s4 -> s2 -> s1,3,False,False,3,перевірка політики доступу та встановлення маршруту без резервного обходу
high_request_load,sdn_policy,high_request_load_f023,u08,admin,srv_internet,internet,True,allow,False,s9 -> s4 -> s2 -> s1,3,False,False,3,перевірка політики доступу та встановлення маршруту без резервного обходу
high_request_load,sdn_policy,high_request_load_f024,u06,guest,srv_internet,internet,True,allow,False,s7 -> s4 -> s2 -> s1,3,False,False,3,перевірка політики доступу та встановлення маршруту без резервного обходу
high_request_load,sdn_policy,high_request_load_f025,u03,student,srv_db,database,False,deny,False,,0,False,False,0,доступ заборонено політикою RBAC: роль student -> сервіс database
high_request_load,sdn_policy,high_request_load_f026,u08,admin,srv_admin,admin,True,allow,False,s9,0,False,False,0,перевірка політики доступу та встановлення маршруту без резервного обходу
high_request_load,sdn_policy,high_request_load_f027,u03,student,srv_lms,lms,True,allow,False,s7 -> s4 -> s2 -> s8,3,False,False,3,перевірка політики доступу та встановлення маршруту без резервного обходу
high_request_load,sdn_policy,high_request_load_f028,u06,guest,srv_internet,internet,True,allow,False,s7 -> s4 -> s2 -> s1,3,False,False,3,перевірка політики доступу та встановлення маршруту без резервного обходу
high_request_load,sdn_policy,high_request_load_f029,u11,blocked,srv_video,video,False,deny,False,,0,False,False,0,доступ заборонено політикою RBAC: роль blocked -> сервіс video
high_request_load,sdn_policy,high_request_load_f030,u11,blocked,srv_video,video,False,deny,False,,0,False,False,0,доступ заборонено політикою RBAC: роль blocked -> сервіс video
high_request_load,sdn_policy,high_request_load_f031,u11,blocked,srv_admin,admin,False,deny,False,,0,False,False,0,доступ заборонено політикою RBAC: роль blocked -> сервіс admin
high_request_load,sdn_policy,high_request_load_f032,u06,guest,srv_video,video,False,deny,False,,0,False,False,0,доступ заборонено політикою RBAC: роль guest -> сервіс video
high_request_load,sdn_policy,high_request_load_f033,u05,teacher,srv_file,file,True,allow,False,s6 -> s3 -> s1 -> s8,3,False,False,3,перевірка політики доступу та встановлення маршруту без резервного обходу
high_request_load,sdn_policy,high_request_load_f034,u02,student,srv_lms,lms,True,allow,False,s5 -> s2 -> s8,2,False,False,2,перевірка політики доступу та встановлення маршруту без резервного обходу
high_request_load,sdn_policy,high_request_load_f035,u06,guest,srv_internet,internet,True,allow,False,s7 -> s4 -> s2 -> s1,3,False,False,3,перевірка політики доступу та встановлення маршруту без резервного обходу
high_request_load,sdn_policy,high_request_load_f036,u07,guest,srv_internet,internet,True,allow,False,s7 -> s4 -> s2 -> s1,3,False,False,3,перевірка політики доступу та встановлення маршруту без резервного обходу
high_request_load,sdn_policy,high_request_load_f037,u03,student,srv_lms,lms,True,allow,False,s7 -> s4 -> s2 -> s8,3,False,False,3,перевірка політики доступу та встановлення маршруту без резервного обходу
high_request_load,sdn_policy,high_request_load_f038,u08,admin,srv_lms,lms,True,allow,False,s9 -> s4 -> s2 -> s8,3,False,False,3,перевірка політики доступу та встановлення маршруту без резервного обходу
high_request_load,sdn_policy,high_request_load_f039,u03,student,srv_admin,admin,False,deny,False,,0,False,False,0,доступ заборонено політикою RBAC: роль student -> сервіс admin
high_request_load,sdn_policy,high_request_load_f040,u02,student,srv_video,video,True,allow,False,s5 -> s2 -> s8,2,False,False,2,перевірка політики доступу та встановлення маршруту без резервного обходу
high_request_load,sdn_policy,high_request_load_f041,u09,admin,srv_internet,internet,True,allow,False,s9 -> s4 -> s2 -> s1,3,False,False,3,перевірка політики доступу та встановлення маршруту без резервного обходу
high_request_load,sdn_policy,high_request_load_f042,u10,blocked,srv_file,file,False,deny,False,,0,False,False,0,доступ заборонено політикою RBAC: роль blocked -> сервіс file
high_request_load,sdn_policy,high_request_load_f043,u03,student,srv_video,video,True,allow,False,s7 -> s4 -> s2 -> s8,3,False,False,3,перевірка політики доступу та встановлення маршруту без резервного обходу
high_request_load,sdn_policy,high_request_load_f044,u03,student,srv_internet,internet,True,allow,False,s7 -> s4 -> s2 -> s1,3,False,False,3,перевірка політики доступу та встановлення маршруту без резервного обходу
high_request_load,sdn_policy,high_request_load_f045,u11,blocked,srv_file,file,False,deny,False,,0,False,False,0,доступ заборонено політикою RBAC: роль blocked -> сервіс file
high_request_load,sdn_policy,high_request_load_f046,u08,admin,srv_lms,lms,True,allow,False,s9 -> s4 -> s2 -> s8,3,False,False,3,перевірка політики доступу та встановлення маршруту без резервного обходу
high_request_load,sdn_policy,high_request_load_f047,u05,teacher,srv_file,file,True,allow,False,s6 -> s3 -> s1 -> s8,3,False,False,3,перевірка політики доступу та встановлення маршруту без резервного обходу
high_request_load,sdn_policy,high_request_load_f048,u04,teacher,srv_file,file,True,allow,False,s6 -> s3 -> s1 -> s8,3,False,False,3,перевірка політики доступу та встановлення маршруту без резервного обходу
high_request_load,sdn_policy,high_request_load_f049,u05,teacher,srv_file,file,True,allow,False,s6 -> s3 -> s1 -> s8,3,False,False,3,перевірка політики доступу та встановлення маршруту без резервного обходу
high_request_load,sdn_policy,high_request_load_f050,u04,teacher,srv_lms,lms,True,allow,False,s6 -> s3 -> s1 -> s8,3,False,False,3,перевірка політики доступу та встановлення маршруту без резервного обходу
high_request_load,sdn_policy,high_request_load_f051,u01,student,srv_lms,lms,True,allow,False,s5 -> s2 -> s8,2,False,False,2,перевірка політики доступу та встановлення маршруту без резервного обходу
high_request_load,sdn_policy,high_request_load_f052,u02,student,srv_video,video,True,allow,False,s5 -> s2 -> s8,2,False,False,2,перевірка політики доступу та встановлення маршруту без резервного обходу
high_request_load,sdn_policy,high_request_load_f053,u05,teacher,srv_admin,admin,False,deny,False,,0,False,False,0,доступ заборонено політикою RBAC: роль teacher -> сервіс admin
high_request_load,sdn_policy,high_request_load_f054,u09,admin,srv_lms,lms,True,allow,False,s9 -> s4 -> s2 -> s8,3,False,False,3,перевірка політики доступу та встановлення маршруту без резервного обходу
high_request_load,sdn_policy,high_request_load_f055,u02,student,srv_internet,internet,True,allow,False,s5 -> s3 -> s1,2,False,False,2,перевірка політики доступу та встановлення маршруту без резервного обходу
high_request_load,sdn_policy,high_request_load_f056,u06,guest,srv_internet,internet,True,allow,False,s7 -> s4 -> s2 -> s1,3,False,False,3,перевірка політики доступу та встановлення маршруту без резервного обходу
high_request_load,sdn_policy,high_request_load_f057,u09,admin,srv_video,video,True,allow,False,s9 -> s4 -> s2 -> s8,3,False,False,3,перевірка політики доступу та встановлення маршруту без резервного обходу
high_request_load,sdn_policy,high_request_load_f058,u02,student,srv_internet,internet,True,allow,False,s5 -> s3 -> s1,2,False,False,2,перевірка політики доступу та встановлення маршруту без резервного обходу
high_request_load,sdn_policy,high_request_load_f059,u02,student,srv_video,video,True,allow,False,s5 -> s2 -> s8,2,False,False,2,перевірка політики доступу та встановлення маршруту без резервного обходу
high_request_load,sdn_policy,high_request_load_f060,u03,student,srv_admin,admin,False,deny,False,,0,False,False,0,доступ заборонено політикою RBAC: роль student -> сервіс admin
high_request_load,sdn_policy,high_request_load_f061,u08,admin,srv_db,database,True,allow,False,s9 -> s4 -> s2 -> s8,3,False,False,3,перевірка політики доступу та встановлення маршруту без резервного обходу
high_request_load,sdn_policy,high_request_load_f062,u08,admin,srv_file,file,True,allow,False,s9 -> s4 -> s2 -> s8,3,False,False,3,перевірка політики доступу та встановлення маршруту без резервного обходу
high_request_load,sdn_policy,high_request_load_f063,u02,student,srv_file,file,False,deny,False,,0,False,False,0,доступ заборонено політикою RBAC: роль student -> сервіс file
high_request_load,sdn_policy,high_request_load_f064,u09,admin,srv_db,database,True,allow,False,s9 -> s4 -> s2 -> s8,3,False,False,3,перевірка політики доступу та встановлення маршруту без резервного обходу
high_request_load,sdn_policy,high_request_load_f065,u07,guest,srv_file,file,False,deny,False,,0,False,False,0,доступ заборонено політикою RBAC: роль guest -> сервіс file
high_request_load,sdn_policy,high_request_load_f066,u02,student,srv_admin,admin,False,deny,False,,0,False,False,0,доступ заборонено політикою RBAC: роль student -> сервіс admin
high_request_load,sdn_policy,high_request_load_f067,u10,blocked,srv_internet,internet,False,deny,False,,0,False,False,0,доступ заборонено політикою RBAC: роль blocked -> сервіс internet
high_request_load,sdn_policy,high_request_load_f068,u08,admin,srv_admin,admin,True,allow,False,s9,0,False,False,0,перевірка політики доступу та встановлення маршруту без резервного обходу
high_request_load,sdn_policy,high_request_load_f069,u11,blocked,srv_lms,lms,False,deny,False,,0,False,False,0,доступ заборонено політикою RBAC: роль blocked -> сервіс lms
high_request_load,sdn_policy,high_request_load_f070,u05,teacher,srv_video,video,True,allow,False,s6 -> s3 -> s1 -> s8,3,False,False,3,перевірка політики доступу та встановлення маршруту без резервного обходу
high_request_load,sdn_policy,high_request_load_f071,u07,guest,srv_lms,lms,False,deny,False,,0,False,False,0,доступ заборонено політикою RBAC: роль guest -> сервіс lms
high_request_load,sdn_policy,high_request_load_f072,u06,guest,srv_db,database,False,deny,False,,0,False,False,0,доступ заборонено політикою RBAC: роль guest -> сервіс database
high_request_load,sdn_policy,high_request_load_f073,u09,admin,srv_admin,admin,True,allow,False,s9,0,False,False,0,перевірка політики доступу та встановлення маршруту без резервного обходу
high_request_load,sdn_policy,high_request_load_f074,u08,admin,srv_internet,internet,True,allow,False,s9 -> s4 -> s2 -> s1,3,False,False,3,перевірка політики доступу та встановлення маршруту без резервного обходу
high_request_load,sdn_policy,high_request_load_f075,u06,guest,srv_internet,internet,True,allow,False,s7 -> s4 -> s2 -> s1,3,False,False,3,перевірка політики доступу та встановлення маршруту без резервного обходу
high_request_load,sdn_policy,high_request_load_f076,u02,student,srv_video,video,True,allow,False,s5 -> s2 -> s8,2,False,False,2,перевірка політики доступу та встановлення маршруту без резервного обходу
high_request_load,sdn_policy,high_request_load_f077,u02,student,srv_video,video,True,allow,False,s5 -> s2 -> s8,2,False,False,2,перевірка політики доступу та встановлення маршруту без резервного обходу
high_request_load,sdn_policy,high_request_load_f078,u03,student,srv_db,database,False,deny,False,,0,False,False,0,доступ заборонено політикою RBAC: роль student -> сервіс database
high_request_load,sdn_policy,high_request_load_f079,u11,blocked,srv_db,database,False,deny,False,,0,False,False,0,доступ заборонено політикою RBAC: роль blocked -> сервіс database
high_request_load,sdn_policy,high_request_load_f080,u08,admin,srv_db,database,True,allow,False,s9 -> s4 -> s2 -> s8,3,False,False,3,перевірка політики доступу та встановлення маршруту без резервного обходу
high_request_load,sdn_policy,high_request_load_f081,u03,student,srv_admin,admin,False,deny,False,,0,False,False,0,доступ заборонено політикою RBAC: роль student -> сервіс admin
high_request_load,sdn_policy,high_request_load_f082,u04,teacher,srv_admin,admin,False,deny,False,,0,False,False,0,доступ заборонено політикою RBAC: роль teacher -> сервіс admin
high_request_load,sdn_policy,high_request_load_f083,u06,guest,srv_internet,internet,True,allow,False,s7 -> s4 -> s2 -> s1,3,False,False,3,перевірка політики доступу та встановлення маршруту без резервного обходу
high_request_load,sdn_policy,high_request_load_f084,u09,admin,srv_file,file,True,allow,False,s9 -> s4 -> s2 -> s8,3,False,False,3,перевірка політики доступу та встановлення маршруту без резервного обходу
high_request_load,sdn_policy,high_request_load_f085,u11,blocked,srv_video,video,False,deny,False,,0,False,False,0,доступ заборонено політикою RBAC: роль blocked -> сервіс video
high_request_load,sdn_policy,high_request_load_f086,u01,student,srv_lms,lms,True,allow,False,s5 -> s2 -> s8,2,False,False,2,перевірка політики доступу та встановлення маршруту без резервного обходу
high_request_load,sdn_policy,high_request_load_f087,u06,guest,srv_internet,internet,True,allow,False,s7 -> s4 -> s2 -> s1,3,False,False,3,перевірка політики доступу та встановлення маршруту без резервного обходу
high_request_load,sdn_policy,high_request_load_f088,u07,guest,srv_internet,internet,True,allow,False,s7 -> s4 -> s2 -> s1,3,False,False,3,перевірка політики доступу та встановлення маршруту без резервного обходу
high_request_load,sdn_policy,high_request_load_f089,u08,admin,srv_video,video,True,allow,False,s9 -> s4 -> s2 -> s8,3,False,False,3,перевірка політики доступу та встановлення маршруту без резервного обходу
high_request_load,sdn_policy,high_request_load_f090,u09,admin,srv_video,video,True,allow,False,s9 -> s4 -> s2 -> s8,3,False,False,3,перевірка політики доступу та встановлення маршруту без резервного обходу
high_request_load,sdn_policy,high_request_load_f091,u07,guest,srv_db,database,False,deny,False,,0,False,False,0,доступ заборонено політикою RBAC: роль guest -> сервіс database
high_request_load,sdn_policy,high_request_load_f092,u03,student,srv_lms,lms,True,allow,False,s7 -> s4 -> s2 -> s8,3,False,False,3,перевірка політики доступу та встановлення маршруту без резервного обходу
high_request_load,sdn_policy,high_request_load_f093,u06,guest,srv_internet,internet,True,allow,False,s7 -> s4 -> s2 -> s1,3,False,False,3,перевірка політики доступу та встановлення маршруту без резервного обходу
high_request_load,sdn_policy,high_request_load_f094,u07,guest,srv_admin,admin,False,deny,False,,0,False,False,0,доступ заборонено політикою RBAC: роль guest -> сервіс admin
high_request_load,sdn_policy,high_request_load_f095,u01,student,srv_lms,lms,True,allow,False,s5 -> s2 -> s8,2,False,False,2,перевірка політики доступу та встановлення маршруту без резервного обходу
high_request_load,sdn_policy,high_request_load_f096,u07,guest,srv_internet,internet,True,allow,False,s7 -> s4 -> s2 -> s1,3,False,False,3,перевірка політики доступу та встановлення маршруту без резервного обходу
high_request_load,sdn_policy,high_request_load_f097,u11,blocked,srv_admin,admin,False,deny,False,,0,False,False,0,доступ заборонено політикою RBAC: роль blocked -> сервіс admin
high_request_load,sdn_policy,high_request_load_f098,u11,blocked,srv_internet,internet,False,deny,False,,0,False,False,0,доступ заборонено політикою RBAC: роль blocked -> сервіс internet
high_request_load,sdn_policy,high_request_load_f099,u10,blocked,srv_file,file,False,deny,False,,0,False,False,0,доступ заборонено політикою RBAC: роль blocked -> сервіс file
high_request_load,sdn_policy,high_request_load_f100,u02,student,srv_video,video,True,allow,False,s5 -> s2 -> s8,2,False,False,2,перевірка політики доступу та встановлення маршруту без резервного обходу
high_request_load,sdn_policy,high_request_load_f101,u07,guest,srv_internet,internet,True,allow,False,s7 -> s4 -> s2 -> s1,3,False,False,3,перевірка політики доступу та встановлення маршруту без резервного обходу
high_request_load,sdn_policy,high_request_load_f102,u11,blocked,srv_video,video,False,deny,False,,0,False,False,0,доступ заборонено політикою RBAC: роль blocked -> сервіс video
high_request_load,sdn_policy,high_request_load_f103,u02,student,srv_video,video,True,allow,False,s5 -> s2 -> s8,2,False,False,2,перевірка політики доступу та встановлення маршруту без резервного обходу
high_request_load,sdn_policy,high_request_load_f104,u06,guest,srv_internet,internet,True,allow,False,s7 -> s4 -> s2 -> s1,3,False,False,3,перевірка політики доступу та встановлення маршруту без резервного обходу
high_request_load,sdn_policy,high_request_load_f105,u01,student,srv_lms,lms,True,allow,False,s5 -> s2 -> s8,2,False,False,2,перевірка політики доступу та встановлення маршруту без резервного обходу
high_request_load,sdn_policy,high_request_load_f106,u09,admin,srv_internet,internet,True,allow,False,s9 -> s4 -> s2 -> s1,3,False,False,3,перевірка політики доступу та встановлення маршруту без резервного обходу
high_request_load,sdn_policy,high_request_load_f107,u05,teacher,srv_lms,lms,True,allow,False,s6 -> s3 -> s1 -> s8,3,False,False,3,перевірка політики доступу та встановлення маршруту без резервного обходу
high_request_load,sdn_policy,high_request_load_f108,u05,teacher,srv_file,file,True,allow,False,s6 -> s3 -> s1 -> s8,3,False,False,3,перевірка політики доступу та встановлення маршруту без резервного обходу
high_request_load,sdn_policy,high_request_load_f109,u03,student,srv_lms,lms,True,allow,False,s7 -> s4 -> s2 -> s8,3,False,False,3,перевірка політики доступу та встановлення маршруту без резервного обходу
high_request_load,sdn_policy,high_request_load_f110,u08,admin,srv_internet,internet,True,allow,False,s9 -> s4 -> s2 -> s1,3,False,False,3,перевірка політики доступу та встановлення маршруту без резервного обходу
high_request_load,sdn_policy,high_request_load_f111,u06,guest,srv_internet,internet,True,allow,False,s7 -> s4 -> s2 -> s1,3,False,False,3,перевірка політики доступу та встановлення маршруту без резервного обходу
high_request_load,sdn_policy,high_request_load_f112,u05,teacher,srv_lms,lms,True,allow,False,s6 -> s3 -> s1 -> s8,3,False,False,3,перевірка політики доступу та встановлення маршруту без резервного обходу
high_request_load,sdn_policy,high_request_load_f113,u11,blocked,srv_video,video,False,deny,False,,0,False,False,0,доступ заборонено політикою RBAC: роль blocked -> сервіс video
high_request_load,sdn_policy,high_request_load_f114,u02,student,srv_internet,internet,True,allow,False,s5 -> s3 -> s1,2,False,False,2,перевірка політики доступу та встановлення маршруту без резервного обходу
high_request_load,sdn_policy,high_request_load_f115,u08,admin,srv_internet,internet,True,allow,False,s9 -> s4 -> s2 -> s1,3,False,False,3,перевірка політики доступу та встановлення маршруту без резервного обходу
high_request_load,sdn_policy,high_request_load_f116,u10,blocked,srv_admin,admin,False,deny,False,,0,False,False,0,доступ заборонено політикою RBAC: роль blocked -> сервіс admin
high_request_load,sdn_policy,high_request_load_f117,u02,student,srv_admin,admin,False,deny,False,,0,False,False,0,доступ заборонено політикою RBAC: роль student -> сервіс admin
high_request_load,sdn_policy,high_request_load_f118,u08,admin,srv_admin,admin,True,allow,False,s9,0,False,False,0,перевірка політики доступу та встановлення маршруту без резервного обходу
high_request_load,sdn_policy,high_request_load_f119,u07,guest,srv_internet,internet,True,allow,False,s7 -> s4 -> s2 -> s1,3,False,False,3,перевірка політики доступу та встановлення маршруту без резервного обходу
high_request_load,sdn_policy,high_request_load_f120,u06,guest,srv_internet,internet,True,allow,False,s7 -> s4 -> s2 -> s1,3,False,False,3,перевірка політики доступу та встановлення маршруту без резервного обходу
high_request_load,sdn_policy,high_request_load_f121,u09,admin,srv_video,video,True,allow,False,s9 -> s4 -> s2 -> s8,3,False,False,3,перевірка політики доступу та встановлення маршруту без резервного обходу
high_request_load,sdn_policy,high_request_load_f122,u09,admin,srv_db,database,True,allow,False,s9 -> s4 -> s2 -> s8,3,False,False,3,перевірка політики доступу та встановлення маршруту без резервного обходу
high_request_load,sdn_policy,high_request_load_f123,u03,student,srv_internet,internet,True,allow,False,s7 -> s4 -> s2 -> s1,3,False,False,3,перевірка політики доступу та встановлення маршруту без резервного обходу
high_request_load,sdn_policy,high_request_load_f124,u09,admin,srv_lms,lms,True,allow,False,s9 -> s4 -> s2 -> s8,3,False,False,3,перевірка політики доступу та встановлення маршруту без резервного обходу
high_request_load,sdn_policy,high_request_load_f125,u03,student,srv_video,video,True,allow,False,s7 -> s4 -> s2 -> s8,3,False,False,3,перевірка політики доступу та встановлення маршруту без резервного обходу
high_request_load,sdn_policy,high_request_load_f126,u09,admin,srv_video,video,True,allow,False,s9 -> s4 -> s2 -> s8,3,False,False,3,перевірка політики доступу та встановлення маршруту без резервного обходу
high_request_load,sdn_policy,high_request_load_f127,u05,teacher,srv_db,database,False,deny,False,,0,False,False,0,доступ заборонено політикою RBAC: роль teacher -> сервіс database
high_request_load,sdn_policy,high_request_load_f128,u05,teacher,srv_internet,internet,True,allow,False,s6 -> s3 -> s1,2,False,False,2,перевірка політики доступу та встановлення маршруту без резервного обходу
high_request_load,sdn_policy,high_request_load_f129,u03,student,srv_video,video,True,allow,False,s7 -> s4 -> s2 -> s8,3,False,False,3,перевірка політики доступу та встановлення маршруту без резервного обходу
high_request_load,sdn_policy,high_request_load_f130,u11,blocked,srv_admin,admin,False,deny,False,,0,False,False,0,доступ заборонено політикою RBAC: роль blocked -> сервіс admin
high_request_load,sdn_policy,high_request_load_f131,u10,blocked,srv_internet,internet,False,deny,False,,0,False,False,0,доступ заборонено політикою RBAC: роль blocked -> сервіс internet
high_request_load,sdn_policy,high_request_load_f132,u11,blocked,srv_video,video,False,deny,False,,0,False,False,0,доступ заборонено політикою RBAC: роль blocked -> сервіс video
high_request_load,sdn_policy,high_request_load_f133,u10,blocked,srv_db,database,False,deny,False,,0,False,False,0,доступ заборонено політикою RBAC: роль blocked -> сервіс database
high_request_load,sdn_policy,high_request_load_f134,u11,blocked,srv_db,database,False,deny,False,,0,False,False,0,доступ заборонено політикою RBAC: роль blocked -> сервіс database
high_request_load,sdn_policy,high_request_load_f135,u08,admin,srv_lms,lms,True,allow,False,s9 -> s4 -> s2 -> s8,3,False,False,3,перевірка політики доступу та встановлення маршруту без резервного обходу
high_request_load,sdn_policy,high_request_load_f136,u11,blocked,srv_file,file,False,deny,False,,0,False,False,0,доступ заборонено політикою RBAC: роль blocked -> сервіс file
high_request_load,sdn_policy,high_request_load_f137,u01,student,srv_admin,admin,False,deny,False,,0,False,False,0,доступ заборонено політикою RBAC: роль student -> сервіс admin
high_request_load,sdn_policy,high_request_load_f138,u04,teacher,srv_lms,lms,True,allow,False,s6 -> s3 -> s1 -> s8,3,False,False,3,перевірка політики доступу та встановлення маршруту без резервного обходу
high_request_load,sdn_policy,high_request_load_f139,u06,guest,srv_internet,internet,True,allow,False,s7 -> s4 -> s2 -> s1,3,False,False,3,перевірка політики доступу та встановлення маршруту без резервного обходу
high_request_load,sdn_policy,high_request_load_f140,u03,student,srv_video,video,True,allow,False,s7 -> s4 -> s2 -> s8,3,False,False,3,перевірка політики доступу та встановлення маршруту без резервного обходу
high_request_load,sdn_policy,high_request_load_f141,u06,guest,srv_internet,internet,True,allow,False,s7 -> s4 -> s2 -> s1,3,False,False,3,перевірка політики доступу та встановлення маршруту без резервного обходу
high_request_load,sdn_policy,high_request_load_f142,u04,teacher,srv_admin,admin,False,deny,False,,0,False,False,0,доступ заборонено політикою RBAC: роль teacher -> сервіс admin
high_request_load,sdn_policy,high_request_load_f143,u07,guest,srv_internet,internet,True,allow,False,s7 -> s4 -> s2 -> s1,3,False,False,3,перевірка політики доступу та встановлення маршруту без резервного обходу
high_request_load,sdn_policy,high_request_load_f144,u03,student,srv_video,video,True,allow,False,s7 -> s4 -> s2 -> s8,3,False,False,3,перевірка політики доступу та встановлення маршруту без резервного обходу
high_request_load,sdn_policy,high_request_load_f145,u04,teacher,srv_file,file,True,allow,False,s6 -> s3 -> s1 -> s8,3,False,False,3,перевірка політики доступу та встановлення маршруту без резервного обходу
high_request_load,sdn_policy,high_request_load_f146,u08,admin,srv_file,file,True,allow,False,s9 -> s4 -> s2 -> s8,3,False,False,3,перевірка політики доступу та встановлення маршруту без резервного обходу
high_request_load,sdn_policy,high_request_load_f147,u08,admin,srv_internet,internet,True,allow,False,s9 -> s4 -> s2 -> s1,3,False,False,3,перевірка політики доступу та встановлення маршруту без резервного обходу
high_request_load,sdn_policy,high_request_load_f148,u07,guest,srv_internet,internet,True,allow,False,s7 -> s4 -> s2 -> s1,3,False,False,3,перевірка політики доступу та встановлення маршруту без резервного обходу
high_request_load,sdn_policy,high_request_load_f149,u06,guest,srv_file,file,False,deny,False,,0,False,False,0,доступ заборонено політикою RBAC: роль guest -> сервіс file
high_request_load,sdn_policy,high_request_load_f150,u11,blocked,srv_video,video,False,deny,False,,0,False,False,0,доступ заборонено політикою RBAC: роль blocked -> сервіс video
high_request_load,sdn_resilient_policy,high_request_load_f001,u06,guest,srv_internet,internet,True,allow,False,s7 -> s4 -> s2 -> s1,3,False,False,3,"перевірка політики доступу, динамічна побудова маршруту та обхід відмовлених каналів"
high_request_load,sdn_resilient_policy,high_request_load_f002,u07,guest,srv_internet,internet,True,allow,False,s7 -> s4 -> s2 -> s1,3,False,False,3,"перевірка політики доступу, динамічна побудова маршруту та обхід відмовлених каналів"
high_request_load,sdn_resilient_policy,high_request_load_f003,u06,guest,srv_db,database,False,deny,False,,0,False,False,0,доступ заборонено політикою RBAC: роль guest -> сервіс database
high_request_load,sdn_resilient_policy,high_request_load_f004,u06,guest,srv_lms,lms,False,deny,False,,0,False,False,0,доступ заборонено політикою RBAC: роль guest -> сервіс lms
high_request_load,sdn_resilient_policy,high_request_load_f005,u10,blocked,srv_internet,internet,False,deny,False,,0,False,False,0,доступ заборонено політикою RBAC: роль blocked -> сервіс internet
high_request_load,sdn_resilient_policy,high_request_load_f006,u05,teacher,srv_lms,lms,True,allow,False,s6 -> s3 -> s1 -> s8,3,False,False,3,"перевірка політики доступу, динамічна побудова маршруту та обхід відмовлених каналів"
high_request_load,sdn_resilient_policy,high_request_load_f007,u03,student,srv_db,database,False,deny,False,,0,False,False,0,доступ заборонено політикою RBAC: роль student -> сервіс database
high_request_load,sdn_resilient_policy,high_request_load_f008,u09,admin,srv_lms,lms,True,allow,False,s9 -> s4 -> s2 -> s8,3,False,False,3,"перевірка політики доступу, динамічна побудова маршруту та обхід відмовлених каналів"
high_request_load,sdn_resilient_policy,high_request_load_f009,u06,guest,srv_internet,internet,True,allow,False,s7 -> s4 -> s2 -> s1,3,False,False,3,"перевірка політики доступу, динамічна побудова маршруту та обхід відмовлених каналів"
high_request_load,sdn_resilient_policy,high_request_load_f010,u03,student,srv_internet,internet,True,allow,False,s7 -> s4 -> s2 -> s1,3,False,False,3,"перевірка політики доступу, динамічна побудова маршруту та обхід відмовлених каналів"
high_request_load,sdn_resilient_policy,high_request_load_f011,u11,blocked,srv_db,database,False,deny,False,,0,False,False,0,доступ заборонено політикою RBAC: роль blocked -> сервіс database
high_request_load,sdn_resilient_policy,high_request_load_f012,u10,blocked,srv_file,file,False,deny,False,,0,False,False,0,доступ заборонено політикою RBAC: роль blocked -> сервіс file
high_request_load,sdn_resilient_policy,high_request_load_f013,u10,blocked,srv_admin,admin,False,deny,False,,0,False,False,0,доступ заборонено політикою RBAC: роль blocked -> сервіс admin
high_request_load,sdn_resilient_policy,high_request_load_f014,u11,blocked,srv_file,file,False,deny,False,,0,False,False,0,доступ заборонено політикою RBAC: роль blocked -> сервіс file
high_request_load,sdn_resilient_policy,high_request_load_f015,u08,admin,srv_db,database,True,allow,False,s9 -> s4 -> s2 -> s8,3,False,False,3,"перевірка політики доступу, динамічна побудова маршруту та обхід відмовлених каналів"
high_request_load,sdn_resilient_policy,high_request_load_f016,u05,teacher,srv_video,video,True,allow,False,s6 -> s3 -> s1 -> s8,3,False,False,3,"перевірка політики доступу, динамічна побудова маршруту та обхід відмовлених каналів"
high_request_load,sdn_resilient_policy,high_request_load_f017,u05,teacher,srv_internet,internet,True,allow,False,s6 -> s3 -> s1,2,False,False,2,"перевірка політики доступу, динамічна побудова маршруту та обхід відмовлених каналів"
high_request_load,sdn_resilient_policy,high_request_load_f018,u05,teacher,srv_admin,admin,False,deny,False,,0,False,False,0,доступ заборонено політикою RBAC: роль teacher -> сервіс admin
high_request_load,sdn_resilient_policy,high_request_load_f019,u09,admin,srv_file,file,True,allow,False,s9 -> s4 -> s2 -> s8,3,False,False,3,"перевірка політики доступу, динамічна побудова маршруту та обхід відмовлених каналів"
high_request_load,sdn_resilient_policy,high_request_load_f020,u09,admin,srv_db,database,True,allow,False,s9 -> s4 -> s2 -> s8,3,False,False,3,"перевірка політики доступу, динамічна побудова маршруту та обхід відмовлених каналів"
high_request_load,sdn_resilient_policy,high_request_load_f021,u08,admin,srv_admin,admin,True,allow,False,s9,0,False,False,0,"перевірка політики доступу, динамічна побудова маршруту та обхід відмовлених каналів"
high_request_load,sdn_resilient_policy,high_request_load_f022,u06,guest,srv_internet,internet,True,allow,False,s7 -> s4 -> s2 -> s1,3,False,False,3,"перевірка політики доступу, динамічна побудова маршруту та обхід відмовлених каналів"
high_request_load,sdn_resilient_policy,high_request_load_f023,u08,admin,srv_internet,internet,True,allow,False,s9 -> s4 -> s2 -> s1,3,False,False,3,"перевірка політики доступу, динамічна побудова маршруту та обхід відмовлених каналів"
high_request_load,sdn_resilient_policy,high_request_load_f024,u06,guest,srv_internet,internet,True,allow,False,s7 -> s4 -> s2 -> s1,3,False,False,3,"перевірка політики доступу, динамічна побудова маршруту та обхід відмовлених каналів"
high_request_load,sdn_resilient_policy,high_request_load_f025,u03,student,srv_db,database,False,deny,False,,0,False,False,0,доступ заборонено політикою RBAC: роль student -> сервіс database
high_request_load,sdn_resilient_policy,high_request_load_f026,u08,admin,srv_admin,admin,True,allow,False,s9,0,False,False,0,"перевірка політики доступу, динамічна побудова маршруту та обхід відмовлених каналів"
high_request_load,sdn_resilient_policy,high_request_load_f027,u03,student,srv_lms,lms,True,allow,False,s7 -> s4 -> s2 -> s8,3,False,False,3,"перевірка політики доступу, динамічна побудова маршруту та обхід відмовлених каналів"
high_request_load,sdn_resilient_policy,high_request_load_f028,u06,guest,srv_internet,internet,True,allow,False,s7 -> s4 -> s2 -> s1,3,False,False,3,"перевірка політики доступу, динамічна побудова маршруту та обхід відмовлених каналів"
high_request_load,sdn_resilient_policy,high_request_load_f029,u11,blocked,srv_video,video,False,deny,False,,0,False,False,0,доступ заборонено політикою RBAC: роль blocked -> сервіс video
high_request_load,sdn_resilient_policy,high_request_load_f030,u11,blocked,srv_video,video,False,deny,False,,0,False,False,0,доступ заборонено політикою RBAC: роль blocked -> сервіс video
high_request_load,sdn_resilient_policy,high_request_load_f031,u11,blocked,srv_admin,admin,False,deny,False,,0,False,False,0,доступ заборонено політикою RBAC: роль blocked -> сервіс admin
high_request_load,sdn_resilient_policy,high_request_load_f032,u06,guest,srv_video,video,False,deny,False,,0,False,False,0,доступ заборонено політикою RBAC: роль guest -> сервіс video
high_request_load,sdn_resilient_policy,high_request_load_f033,u05,teacher,srv_file,file,True,allow,False,s6 -> s3 -> s1 -> s8,3,False,False,3,"перевірка політики доступу, динамічна побудова маршруту та обхід відмовлених каналів"
high_request_load,sdn_resilient_policy,high_request_load_f034,u02,student,srv_lms,lms,True,allow,False,s5 -> s2 -> s8,2,False,False,2,"перевірка політики доступу, динамічна побудова маршруту та обхід відмовлених каналів"
high_request_load,sdn_resilient_policy,high_request_load_f035,u06,guest,srv_internet,internet,True,allow,False,s7 -> s4 -> s2 -> s1,3,False,False,3,"перевірка політики доступу, динамічна побудова маршруту та обхід відмовлених каналів"
high_request_load,sdn_resilient_policy,high_request_load_f036,u07,guest,srv_internet,internet,True,allow,False,s7 -> s4 -> s2 -> s1,3,False,False,3,"перевірка політики доступу, динамічна побудова маршруту та обхід відмовлених каналів"
high_request_load,sdn_resilient_policy,high_request_load_f037,u03,student,srv_lms,lms,True,allow,False,s7 -> s4 -> s2 -> s8,3,False,False,3,"перевірка політики доступу, динамічна побудова маршруту та обхід відмовлених каналів"
high_request_load,sdn_resilient_policy,high_request_load_f038,u08,admin,srv_lms,lms,True,allow,False,s9 -> s4 -> s2 -> s8,3,False,False,3,"перевірка політики доступу, динамічна побудова маршруту та обхід відмовлених каналів"
high_request_load,sdn_resilient_policy,high_request_load_f039,u03,student,srv_admin,admin,False,deny,False,,0,False,False,0,доступ заборонено політикою RBAC: роль student -> сервіс admin
high_request_load,sdn_resilient_policy,high_request_load_f040,u02,student,srv_video,video,True,allow,False,s5 -> s2 -> s8,2,False,False,2,"перевірка політики доступу, динамічна побудова маршруту та обхід відмовлених каналів"
high_request_load,sdn_resilient_policy,high_request_load_f041,u09,admin,srv_internet,internet,True,allow,False,s9 -> s4 -> s2 -> s1,3,False,False,3,"перевірка політики доступу, динамічна побудова маршруту та обхід відмовлених каналів"
high_request_load,sdn_resilient_policy,high_request_load_f042,u10,blocked,srv_file,file,False,deny,False,,0,False,False,0,доступ заборонено політикою RBAC: роль blocked -> сервіс file
high_request_load,sdn_resilient_policy,high_request_load_f043,u03,student,srv_video,video,True,allow,False,s7 -> s4 -> s2 -> s8,3,False,False,3,"перевірка політики доступу, динамічна побудова маршруту та обхід відмовлених каналів"
high_request_load,sdn_resilient_policy,high_request_load_f044,u03,student,srv_internet,internet,True,allow,False,s7 -> s4 -> s2 -> s1,3,False,False,3,"перевірка політики доступу, динамічна побудова маршруту та обхід відмовлених каналів"
high_request_load,sdn_resilient_policy,high_request_load_f045,u11,blocked,srv_file,file,False,deny,False,,0,False,False,0,доступ заборонено політикою RBAC: роль blocked -> сервіс file
high_request_load,sdn_resilient_policy,high_request_load_f046,u08,admin,srv_lms,lms,True,allow,False,s9 -> s4 -> s2 -> s8,3,False,False,3,"перевірка політики доступу, динамічна побудова маршруту та обхід відмовлених каналів"
high_request_load,sdn_resilient_policy,high_request_load_f047,u05,teacher,srv_file,file,True,allow,False,s6 -> s3 -> s1 -> s8,3,False,False,3,"перевірка політики доступу, динамічна побудова маршруту та обхід відмовлених каналів"
high_request_load,sdn_resilient_policy,high_request_load_f048,u04,teacher,srv_file,file,True,allow,False,s6 -> s3 -> s1 -> s8,3,False,False,3,"перевірка політики доступу, динамічна побудова маршруту та обхід відмовлених каналів"
high_request_load,sdn_resilient_policy,high_request_load_f049,u05,teacher,srv_file,file,True,allow,False,s6 -> s3 -> s1 -> s8,3,False,False,3,"перевірка політики доступу, динамічна побудова маршруту та обхід відмовлених каналів"
high_request_load,sdn_resilient_policy,high_request_load_f050,u04,teacher,srv_lms,lms,True,allow,False,s6 -> s3 -> s1 -> s8,3,False,False,3,"перевірка політики доступу, динамічна побудова маршруту та обхід відмовлених каналів"
high_request_load,sdn_resilient_policy,high_request_load_f051,u01,student,srv_lms,lms,True,allow,False,s5 -> s2 -> s8,2,False,False,2,"перевірка політики доступу, динамічна побудова маршруту та обхід відмовлених каналів"
high_request_load,sdn_resilient_policy,high_request_load_f052,u02,student,srv_video,video,True,allow,False,s5 -> s2 -> s8,2,False,False,2,"перевірка політики доступу, динамічна побудова маршруту та обхід відмовлених каналів"
high_request_load,sdn_resilient_policy,high_request_load_f053,u05,teacher,srv_admin,admin,False,deny,False,,0,False,False,0,доступ заборонено політикою RBAC: роль teacher -> сервіс admin
high_request_load,sdn_resilient_policy,high_request_load_f054,u09,admin,srv_lms,lms,True,allow,False,s9 -> s4 -> s2 -> s8,3,False,False,3,"перевірка політики доступу, динамічна побудова маршруту та обхід відмовлених каналів"
high_request_load,sdn_resilient_policy,high_request_load_f055,u02,student,srv_internet,internet,True,allow,False,s5 -> s3 -> s1,2,False,False,2,"перевірка політики доступу, динамічна побудова маршруту та обхід відмовлених каналів"
high_request_load,sdn_resilient_policy,high_request_load_f056,u06,guest,srv_internet,internet,True,allow,False,s7 -> s4 -> s2 -> s1,3,False,False,3,"перевірка політики доступу, динамічна побудова маршруту та обхід відмовлених каналів"
high_request_load,sdn_resilient_policy,high_request_load_f057,u09,admin,srv_video,video,True,allow,False,s9 -> s4 -> s2 -> s8,3,False,False,3,"перевірка політики доступу, динамічна побудова маршруту та обхід відмовлених каналів"
high_request_load,sdn_resilient_policy,high_request_load_f058,u02,student,srv_internet,internet,True,allow,False,s5 -> s3 -> s1,2,False,False,2,"перевірка політики доступу, динамічна побудова маршруту та обхід відмовлених каналів"
high_request_load,sdn_resilient_policy,high_request_load_f059,u02,student,srv_video,video,True,allow,False,s5 -> s2 -> s8,2,False,False,2,"перевірка політики доступу, динамічна побудова маршруту та обхід відмовлених каналів"
high_request_load,sdn_resilient_policy,high_request_load_f060,u03,student,srv_admin,admin,False,deny,False,,0,False,False,0,доступ заборонено політикою RBAC: роль student -> сервіс admin
high_request_load,sdn_resilient_policy,high_request_load_f061,u08,admin,srv_db,database,True,allow,False,s9 -> s4 -> s2 -> s8,3,False,False,3,"перевірка політики доступу, динамічна побудова маршруту та обхід відмовлених каналів"
high_request_load,sdn_resilient_policy,high_request_load_f062,u08,admin,srv_file,file,True,allow,False,s9 -> s4 -> s2 -> s8,3,False,False,3,"перевірка політики доступу, динамічна побудова маршруту та обхід відмовлених каналів"
high_request_load,sdn_resilient_policy,high_request_load_f063,u02,student,srv_file,file,False,deny,False,,0,False,False,0,доступ заборонено політикою RBAC: роль student -> сервіс file
high_request_load,sdn_resilient_policy,high_request_load_f064,u09,admin,srv_db,database,True,allow,False,s9 -> s4 -> s2 -> s8,3,False,False,3,"перевірка політики доступу, динамічна побудова маршруту та обхід відмовлених каналів"
high_request_load,sdn_resilient_policy,high_request_load_f065,u07,guest,srv_file,file,False,deny,False,,0,False,False,0,доступ заборонено політикою RBAC: роль guest -> сервіс file
high_request_load,sdn_resilient_policy,high_request_load_f066,u02,student,srv_admin,admin,False,deny,False,,0,False,False,0,доступ заборонено політикою RBAC: роль student -> сервіс admin
high_request_load,sdn_resilient_policy,high_request_load_f067,u10,blocked,srv_internet,internet,False,deny,False,,0,False,False,0,доступ заборонено політикою RBAC: роль blocked -> сервіс internet
high_request_load,sdn_resilient_policy,high_request_load_f068,u08,admin,srv_admin,admin,True,allow,False,s9,0,False,False,0,"перевірка політики доступу, динамічна побудова маршруту та обхід відмовлених каналів"
high_request_load,sdn_resilient_policy,high_request_load_f069,u11,blocked,srv_lms,lms,False,deny,False,,0,False,False,0,доступ заборонено політикою RBAC: роль blocked -> сервіс lms
high_request_load,sdn_resilient_policy,high_request_load_f070,u05,teacher,srv_video,video,True,allow,False,s6 -> s3 -> s1 -> s8,3,False,False,3,"перевірка політики доступу, динамічна побудова маршруту та обхід відмовлених каналів"
high_request_load,sdn_resilient_policy,high_request_load_f071,u07,guest,srv_lms,lms,False,deny,False,,0,False,False,0,доступ заборонено політикою RBAC: роль guest -> сервіс lms
high_request_load,sdn_resilient_policy,high_request_load_f072,u06,guest,srv_db,database,False,deny,False,,0,False,False,0,доступ заборонено політикою RBAC: роль guest -> сервіс database
high_request_load,sdn_resilient_policy,high_request_load_f073,u09,admin,srv_admin,admin,True,allow,False,s9,0,False,False,0,"перевірка політики доступу, динамічна побудова маршруту та обхід відмовлених каналів"
high_request_load,sdn_resilient_policy,high_request_load_f074,u08,admin,srv_internet,internet,True,allow,False,s9 -> s4 -> s2 -> s1,3,False,False,3,"перевірка політики доступу, динамічна побудова маршруту та обхід відмовлених каналів"
high_request_load,sdn_resilient_policy,high_request_load_f075,u06,guest,srv_internet,internet,True,allow,False,s7 -> s4 -> s2 -> s1,3,False,False,3,"перевірка політики доступу, динамічна побудова маршруту та обхід відмовлених каналів"
high_request_load,sdn_resilient_policy,high_request_load_f076,u02,student,srv_video,video,True,allow,False,s5 -> s2 -> s8,2,False,False,2,"перевірка політики доступу, динамічна побудова маршруту та обхід відмовлених каналів"
high_request_load,sdn_resilient_policy,high_request_load_f077,u02,student,srv_video,video,True,allow,False,s5 -> s2 -> s8,2,False,False,2,"перевірка політики доступу, динамічна побудова маршруту та обхід відмовлених каналів"
high_request_load,sdn_resilient_policy,high_request_load_f078,u03,student,srv_db,database,False,deny,False,,0,False,False,0,доступ заборонено політикою RBAC: роль student -> сервіс database
high_request_load,sdn_resilient_policy,high_request_load_f079,u11,blocked,srv_db,database,False,deny,False,,0,False,False,0,доступ заборонено політикою RBAC: роль blocked -> сервіс database
high_request_load,sdn_resilient_policy,high_request_load_f080,u08,admin,srv_db,database,True,allow,False,s9 -> s4 -> s2 -> s8,3,False,False,3,"перевірка політики доступу, динамічна побудова маршруту та обхід відмовлених каналів"
high_request_load,sdn_resilient_policy,high_request_load_f081,u03,student,srv_admin,admin,False,deny,False,,0,False,False,0,доступ заборонено політикою RBAC: роль student -> сервіс admin
high_request_load,sdn_resilient_policy,high_request_load_f082,u04,teacher,srv_admin,admin,False,deny,False,,0,False,False,0,доступ заборонено політикою RBAC: роль teacher -> сервіс admin
high_request_load,sdn_resilient_policy,high_request_load_f083,u06,guest,srv_internet,internet,True,allow,False,s7 -> s4 -> s2 -> s1,3,False,False,3,"перевірка політики доступу, динамічна побудова маршруту та обхід відмовлених каналів"
high_request_load,sdn_resilient_policy,high_request_load_f084,u09,admin,srv_file,file,True,allow,False,s9 -> s4 -> s2 -> s8,3,False,False,3,"перевірка політики доступу, динамічна побудова маршруту та обхід відмовлених каналів"
high_request_load,sdn_resilient_policy,high_request_load_f085,u11,blocked,srv_video,video,False,deny,False,,0,False,False,0,доступ заборонено політикою RBAC: роль blocked -> сервіс video
high_request_load,sdn_resilient_policy,high_request_load_f086,u01,student,srv_lms,lms,True,allow,False,s5 -> s2 -> s8,2,False,False,2,"перевірка політики доступу, динамічна побудова маршруту та обхід відмовлених каналів"
high_request_load,sdn_resilient_policy,high_request_load_f087,u06,guest,srv_internet,internet,True,allow,False,s7 -> s4 -> s2 -> s1,3,False,False,3,"перевірка політики доступу, динамічна побудова маршруту та обхід відмовлених каналів"
high_request_load,sdn_resilient_policy,high_request_load_f088,u07,guest,srv_internet,internet,True,allow,False,s7 -> s4 -> s2 -> s1,3,False,False,3,"перевірка політики доступу, динамічна побудова маршруту та обхід відмовлених каналів"
high_request_load,sdn_resilient_policy,high_request_load_f089,u08,admin,srv_video,video,True,allow,False,s9 -> s4 -> s2 -> s8,3,False,False,3,"перевірка політики доступу, динамічна побудова маршруту та обхід відмовлених каналів"
high_request_load,sdn_resilient_policy,high_request_load_f090,u09,admin,srv_video,video,True,allow,False,s9 -> s4 -> s2 -> s8,3,False,False,3,"перевірка політики доступу, динамічна побудова маршруту та обхід відмовлених каналів"
high_request_load,sdn_resilient_policy,high_request_load_f091,u07,guest,srv_db,database,False,deny,False,,0,False,False,0,доступ заборонено політикою RBAC: роль guest -> сервіс database
high_request_load,sdn_resilient_policy,high_request_load_f092,u03,student,srv_lms,lms,True,allow,False,s7 -> s4 -> s2 -> s8,3,False,False,3,"перевірка політики доступу, динамічна побудова маршруту та обхід відмовлених каналів"
high_request_load,sdn_resilient_policy,high_request_load_f093,u06,guest,srv_internet,internet,True,allow,False,s7 -> s4 -> s2 -> s1,3,False,False,3,"перевірка політики доступу, динамічна побудова маршруту та обхід відмовлених каналів"
high_request_load,sdn_resilient_policy,high_request_load_f094,u07,guest,srv_admin,admin,False,deny,False,,0,False,False,0,доступ заборонено політикою RBAC: роль guest -> сервіс admin
high_request_load,sdn_resilient_policy,high_request_load_f095,u01,student,srv_lms,lms,True,allow,False,s5 -> s2 -> s8,2,False,False,2,"перевірка політики доступу, динамічна побудова маршруту та обхід відмовлених каналів"
high_request_load,sdn_resilient_policy,high_request_load_f096,u07,guest,srv_internet,internet,True,allow,False,s7 -> s4 -> s2 -> s1,3,False,False,3,"перевірка політики доступу, динамічна побудова маршруту та обхід відмовлених каналів"
high_request_load,sdn_resilient_policy,high_request_load_f097,u11,blocked,srv_admin,admin,False,deny,False,,0,False,False,0,доступ заборонено політикою RBAC: роль blocked -> сервіс admin
high_request_load,sdn_resilient_policy,high_request_load_f098,u11,blocked,srv_internet,internet,False,deny,False,,0,False,False,0,доступ заборонено політикою RBAC: роль blocked -> сервіс internet
high_request_load,sdn_resilient_policy,high_request_load_f099,u10,blocked,srv_file,file,False,deny,False,,0,False,False,0,доступ заборонено політикою RBAC: роль blocked -> сервіс file
high_request_load,sdn_resilient_policy,high_request_load_f100,u02,student,srv_video,video,True,allow,False,s5 -> s2 -> s8,2,False,False,2,"перевірка політики доступу, динамічна побудова маршруту та обхід відмовлених каналів"
high_request_load,sdn_resilient_policy,high_request_load_f101,u07,guest,srv_internet,internet,True,allow,False,s7 -> s4 -> s2 -> s1,3,False,False,3,"перевірка політики доступу, динамічна побудова маршруту та обхід відмовлених каналів"
high_request_load,sdn_resilient_policy,high_request_load_f102,u11,blocked,srv_video,video,False,deny,False,,0,False,False,0,доступ заборонено політикою RBAC: роль blocked -> сервіс video
high_request_load,sdn_resilient_policy,high_request_load_f103,u02,student,srv_video,video,True,allow,False,s5 -> s2 -> s8,2,False,False,2,"перевірка політики доступу, динамічна побудова маршруту та обхід відмовлених каналів"
high_request_load,sdn_resilient_policy,high_request_load_f104,u06,guest,srv_internet,internet,True,allow,False,s7 -> s4 -> s2 -> s1,3,False,False,3,"перевірка політики доступу, динамічна побудова маршруту та обхід відмовлених каналів"
high_request_load,sdn_resilient_policy,high_request_load_f105,u01,student,srv_lms,lms,True,allow,False,s5 -> s2 -> s8,2,False,False,2,"перевірка політики доступу, динамічна побудова маршруту та обхід відмовлених каналів"
high_request_load,sdn_resilient_policy,high_request_load_f106,u09,admin,srv_internet,internet,True,allow,False,s9 -> s4 -> s2 -> s1,3,False,False,3,"перевірка політики доступу, динамічна побудова маршруту та обхід відмовлених каналів"
high_request_load,sdn_resilient_policy,high_request_load_f107,u05,teacher,srv_lms,lms,True,allow,False,s6 -> s3 -> s1 -> s8,3,False,False,3,"перевірка політики доступу, динамічна побудова маршруту та обхід відмовлених каналів"
high_request_load,sdn_resilient_policy,high_request_load_f108,u05,teacher,srv_file,file,True,allow,False,s6 -> s3 -> s1 -> s8,3,False,False,3,"перевірка політики доступу, динамічна побудова маршруту та обхід відмовлених каналів"
high_request_load,sdn_resilient_policy,high_request_load_f109,u03,student,srv_lms,lms,True,allow,False,s7 -> s4 -> s2 -> s8,3,False,False,3,"перевірка політики доступу, динамічна побудова маршруту та обхід відмовлених каналів"
high_request_load,sdn_resilient_policy,high_request_load_f110,u08,admin,srv_internet,internet,True,allow,False,s9 -> s4 -> s2 -> s1,3,False,False,3,"перевірка політики доступу, динамічна побудова маршруту та обхід відмовлених каналів"
high_request_load,sdn_resilient_policy,high_request_load_f111,u06,guest,srv_internet,internet,True,allow,False,s7 -> s4 -> s2 -> s1,3,False,False,3,"перевірка політики доступу, динамічна побудова маршруту та обхід відмовлених каналів"
high_request_load,sdn_resilient_policy,high_request_load_f112,u05,teacher,srv_lms,lms,True,allow,False,s6 -> s3 -> s1 -> s8,3,False,False,3,"перевірка політики доступу, динамічна побудова маршруту та обхід відмовлених каналів"
high_request_load,sdn_resilient_policy,high_request_load_f113,u11,blocked,srv_video,video,False,deny,False,,0,False,False,0,доступ заборонено політикою RBAC: роль blocked -> сервіс video
high_request_load,sdn_resilient_policy,high_request_load_f114,u02,student,srv_internet,internet,True,allow,False,s5 -> s3 -> s1,2,False,False,2,"перевірка політики доступу, динамічна побудова маршруту та обхід відмовлених каналів"
high_request_load,sdn_resilient_policy,high_request_load_f115,u08,admin,srv_internet,internet,True,allow,False,s9 -> s4 -> s2 -> s1,3,False,False,3,"перевірка політики доступу, динамічна побудова маршруту та обхід відмовлених каналів"
high_request_load,sdn_resilient_policy,high_request_load_f116,u10,blocked,srv_admin,admin,False,deny,False,,0,False,False,0,доступ заборонено політикою RBAC: роль blocked -> сервіс admin
high_request_load,sdn_resilient_policy,high_request_load_f117,u02,student,srv_admin,admin,False,deny,False,,0,False,False,0,доступ заборонено політикою RBAC: роль student -> сервіс admin
high_request_load,sdn_resilient_policy,high_request_load_f118,u08,admin,srv_admin,admin,True,allow,False,s9,0,False,False,0,"перевірка політики доступу, динамічна побудова маршруту та обхід відмовлених каналів"
high_request_load,sdn_resilient_policy,high_request_load_f119,u07,guest,srv_internet,internet,True,allow,False,s7 -> s4 -> s2 -> s1,3,False,False,3,"перевірка політики доступу, динамічна побудова маршруту та обхід відмовлених каналів"
high_request_load,sdn_resilient_policy,high_request_load_f120,u06,guest,srv_internet,internet,True,allow,False,s7 -> s4 -> s2 -> s1,3,False,False,3,"перевірка політики доступу, динамічна побудова маршруту та обхід відмовлених каналів"
high_request_load,sdn_resilient_policy,high_request_load_f121,u09,admin,srv_video,video,True,allow,False,s9 -> s4 -> s2 -> s8,3,False,False,3,"перевірка політики доступу, динамічна побудова маршруту та обхід відмовлених каналів"
high_request_load,sdn_resilient_policy,high_request_load_f122,u09,admin,srv_db,database,True,allow,False,s9 -> s4 -> s2 -> s8,3,False,False,3,"перевірка політики доступу, динамічна побудова маршруту та обхід відмовлених каналів"
high_request_load,sdn_resilient_policy,high_request_load_f123,u03,student,srv_internet,internet,True,allow,False,s7 -> s4 -> s2 -> s1,3,False,False,3,"перевірка політики доступу, динамічна побудова маршруту та обхід відмовлених каналів"
high_request_load,sdn_resilient_policy,high_request_load_f124,u09,admin,srv_lms,lms,True,allow,False,s9 -> s4 -> s2 -> s8,3,False,False,3,"перевірка політики доступу, динамічна побудова маршруту та обхід відмовлених каналів"
high_request_load,sdn_resilient_policy,high_request_load_f125,u03,student,srv_video,video,True,allow,False,s7 -> s4 -> s2 -> s8,3,False,False,3,"перевірка політики доступу, динамічна побудова маршруту та обхід відмовлених каналів"
high_request_load,sdn_resilient_policy,high_request_load_f126,u09,admin,srv_video,video,True,allow,False,s9 -> s4 -> s2 -> s8,3,False,False,3,"перевірка політики доступу, динамічна побудова маршруту та обхід відмовлених каналів"
high_request_load,sdn_resilient_policy,high_request_load_f127,u05,teacher,srv_db,database,False,deny,False,,0,False,False,0,доступ заборонено політикою RBAC: роль teacher -> сервіс database
high_request_load,sdn_resilient_policy,high_request_load_f128,u05,teacher,srv_internet,internet,True,allow,False,s6 -> s3 -> s1,2,False,False,2,"перевірка політики доступу, динамічна побудова маршруту та обхід відмовлених каналів"
high_request_load,sdn_resilient_policy,high_request_load_f129,u03,student,srv_video,video,True,allow,False,s7 -> s4 -> s2 -> s8,3,False,False,3,"перевірка політики доступу, динамічна побудова маршруту та обхід відмовлених каналів"
high_request_load,sdn_resilient_policy,high_request_load_f130,u11,blocked,srv_admin,admin,False,deny,False,,0,False,False,0,доступ заборонено політикою RBAC: роль blocked -> сервіс admin
high_request_load,sdn_resilient_policy,high_request_load_f131,u10,blocked,srv_internet,internet,False,deny,False,,0,False,False,0,доступ заборонено політикою RBAC: роль blocked -> сервіс internet
high_request_load,sdn_resilient_policy,high_request_load_f132,u11,blocked,srv_video,video,False,deny,False,,0,False,False,0,доступ заборонено політикою RBAC: роль blocked -> сервіс video
high_request_load,sdn_resilient_policy,high_request_load_f133,u10,blocked,srv_db,database,False,deny,False,,0,False,False,0,доступ заборонено політикою RBAC: роль blocked -> сервіс database
high_request_load,sdn_resilient_policy,high_request_load_f134,u11,blocked,srv_db,database,False,deny,False,,0,False,False,0,доступ заборонено політикою RBAC: роль blocked -> сервіс database
high_request_load,sdn_resilient_policy,high_request_load_f135,u08,admin,srv_lms,lms,True,allow,False,s9 -> s4 -> s2 -> s8,3,False,False,3,"перевірка політики доступу, динамічна побудова маршруту та обхід відмовлених каналів"
high_request_load,sdn_resilient_policy,high_request_load_f136,u11,blocked,srv_file,file,False,deny,False,,0,False,False,0,доступ заборонено політикою RBAC: роль blocked -> сервіс file
high_request_load,sdn_resilient_policy,high_request_load_f137,u01,student,srv_admin,admin,False,deny,False,,0,False,False,0,доступ заборонено політикою RBAC: роль student -> сервіс admin
high_request_load,sdn_resilient_policy,high_request_load_f138,u04,teacher,srv_lms,lms,True,allow,False,s6 -> s3 -> s1 -> s8,3,False,False,3,"перевірка політики доступу, динамічна побудова маршруту та обхід відмовлених каналів"
high_request_load,sdn_resilient_policy,high_request_load_f139,u06,guest,srv_internet,internet,True,allow,False,s7 -> s4 -> s2 -> s1,3,False,False,3,"перевірка політики доступу, динамічна побудова маршруту та обхід відмовлених каналів"
high_request_load,sdn_resilient_policy,high_request_load_f140,u03,student,srv_video,video,True,allow,False,s7 -> s4 -> s2 -> s8,3,False,False,3,"перевірка політики доступу, динамічна побудова маршруту та обхід відмовлених каналів"
high_request_load,sdn_resilient_policy,high_request_load_f141,u06,guest,srv_internet,internet,True,allow,False,s7 -> s4 -> s2 -> s1,3,False,False,3,"перевірка політики доступу, динамічна побудова маршруту та обхід відмовлених каналів"
high_request_load,sdn_resilient_policy,high_request_load_f142,u04,teacher,srv_admin,admin,False,deny,False,,0,False,False,0,доступ заборонено політикою RBAC: роль teacher -> сервіс admin
high_request_load,sdn_resilient_policy,high_request_load_f143,u07,guest,srv_internet,internet,True,allow,False,s7 -> s4 -> s2 -> s1,3,False,False,3,"перевірка політики доступу, динамічна побудова маршруту та обхід відмовлених каналів"
high_request_load,sdn_resilient_policy,high_request_load_f144,u03,student,srv_video,video,True,allow,False,s7 -> s4 -> s2 -> s8,3,False,False,3,"перевірка політики доступу, динамічна побудова маршруту та обхід відмовлених каналів"
high_request_load,sdn_resilient_policy,high_request_load_f145,u04,teacher,srv_file,file,True,allow,False,s6 -> s3 -> s1 -> s8,3,False,False,3,"перевірка політики доступу, динамічна побудова маршруту та обхід відмовлених каналів"
high_request_load,sdn_resilient_policy,high_request_load_f146,u08,admin,srv_file,file,True,allow,False,s9 -> s4 -> s2 -> s8,3,False,False,3,"перевірка політики доступу, динамічна побудова маршруту та обхід відмовлених каналів"
high_request_load,sdn_resilient_policy,high_request_load_f147,u08,admin,srv_internet,internet,True,allow,False,s9 -> s4 -> s2 -> s1,3,False,False,3,"перевірка політики доступу, динамічна побудова маршруту та обхід відмовлених каналів"
high_request_load,sdn_resilient_policy,high_request_load_f148,u07,guest,srv_internet,internet,True,allow,False,s7 -> s4 -> s2 -> s1,3,False,False,3,"перевірка політики доступу, динамічна побудова маршруту та обхід відмовлених каналів"
high_request_load,sdn_resilient_policy,high_request_load_f149,u06,guest,srv_file,file,False,deny,False,,0,False,False,0,доступ заборонено політикою RBAC: роль guest -> сервіс file
high_request_load,sdn_resilient_policy,high_request_load_f150,u11,blocked,srv_video,video,False,deny,False,,0,False,False,0,доступ заборонено політикою RBAC: роль blocked -> сервіс video
